transaction_id,Date,Store,Product,Quantity,Price
0,2023-09-15,Berlin-03,TV,1,1587.32
1,2023-09-25,Paris-05,Cables,7,16.57
2,2023-01-12,NYC-02,Keyboard,5,104.6
3,2023-12-30,NYC-02,Laptop,7,1277.95
4,2023-04-13,Tokyo-04,Mouse,7,27.08
5,2023-08-10,Berlin-03,Laptop,9,1377.64
6,2023-08-26,NYC-02,Keyboard,6,103.77
7,2023-01-17,Tokyo-04,Keyboard,1,111.54
8,2023-05-05,Tokyo-04,Keyboard,2,94.0
9,2023-01-31,London-01,Monitor,6,333.02
10,2023-07-31,NYC-02,Cables,8,15.39
11,2023-11-03,Tokyo-04,Monitor,8,336.06
12,2023-12-13,Paris-05,Phone,4,711.76
13,2023-09-15,London-01,Cables,5,15.76
14,2023-07-23,Tokyo-04,TV,6,1710.09
15,2023-02-05,NYC-02,Laptop,7,1294.54
16,2023-01-07,Paris-05,Cables,3,13.32
17,2023-08-19,London-01,TV,6,1485.19
18,2023-01-28,London-01,Keyboard,4,90.48
19,2023-03-27,NYC-02,Cables,9,16.07
20,2023-11-13,Berlin-03,Mouse,1,25.1
21,2023-05-20,NYC-02,Monitor,8,311.12
22,2023-04-15,London-01,Laptop,5,1056.75
23,2023-05-05,Paris-05,Keyboard,2,113.92
24,2023-02-13,London-01,Phone,2,702.0
25,2023-06-29,NYC-02,Cables,9,15.63
26,2023-01-23,London-01,TV,5,1356.47
27,2023-09-17,Tokyo-04,Mouse,1,21.31
28,2023-10-30,NYC-02,TV,7,1375.16
29,2023-11-28,Berlin-03,Phone,9,812.86
30,2023-12-26,Paris-05,Keyboard,2,104.31
31,2023-07-05,Tokyo-04,Laptop,4,1265.5
32,2023-01-13,Tokyo-04,Monitor,5,255.32
33,2023-11-05,London-01,Mouse,6,24.74
34,2023-10-27,Tokyo-04,TV,7,1612.53
35,2023-11-02,London-01,Mouse,1,27.55
36,2023-11-27,Paris-05,Monitor,4,260.63
37,2023-08-29,Tokyo-04,Keyboard,3,92.98
38,2023-06-10,Paris-05,TV,1,1555.3
39,2023-10-13,Tokyo-04,Monitor,8,333.36
40,2023-06-11,NYC-02,Monitor,1,325.59
41,2023-06-03,London-01,Laptop,9,1198.57
42,2023-12-30,Tokyo-04,TV,3,1561.35
43,2023-05-26,NYC-02,Cables,9,12.8
44,2023-10-07,Paris-05,TV,5,1377.16
45,2023-02-06,Berlin-03,Keyboard,3,102.4
46,2023-10-15,Tokyo-04,TV,6,1348.91
47,2023-07-23,NYC-02,Monitor,8,319.41
48,2023-06-07,Berlin-03,Laptop,3,1355.69
49,2023-03-06,London-01,Monitor,8,321.48
50,2023-07-15,London-01,Cables,7,14.86
51,2023-12-16,Berlin-03,Cables,6,13.96
52,2023-09-06,Tokyo-04,TV,6,1652.44
53,2023-11-10,Paris-05,Monitor,3,279.92
54,2023-12-08,Paris-05,Monitor,2,312.63
55,2023-02-07,NYC-02,Phone,3,896.61
56,2023-05-10,Berlin-03,Monitor,2,278.13
57,2023-12-28,Berlin-03,Phone,4,812.87
58,2023-07-13,Tokyo-04,TV,9,1467.05
59,2023-04-22,London-01,Cables,7,15.42
60,2023-01-11,Paris-05,Mouse,2,25.82
61,2023-10-17,NYC-02,Cables,7,15.07
62,2023-10-01,Tokyo-04,Phone,1,892.55
63,2023-04-13,Paris-05,Monitor,9,0.0
64,2023-06-13,Berlin-03,Monitor,5,309.47
65,2023-12-09,London-01,Cables,2,16.64
66,2023-02-19,Berlin-03,Mouse,2,21.53
67,2023-07-13,NYC-02,Monitor,4,292.56
68,2023-12-06,London-01,Mouse,6,27.62
69,2023-06-05,Paris-05,Laptop,7,1027.54
70,2023-06-22,London-01,Phone,6,737.03
71,2023-03-09,London-01,Laptop,7,1322.56
72,2023-01-31,Paris-05,Mouse,2,22.34
73,2023-10-12,Paris-05,Mouse,6,22.92
74,2023-12-11,Tokyo-04,Cables,6,13.49
75,2023-03-17,Paris-05,Keyboard,4,113.3
76,2023-04-02,Tokyo-04,Cables,9,16.85
77,2023-08-03,Tokyo-04,Monitor,5,307.56
78,2023-11-06,NYC-02,Cables,5,17.13
79,2023-09-19,London-01,Cables,2,16.99
80,2023-03-18,London-01,Mouse,5,26.38
81,2023-09-13,NYC-02,TV,6,1585.6
82,2023-04-06,Berlin-03,Laptop,6,1106.15
83,2023-04-19,Paris-05,TV,5,1668.47
84,2023-04-18,London-01,Laptop,2,1171.06
85,2023-03-14,NYC-02,Laptop,8,1330.37
86,2023-02-06,Paris-05,Cables,4,13.23
87,2023-11-01,Berlin-03,Cables,4,13.98
88,2023-06-19,Paris-05,Keyboard,2,102.57
89,2023-01-19,Paris-05,Phone,6,734.56
90,2023-12-23,Tokyo-04,Monitor,6,287.28
91,2023-01-09,NYC-02,Cables,1,15.74
92,2023-07-15,Paris-05,Monitor,9,308.24
93,2023-12-09,Paris-05,Cables,1,13.73
94,2023-10-12,Tokyo-04,TV,8,1596.33
95,2023-04-17,NYC-02,Laptop,3,1041.06
96,2023-07-22,Tokyo-04,Phone,9,904.68
97,2023-06-26,London-01,TV,4,1658.26
98,2023-03-01,Paris-05,Monitor,1,311.18
99,2023-09-14,Berlin-03,Laptop,4,1239.99
100,2023-06-01,Paris-05,Monitor,1,314.46
101,2023-07-25,Paris-05,TV,2,1409.25
102,2023-03-11,London-01,Mouse,6,25.59
103,2023-11-23,Paris-05,Monitor,5,308.66
104,2023-07-10,NYC-02,Keyboard,7,99.48
105,2023-08-14,Paris-05,Phone,3,760.95
106,2023-10-02,NYC-02,TV,4,1544.56
107,2023-01-13,Tokyo-04,Keyboard,4,110.38
108,2023-01-22,London-01,Cables,4,16.94
109,2023-12-04,Berlin-03,Phone,9,847.67
110,2023-03-28,London-01,TV,7,1507.61
111,2023-05-24,NYC-02,Cables,8,14.58
112,2023-04-25,Berlin-03,Phone,1,773.2
113,2023-01-27,NYC-02,Phone,5,847.56
114,2023-12-03,Paris-05,Phone,4,799.16
115,2023-05-26,Berlin-03,Laptop,6,1149.47
116,2023-06-07,Paris-05,Cables,6,17.02
117,2023-03-11,Tokyo-04,Laptop,9,1371.15
118,2023-12-18,Tokyo-04,Laptop,6,1179.93
119,2023-07-15,NYC-02,Phone,5,830.95
120,2023-09-16,London-01,Keyboard,5,102.62
121,2023-05-06,Berlin-03,TV,3,1364.75
122,2023-05-20,Paris-05,Mouse,7,22.57
123,2023-11-04,London-01,Cables,6,17.06
124,2023-01-20,Tokyo-04,Monitor,4,327.78
125,2023-08-13,Berlin-03,Mouse,2,26.8
126,2023-01-14,NYC-02,TV,2,1596.81
127,2023-07-07,NYC-02,Cables,4,15.87
128,2023-12-06,Paris-05,Monitor,5,284.66
129,2023-09-16,Paris-05,Monitor,3,331.92
130,2023-02-09,Tokyo-04,Mouse,9,24.9
131,2023-09-21,London-01,Mouse,8,28.63
132,2023-12-22,NYC-02,Keyboard,6,96.29
133,2023-09-01,NYC-02,Monitor,4,270.58
134,2023-09-09,NYC-02,Cables,6,15.73
135,2023-05-07,NYC-02,Cables,6,14.07
136,2023-12-10,NYC-02,Laptop,4,1073.29
137,2023-01-27,NYC-02,Monitor,5,265.23
138,2023-01-05,Paris-05,Cables,3,14.35
139,2023-12-19,Berlin-03,Phone,4,691.89
140,2023-09-04,London-01,Monitor,8,256.31
141,2023-02-09,Paris-05,Cables,6,15.67
142,2023-03-09,Paris-05,Cables,1,14.08
143,2023-05-12,Tokyo-04,Laptop,7,1361.72
144,2023-03-01,Berlin-03,Monitor,2,316.41
145,2023-07-16,London-01,Laptop,6,1098.42
146,2023-02-21,Berlin-03,Laptop,6,1379.86
147,2023-03-09,London-01,Monitor,8,300.58
148,2023-08-10,Tokyo-04,Keyboard,5,95.58
149,2023-02-04,Tokyo-04,Keyboard,8,110.87
150,2023-09-21,Paris-05,Cables,9,16.79
151,2023-03-07,NYC-02,Cables,1,16.53
152,2023-11-02,London-01,TV,6,1636.49
153,2023-01-10,Tokyo-04,Phone,4,829.15
154,2023-06-25,Paris-05,Mouse,9,21.7
155,2023-08-11,London-01,Cables,9,13.77
156,2023-03-30,NYC-02,Phone,3,906.27
157,2023-11-16,Tokyo-04,Keyboard,5,87.36
158,2023-05-16,Paris-05,Laptop,2,1236.38
159,2023-04-06,London-01,Keyboard,9,86.76
160,2023-04-08,London-01,Phone,8,886.0
161,2023-12-05,Berlin-03,Monitor,7,303.24
162,2023-09-19,Berlin-03,Mouse,7,22.06
163,2023-08-24,London-01,Keyboard,8,85.12
164,2023-02-17,London-01,TV,9,1368.07
165,2023-11-26,Berlin-03,Mouse,7,28.65
166,2023-09-07,Berlin-03,Mouse,7,26.81
167,2023-09-23,Paris-05,Keyboard,6,91.65
168,2023-11-10,Berlin-03,Phone,7,891.71
169,2023-04-13,Berlin-03,Cables,6,15.89
170,2023-06-14,Berlin-03,Mouse,8,26.15
171,2023-06-11,Tokyo-04,Cables,8,13.89
172,2023-04-14,Paris-05,TV,9,1405.02
173,2023-05-07,Tokyo-04,Cables,9,15.28
174,2023-11-29,Paris-05,Phone,9,802.18
175,2023-03-20,NYC-02,Mouse,6,23.18
176,2023-09-05,Tokyo-04,Phone,8,898.06
177,2023-07-30,Paris-05,Keyboard,8,113.52
178,2023-01-02,Berlin-03,Mouse,4,26.39
179,2023-11-20,Tokyo-04,Laptop,6,1347.09
180,2023-09-14,Berlin-03,Keyboard,9,113.54
181,2023-04-24,London-01,Cables,9,13.83
182,2023-06-18,Berlin-03,Cables,6,15.23
183,2023-12-13,Tokyo-04,TV,8,1534.75
184,2023-01-19,Tokyo-04,Mouse,7,22.7
185,2023-02-09,Paris-05,Cables,6,14.86
186,2023-09-14,Berlin-03,Phone,5,852.39
187,2023-10-01,London-01,Mouse,3,22.42
188,2023-12-04,Tokyo-04,Mouse,2,27.6
189,2023-02-02,Tokyo-04,Phone,3,783.73
190,2023-04-17,UNKNOWN,Cables,9,13.15
191,2023-09-04,Tokyo-04,Mouse,2,28.27
192,2023-07-01,London-01,Monitor,9,344.72
193,2023-07-25,Berlin-03,Mouse,4,28.39
194,2023-02-13,Berlin-03,Cables,6,14.09
195,2023-01-02,London-01,Laptop,5,1187.15
196,2023-07-07,London-01,Keyboard,8,106.79
197,2023-11-06,Paris-05,Monitor,4,310.4
198,2023-01-25,London-01,Keyboard,8,101.33
199,2023-03-04,Berlin-03,Cables,6,13.22
200,2023-08-04,London-01,Mouse,2,21.88
201,2023-12-17,Tokyo-04,Cables,9,13.03
202,2023-11-01,Tokyo-04,Laptop,7,1147.82
203,2023-08-07,London-01,Mouse,2,25.36
204,2023-01-16,Paris-05,Laptop,6,1156.04
205,2023-05-03,Tokyo-04,TV,6,1529.85
206,2023-12-27,Tokyo-04,TV,2,1351.8
207,2023-07-22,Berlin-03,Monitor,4,287.15
208,2023-08-17,Paris-05,TV,4,1673.35
209,2023-07-16,Tokyo-04,Monitor,2,331.06
210,2023-06-29,NYC-02,Laptop,3,1332.37
211,2023-01-29,Berlin-03,Cables,6,14.02
212,2023-01-01,Tokyo-04,Cables,6,13.3
213,2023-05-11,Berlin-03,Phone,6,810.15
214,2023-10-19,Berlin-03,Laptop,4,1142.07
215,2023-08-26,Tokyo-04,Phone,9,906.26
216,2023-09-26,Paris-05,TV,5,1468.59
217,2023-01-14,London-01,Keyboard,6,109.9
218,2023-11-03,Tokyo-04,Monitor,6,268.51
219,2023-07-21,NYC-02,Mouse,5,21.86
220,2023-11-30,NYC-02,Cables,9,13.42
221,2023-10-22,London-01,Laptop,6,1187.4
222,2023-07-14,Tokyo-04,Cables,1,15.84
223,2023-10-25,Paris-05,Keyboard,8,98.08
224,2023-12-31,Tokyo-04,Mouse,6,25.59
225,2023-09-18,London-01,Monitor,5,320.83
226,2023-11-12,Tokyo-04,Cables,1,14.75
227,2023-11-03,Berlin-03,Monitor,2,313.12
228,2023-04-29,NYC-02,TV,9,1376.85
229,2023-05-26,NYC-02,Phone,6,735.61
230,2023-06-14,UNKNOWN,Keyboard,6,95.57
231,2023-08-18,Paris-05,Mouse,2,27.56
232,2023-10-09,Berlin-03,TV,1,1602.68
233,2023-07-03,Tokyo-04,TV,5,1316.29
234,2023-08-08,Berlin-03,Monitor,1,320.55
235,2023-06-06,London-01,Keyboard,7,90.84
236,2023-12-02,NYC-02,Mouse,3,27.83
237,2023-12-12,London-01,Phone,1,900.25
238,2023-04-30,Tokyo-04,Cables,9,15.55
239,2023-05-04,NYC-02,Mouse,9,23.14
240,2023-04-27,Berlin-03,Keyboard,6,104.91
241,2023-02-07,NYC-02,Cables,8,16.51
242,2023-02-01,NYC-02,Keyboard,4,102.6
243,2023-04-05,Paris-05,Monitor,8,309.81
244,2023-02-22,Berlin-03,Laptop,1,1083.17
245,2023-08-03,London-01,Laptop,2,1320.41
246,2023-08-27,Paris-05,Mouse,5,24.4
247,2023-03-20,Paris-05,TV,7,1470.31
248,2023-11-04,NYC-02,Keyboard,7,109.62
249,2023-02-17,Paris-05,TV,3,1687.54
250,2023-01-24,Tokyo-04,Mouse,3,25.68
251,2023-12-01,London-01,Monitor,3,301.92
252,2023-04-06,Berlin-03,Cables,5,15.19
253,2023-05-07,Paris-05,Phone,4,718.81
254,2023-01-30,Berlin-03,Mouse,2,28.0
255,2023-07-03,NYC-02,Keyboard,7,85.59
256,2023-08-05,London-01,Mouse,5,23.95
257,2023-07-25,Tokyo-04,Cables,7,15.39
258,2023-04-06,Berlin-03,TV,4,1349.83
259,2023-06-21,Paris-05,Monitor,7,255.05
260,2023-09-18,London-01,Keyboard,9,94.68
261,2023-11-22,London-01,Phone,3,740.46
262,2023-11-30,London-01,Cables,2,13.57
263,2023-02-09,London-01,Keyboard,6,102.49
264,2023-01-05,Paris-05,TV,6,1702.31
265,2023-10-27,Tokyo-04,Cables,3,14.01
266,2023-10-18,Berlin-03,Mouse,7,28.6
267,2023-07-19,London-01,Keyboard,1,85.46
268,2023-08-09,NYC-02,Phone,3,914.29
269,2023-04-29,London-01,Cables,6,16.42
270,2023-01-21,Tokyo-04,Mouse,5,27.47
271,2023-03-21,NYC-02,Mouse,9,25.58
272,2023-06-26,Paris-05,TV,8,1556.97
273,2023-01-31,London-01,TV,5,1588.64
274,2023-03-08,London-01,Keyboard,7,85.35
275,2023-02-06,London-01,Laptop,3,1168.19
276,2023-10-14,Tokyo-04,TV,9,1600.62
277,2023-01-03,London-01,Keyboard,4,109.55
278,2023-05-28,Tokyo-04,Laptop,7,1124.19
279,2023-12-27,NYC-02,Monitor,2,273.07
280,2023-10-16,NYC-02,Cables,5,14.28
281,2023-04-10,London-01,Keyboard,7,108.57
282,2023-03-28,NYC-02,TV,4,1630.87
283,2023-12-25,NYC-02,Phone,6,813.54
284,2023-12-10,London-01,Phone,5,684.58
285,2023-03-26,Paris-05,Monitor,4,305.81
286,2023-07-18,Paris-05,Cables,3,13.51
287,2023-02-27,NYC-02,Keyboard,6,105.94
288,2023-01-25,NYC-02,Laptop,4,1269.05
289,2023-09-25,Paris-05,Monitor,9,315.46
290,2023-04-21,London-01,Mouse,3,22.38
291,2023-10-25,Berlin-03,Keyboard,7,94.52
292,2023-01-03,Berlin-03,Keyboard,5,0.0
293,2023-10-15,London-01,TV,2,1333.34
294,2023-06-01,NYC-02,TV,3,1398.77
295,2023-12-08,London-01,TV,4,1456.99
296,2023-10-28,Berlin-03,Mouse,4,23.06
297,2023-11-18,NYC-02,TV,8,1657.61
298,2023-04-01,London-01,TV,3,1427.06
299,2023-12-13,London-01,Phone,8,856.62
300,2023-05-10,Paris-05,Monitor,2,333.41
301,2023-03-21,Paris-05,Keyboard,2,102.89
302,2023-01-16,London-01,Mouse,8,23.22
303,2023-07-21,Berlin-03,Cables,3,17.06
304,2023-06-09,London-01,Monitor,8,316.4
305,2023-08-24,Paris-05,TV,8,1537.24
306,2023-12-30,Paris-05,Phone,6,890.43
307,2023-12-10,NYC-02,Mouse,8,26.27
308,2023-08-01,NYC-02,Laptop,2,1219.76
309,2023-10-04,Tokyo-04,Laptop,1,1166.76
310,2023-11-07,Berlin-03,TV,5,1285.9
311,2023-07-30,NYC-02,Laptop,7,1087.17
312,2023-07-04,Berlin-03,Cables,1,15.84
313,2023-02-27,NYC-02,Cables,4,13.01
314,2023-04-25,London-01,Keyboard,9,94.03
315,2023-10-18,London-01,Phone,2,730.02
316,2023-07-31,NYC-02,Keyboard,8,95.8
317,2023-02-22,London-01,Keyboard,2,92.94
318,2023-10-29,Paris-05,Monitor,6,280.59
319,2023-09-16,Tokyo-04,Laptop,8,1230.66
320,2023-07-08,NYC-02,Cables,9,15.48
321,2023-04-29,NYC-02,Cables,1,14.14
322,2023-01-18,Berlin-03,Cables,7,15.79
323,2023-08-15,NYC-02,Cables,9,15.6
324,2023-12-10,Paris-05,Monitor,7,322.35
325,2023-10-19,UNKNOWN,Monitor,1,286.55
326,2023-03-12,Tokyo-04,TV,3,1535.99
327,2023-06-23,Paris-05,Cables,6,13.41
328,2023-07-29,Paris-05,Laptop,5,1194.25
329,2023-06-26,London-01,Keyboard,7,111.15
330,2023-12-29,Paris-05,TV,9,1539.97
331,2023-07-28,London-01,Cables,7,15.71
332,2023-08-20,Berlin-03,Monitor,7,293.76
333,2023-06-19,Paris-05,Keyboard,4,113.67
334,2023-08-07,London-01,Mouse,5,23.24
335,2023-11-30,London-01,Mouse,1,22.22
336,2023-07-29,NYC-02,Phone,9,917.24
337,2023-02-21,Tokyo-04,Mouse,8,24.76
338,2023-12-23,London-01,Cables,8,13.66
339,2023-02-08,London-01,Keyboard,7,97.11
340,2023-01-31,Tokyo-04,Cables,5,13.92
341,2023-09-11,Paris-05,Keyboard,7,96.39
342,2023-07-29,Paris-05,Mouse,1,22.58
343,2023-08-19,NYC-02,Laptop,2,1043.72
344,2023-06-09,Berlin-03,Keyboard,2,106.06
345,2023-11-29,Berlin-03,Cables,2,17.09
346,2023-02-22,London-01,Laptop,5,1309.59
347,2023-03-28,Tokyo-04,Monitor,2,292.11
348,2023-11-08,Tokyo-04,Phone,4,769.97
349,2023-04-21,Paris-05,Mouse,8,26.97
350,2023-02-05,NYC-02,TV,4,1497.3
351,2023-06-07,Berlin-03,TV,4,1671.16
352,2023-01-19,London-01,TV,9,1577.01
353,2023-01-20,London-01,Cables,8,14.86
354,2023-07-26,Berlin-03,Laptop,6,1087.71
355,2023-10-07,Paris-05,Cables,1,14.48
356,2023-05-07,Paris-05,TV,3,1428.61
357,2023-04-06,Tokyo-04,Mouse,7,26.49
358,2023-11-19,Berlin-03,Laptop,2,1174.97
359,2023-05-02,NYC-02,Phone,6,898.21
360,2023-08-29,NYC-02,Laptop,1,1143.01
361,2023-05-05,Berlin-03,Mouse,1,27.78
362,2023-06-22,Tokyo-04,Cables,9,14.17
363,2023-01-18,Paris-05,Monitor,3,270.86
364,2023-03-20,Tokyo-04,Phone,7,905.81
365,2023-12-30,NYC-02,Cables,4,16.65
366,2023-12-08,Tokyo-04,Phone,6,855.14
367,2023-12-01,NYC-02,Cables,9,14.92
368,2023-07-05,Tokyo-04,TV,8,1434.49
369,2023-02-13,London-01,TV,8,1519.72
370,2023-07-01,NYC-02,Keyboard,5,114.04
371,2023-01-08,London-01,Laptop,8,1105.2
372,2023-06-12,Paris-05,Keyboard,4,109.69
373,2023-12-01,NYC-02,TV,2,1711.76
374,2023-11-28,NYC-02,Keyboard,8,109.08
375,2023-10-02,NYC-02,Keyboard,7,97.39
376,2023-10-07,Paris-05,Laptop,6,1151.3
377,2023-12-05,Paris-05,Phone,9,754.7
378,2023-02-19,London-01,Laptop,1,1352.53
379,2023-06-26,Tokyo-04,Laptop,1,1147.68
380,2023-11-24,Tokyo-04,Keyboard,7,98.76
381,2023-07-22,NYC-02,Laptop,5,1169.38
382,2023-11-13,NYC-02,Monitor,6,309.82
383,2023-07-16,London-01,TV,9,1643.58
384,2023-07-16,Paris-05,TV,7,1458.63
385,2023-01-27,London-01,Phone,4,729.84
386,2023-07-25,NYC-02,Mouse,5,25.08
387,2023-03-25,Paris-05,Monitor,9,280.28
388,2023-09-06,Paris-05,Monitor,6,337.74
389,2023-04-25,Paris-05,Keyboard,6,109.12
390,2023-03-14,Paris-05,Monitor,7,323.96
391,2023-10-02,Paris-05,Cables,8,15.55
392,2023-11-29,Tokyo-04,Mouse,6,25.85
393,2023-08-14,NYC-02,TV,1,1361.44
394,2023-07-11,London-01,Phone,6,868.25
395,2023-01-23,NYC-02,Keyboard,1,99.29
396,2023-04-09,Tokyo-04,Monitor,5,278.35
397,2023-09-14,Berlin-03,Phone,7,883.92
398,2023-07-09,Paris-05,Cables,1,16.19
399,2023-06-17,Berlin-03,Phone,8,910.18
400,2023-08-11,London-01,Keyboard,7,88.4
401,2023-09-20,Berlin-03,Laptop,7,1109.53
402,2023-03-26,Berlin-03,Mouse,5,25.59
403,2023-01-14,London-01,TV,8,1708.04
404,2023-04-14,Paris-05,Laptop,7,1208.82
405,2023-02-12,London-01,Phone,5,892.84
406,2023-10-02,London-01,Phone,9,851.14
407,2023-10-23,Tokyo-04,Mouse,5,26.39
408,2023-09-01,Paris-05,Mouse,4,21.82
409,2023-07-30,Tokyo-04,Cables,2,13.08
410,2023-08-22,NYC-02,Keyboard,2,95.96
411,2023-10-06,Tokyo-04,Mouse,1,23.76
412,2023-07-14,Berlin-03,Phone,8,895.05
413,2023-03-10,Berlin-03,Laptop,9,1062.44
414,2023-04-12,Berlin-03,Mouse,9,24.14
415,2023-03-20,Paris-05,TV,9,1489.52
416,2023-05-09,NYC-02,Mouse,3,21.5
417,2023-06-30,Paris-05,Keyboard,3,102.9
418,2023-11-29,Berlin-03,Phone,5,689.0
419,2023-10-28,London-01,Keyboard,3,92.05
420,2023-09-26,Tokyo-04,Cables,6,13.2
421,2023-02-09,Berlin-03,Cables,6,16.7
422,2023-03-08,Berlin-03,Laptop,1,1191.49
423,2023-08-11,NYC-02,Mouse,8,28.15
424,2023-03-27,London-01,Cables,6,14.52
425,2023-09-24,NYC-02,Cables,1,13.73
426,2023-01-12,Tokyo-04,Monitor,5,281.77
427,2023-06-24,Paris-05,Laptop,2,1315.96
428,2023-06-10,Berlin-03,Laptop,6,1283.58
429,2023-04-14,London-01,Cables,6,13.66
430,2023-04-16,NYC-02,Mouse,2,24.89
431,2023-01-28,NYC-02,Monitor,5,268.55
432,2023-05-04,London-01,Keyboard,6,96.71
433,2023-03-31,London-01,Mouse,7,26.92
434,2023-11-07,Tokyo-04,Phone,9,835.02
435,2023-05-29,Tokyo-04,Cables,4,14.91
436,2023-01-06,NYC-02,Cables,2,17.23
437,2023-09-06,London-01,Mouse,6,22.14
438,2023-08-04,London-01,Laptop,7,1185.74
439,2023-08-24,NYC-02,Phone,6,865.69
440,2023-04-26,Berlin-03,Phone,7,710.81
441,2023-05-18,Tokyo-04,Cables,4,14.8
442,2023-06-29,NYC-02,Monitor,5,287.73
443,2023-12-09,Paris-05,TV,5,1460.79
444,2023-04-20,London-01,Keyboard,2,86.6
445,2023-03-07,NYC-02,Phone,6,767.13
446,2023-06-23,London-01,Laptop,9,1053.41
447,2023-02-08,Paris-05,Mouse,9,21.52
448,2023-03-07,Berlin-03,Keyboard,6,110.18
449,2023-07-08,Tokyo-04,Laptop,8,1192.41
450,2023-04-18,Tokyo-04,Keyboard,1,91.77
451,2023-06-26,London-01,Cables,1,16.32
452,2023-04-05,Paris-05,Monitor,1,334.23
453,2023-11-07,Berlin-03,Phone,3,692.12
454,2023-08-04,Paris-05,Laptop,9,1114.55
455,2023-05-16,Berlin-03,Mouse,4,27.59
456,2023-08-24,NYC-02,TV,3,1345.91
457,2023-11-16,NYC-02,Phone,2,763.74
458,2023-10-07,London-01,Mouse,3,26.63
459,2023-07-27,London-01,Laptop,4,1224.52
460,2023-07-10,Paris-05,Keyboard,7,88.64
461,2023-07-20,Tokyo-04,Cables,4,15.24
462,2023-09-12,Tokyo-04,Phone,6,806.92
463,2023-03-11,Paris-05,Phone,8,794.39
464,2023-06-15,Berlin-03,Keyboard,7,93.47
465,2023-07-25,Berlin-03,Phone,3,708.41
466,2023-08-15,Paris-05,Keyboard,7,87.05
467,2023-09-23,London-01,Laptop,3,1153.86
468,2023-09-09,Tokyo-04,TV,5,1536.53
469,2023-04-27,Berlin-03,Laptop,8,1226.39
470,2023-02-22,London-01,Mouse,3,22.22
471,2023-05-05,NYC-02,Monitor,1,319.73
472,2023-02-12,London-01,Mouse,4,23.51
473,2023-03-09,Paris-05,Phone,9,711.4
474,2023-06-03,London-01,TV,1,1450.41
475,2023-04-06,Tokyo-04,Laptop,8,1134.94
476,2023-04-13,NYC-02,Keyboard,9,98.32
477,2023-04-23,Tokyo-04,Phone,3,894.44
478,2023-12-26,NYC-02,Laptop,5,1188.17
479,2023-11-04,Paris-05,TV,2,1471.27
480,2023-06-05,Paris-05,Cables,7,16.88
481,2023-08-11,London-01,Laptop,4,1364.45
482,2023-02-05,NYC-02,Cables,3,14.81
483,2023-10-06,Tokyo-04,Keyboard,1,93.66
484,2023-11-14,Berlin-03,TV,8,1531.48
485,2023-04-04,London-01,Keyboard,9,92.15
486,2023-09-05,London-01,Cables,4,13.96
487,2023-10-14,London-01,Mouse,4,22.24
488,2023-09-01,Tokyo-04,Laptop,5,1279.63
489,2023-10-10,London-01,Mouse,8,27.35
490,2023-12-02,Paris-05,Cables,1,16.15
491,2023-01-03,Berlin-03,TV,1,1657.4
492,2023-03-20,London-01,Cables,5,12.99
493,2023-08-02,NYC-02,Monitor,6,310.89
494,2023-03-31,London-01,TV,2,1281.49
495,2023-11-18,Paris-05,Monitor,2,294.67
496,2023-02-14,Paris-05,Mouse,9,28.3
497,2023-09-11,London-01,Laptop,9,1080.24
498,2023-06-21,Paris-05,Mouse,5,22.25
499,2023-01-31,NYC-02,Cables,3,14.83
500,2023-04-29,Tokyo-04,Laptop,9,1189.12
501,2023-10-22,Paris-05,Mouse,8,22.78
502,2023-03-12,NYC-02,Phone,8,853.07
503,2023-07-25,Berlin-03,Keyboard,3,96.99
504,2023-11-14,Tokyo-04,Phone,1,863.3
505,2023-06-27,NYC-02,Keyboard,8,97.89
506,2023-06-25,Paris-05,Mouse,6,24.99
507,2023-05-09,Tokyo-04,Phone,3,899.75
508,2023-12-23,Berlin-03,Monitor,4,291.47
509,2023-12-23,Tokyo-04,Monitor,2,293.13
510,2023-04-13,Berlin-03,Cables,8,14.77
511,2023-10-27,London-01,TV,6,1645.51
512,2023-12-22,Tokyo-04,Mouse,6,21.57
513,2023-07-24,NYC-02,Mouse,8,24.69
514,2023-07-15,Paris-05,Keyboard,7,89.8
515,2023-08-09,Tokyo-04,Laptop,3,1320.35
516,2023-05-04,NYC-02,TV,8,1505.46
517,2023-12-08,London-01,Phone,7,842.48
518,2023-03-22,Paris-05,Monitor,3,260.97
519,2023-04-29,London-01,TV,9,0.0
520,2023-04-27,Paris-05,Monitor,9,0.0
521,2023-07-14,London-01,Keyboard,1,103.96
522,2023-02-25,Tokyo-04,TV,2,1352.3
523,2023-05-04,Berlin-03,Phone,7,785.04
524,2023-07-22,NYC-02,Monitor,9,313.16
525,2023-01-29,London-01,TV,8,1611.53
526,2023-11-30,NYC-02,Monitor,5,259.18
527,2023-02-11,London-01,Laptop,8,1219.1
528,2023-10-15,NYC-02,Laptop,1,1054.26
529,2023-07-08,NYC-02,Phone,9,864.34
530,2023-02-11,Tokyo-04,Phone,6,888.16
531,2023-09-04,Tokyo-04,Cables,2,12.82
532,2023-07-23,NYC-02,Monitor,4,255.37
533,2023-06-18,London-01,Cables,2,13.33
534,2023-08-06,NYC-02,TV,5,1603.86
535,2023-06-23,Paris-05,Monitor,1,270.09
536,2023-07-02,London-01,Cables,7,16.14
537,2023-01-18,Tokyo-04,Keyboard,3,113.65
538,2023-01-16,Berlin-03,Phone,5,693.03
539,2023-06-05,NYC-02,Cables,6,16.18
540,2023-05-28,UNKNOWN,Keyboard,5,93.86
541,2023-08-31,NYC-02,Cables,1,13.16
542,2023-08-28,Paris-05,Laptop,8,1208.15
543,2023-09-14,NYC-02,Monitor,8,295.28
544,2023-05-21,Berlin-03,Phone,3,810.99
545,2023-08-10,Tokyo-04,Mouse,3,22.83
546,2023-04-19,NYC-02,Keyboard,3,87.29
547,2023-06-17,London-01,Keyboard,6,87.33
548,2023-02-01,Berlin-03,Keyboard,8,110.92
549,2023-04-08,NYC-02,Keyboard,5,110.93
550,2023-03-08,Berlin-03,Cables,8,13.22
551,2023-08-20,UNKNOWN,TV,9,1684.18
552,2023-04-01,Tokyo-04,Monitor,5,275.74
553,2023-11-05,NYC-02,Cables,9,12.84
554,2023-03-24,NYC-02,Keyboard,7,92.45
555,2023-05-24,London-01,Mouse,6,28.3
556,2023-06-30,Berlin-03,Phone,2,770.8
557,2023-03-09,London-01,Phone,9,794.26
558,2023-05-23,Paris-05,Keyboard,3,112.84
559,2023-05-15,London-01,Monitor,8,297.8
560,2023-02-11,Paris-05,Monitor,9,286.3
561,2023-07-16,NYC-02,Phone,8,855.47
562,2023-02-27,NYC-02,TV,8,1541.3
563,2023-12-10,Tokyo-04,Laptop,5,1023.61
564,2023-12-04,Paris-05,Phone,9,753.27
565,2023-02-08,Tokyo-04,Cables,3,13.25
566,2023-02-20,Paris-05,Phone,9,847.36
567,2023-03-23,Tokyo-04,Keyboard,7,91.3
568,2023-09-07,NYC-02,TV,5,1672.39
569,2023-10-25,Paris-05,Mouse,8,26.54
570,2023-12-20,Paris-05,Monitor,3,274.73
571,2023-09-30,Paris-05,Mouse,5,27.29
572,2023-09-15,Tokyo-04,Laptop,4,1068.54
573,2023-08-22,Paris-05,TV,8,0.0
574,2023-08-23,Berlin-03,Keyboard,6,113.25
575,2023-04-09,Tokyo-04,TV,1,1378.13
576,2023-01-30,NYC-02,Laptop,3,1227.93
577,2023-08-17,Berlin-03,Monitor,5,287.35
578,2023-06-13,UNKNOWN,TV,8,1489.82
579,2023-07-31,NYC-02,Laptop,6,1117.26
580,2023-05-26,NYC-02,TV,7,1706.64
581,2023-11-28,Tokyo-04,TV,1,1318.09
582,2023-12-17,Berlin-03,Monitor,5,304.74
583,2023-08-07,Berlin-03,TV,5,1412.68
584,2023-08-30,Tokyo-04,Keyboard,6,91.72
585,2023-10-11,Paris-05,Phone,2,816.63
586,2023-03-19,London-01,TV,2,0.0
587,2023-11-20,NYC-02,Monitor,2,276.77
588,2023-08-24,Berlin-03,Laptop,2,1245.82
589,2023-03-10,London-01,Phone,9,707.93
590,2023-04-29,Tokyo-04,Laptop,1,1037.28
591,2023-01-17,London-01,TV,6,1724.38
592,2023-06-02,Tokyo-04,Cables,3,16.98
593,2023-07-24,Tokyo-04,TV,6,1668.31
594,2023-12-06,London-01,Laptop,2,1138.08
595,2023-04-05,London-01,TV,1,1608.68
596,2023-03-14,Tokyo-04,Cables,3,15.73
597,2023-02-27,Tokyo-04,Laptop,2,1349.34
598,2023-04-11,Tokyo-04,Cables,7,16.11
599,2023-03-06,London-01,Monitor,9,291.64
600,2023-04-14,NYC-02,Keyboard,2,110.34
601,2023-12-04,Berlin-03,Phone,8,704.6
602,2023-11-24,Berlin-03,Monitor,3,299.87
603,2023-12-14,NYC-02,Cables,6,13.75
604,2023-05-11,Tokyo-04,Monitor,8,343.7
605,2023-12-05,Tokyo-04,Mouse,5,24.28
606,2023-06-06,Tokyo-04,Monitor,6,309.13
607,2023-11-02,NYC-02,Laptop,6,1366.83
608,2023-08-05,NYC-02,Phone,7,732.6
609,2023-10-20,London-01,Phone,8,695.59
610,2023-09-30,Tokyo-04,Cables,5,15.31
611,2023-10-12,NYC-02,Monitor,5,335.43
612,2023-06-09,Paris-05,Cables,3,0.0
613,2023-03-22,NYC-02,Phone,6,898.56
614,2023-11-14,Berlin-03,Mouse,9,27.6
615,2023-12-20,Paris-05,Monitor,8,335.1
616,2023-08-05,NYC-02,TV,7,1558.0
617,2023-02-10,Tokyo-04,TV,6,1289.53
618,2023-05-19,NYC-02,Laptop,3,1023.03
619,2023-01-10,Berlin-03,TV,7,1364.56
620,2023-09-14,Tokyo-04,TV,8,1536.16
621,2023-12-15,Paris-05,Laptop,2,1070.24
622,2023-04-08,Tokyo-04,TV,4,1465.18
623,2023-02-28,NYC-02,Monitor,7,280.64
624,2023-12-09,Tokyo-04,Cables,1,14.08
625,2023-05-15,NYC-02,Laptop,1,1204.94
626,2023-07-23,Berlin-03,Cables,8,16.22
627,2023-12-14,NYC-02,Phone,1,759.05
628,2023-06-24,Berlin-03,Phone,7,732.42
629,2023-06-21,Tokyo-04,TV,3,1395.47
630,2023-12-17,London-01,Laptop,2,1168.61
631,2023-05-29,NYC-02,Mouse,3,22.1
632,2023-01-23,London-01,TV,2,1296.85
633,2023-08-13,Berlin-03,Laptop,2,1216.12
634,2023-10-13,Tokyo-04,Keyboard,2,111.42
635,2023-07-03,Tokyo-04,TV,8,1682.04
636,2023-07-27,NYC-02,Phone,9,811.37
637,2023-01-30,London-01,TV,8,1587.82
638,2023-04-13,NYC-02,TV,7,1487.29
639,2023-11-08,Berlin-03,Keyboard,8,106.76
640,2023-05-12,Paris-05,TV,3,1657.72
641,2023-07-01,Tokyo-04,Mouse,5,25.28
642,2023-05-31,NYC-02,Keyboard,5,93.44
643,2023-01-24,Paris-05,Monitor,5,318.13
644,2023-09-25,NYC-02,TV,3,1502.55
645,2023-12-18,London-01,Laptop,2,1298.34
646,2023-02-07,NYC-02,Monitor,3,339.29
647,2023-10-18,Tokyo-04,Phone,8,840.3
648,2023-12-10,NYC-02,Phone,3,857.61
649,2023-02-19,Berlin-03,TV,8,1608.83
650,2023-07-15,Berlin-03,Cables,3,13.03
651,2023-09-17,NYC-02,Mouse,1,26.21
652,2023-11-24,London-01,Laptop,8,1170.0
653,2023-02-09,London-01,Keyboard,7,103.78
654,2023-11-09,Paris-05,Cables,4,14.05
655,2023-11-15,London-01,Phone,8,775.7
656,2023-11-08,Tokyo-04,Laptop,8,1314.32
657,2023-07-18,Tokyo-04,Keyboard,5,104.51
658,2023-07-30,Berlin-03,Monitor,8,301.06
659,2023-05-11,Paris-05,Monitor,3,320.54
660,2023-05-20,NYC-02,Monitor,5,291.64
661,2023-02-20,Paris-05,TV,2,1541.59
662,2023-03-19,Berlin-03,Mouse,6,25.26
663,2023-07-04,Paris-05,Monitor,8,316.36
664,2023-10-11,Paris-05,Phone,1,869.61
665,2023-10-03,Berlin-03,Phone,7,695.31
666,2023-01-12,Tokyo-04,Monitor,5,271.38
667,2023-10-06,Tokyo-04,Mouse,7,27.06
668,2023-04-12,Berlin-03,TV,2,1284.35
669,2023-05-12,London-01,TV,7,1416.39
670,2023-05-20,Berlin-03,Keyboard,8,102.64
671,2023-06-05,UNKNOWN,Cables,9,13.06
672,2023-05-03,Paris-05,Cables,7,15.92
673,2023-06-02,NYC-02,Laptop,8,1199.36
674,2023-01-01,London-01,TV,2,1431.78
675,2023-11-24,Paris-05,Cables,3,15.14
676,2023-10-19,Berlin-03,Phone,5,910.03
677,2023-09-07,NYC-02,TV,1,1326.84
678,2023-02-08,NYC-02,Phone,5,814.21
679,2023-07-23,Paris-05,TV,4,1349.61
680,2023-12-17,London-01,Cables,9,15.78
681,2023-10-06,London-01,Mouse,8,23.92
682,2023-08-26,Tokyo-04,Laptop,2,1336.27
683,2023-07-10,Paris-05,Keyboard,5,98.08
684,2023-06-14,NYC-02,Laptop,3,1177.91
685,2023-01-17,Paris-05,TV,1,1385.96
686,2023-01-09,Berlin-03,Cables,5,15.19
687,2023-07-03,London-01,Mouse,1,25.69
688,2023-10-14,Paris-05,Monitor,8,331.41
689,2023-06-28,Berlin-03,Mouse,1,26.19
690,2023-12-01,NYC-02,Cables,2,13.98
691,2023-07-14,Tokyo-04,Laptop,7,1168.15
692,2023-02-03,Berlin-03,Monitor,9,310.12
693,2023-11-24,London-01,Laptop,7,1143.42
694,2023-11-06,NYC-02,TV,2,1554.45
695,2023-04-24,Paris-05,Monitor,6,343.13
696,2023-12-18,Tokyo-04,Laptop,4,1046.02
697,2023-06-17,Paris-05,Mouse,3,26.89
698,2023-02-19,NYC-02,Cables,2,15.09
699,2023-09-27,NYC-02,Laptop,9,1207.15
700,2023-09-06,London-01,Laptop,2,1330.6
701,2023-01-12,Tokyo-04,TV,6,1598.94
702,2023-12-24,Paris-05,Laptop,7,1136.03
703,2023-05-08,Tokyo-04,Cables,9,14.32
704,2023-04-11,NYC-02,Cables,9,12.76
705,2023-12-04,Berlin-03,Mouse,7,23.41
706,2023-12-21,Tokyo-04,Monitor,2,297.51
707,2023-01-30,London-01,Monitor,2,293.49
708,2023-07-13,London-01,Phone,3,766.22
709,2023-04-02,NYC-02,Monitor,7,306.13
710,2023-08-20,Tokyo-04,Monitor,9,291.41
711,2023-03-12,London-01,Keyboard,8,101.81
712,2023-07-06,Paris-05,Cables,1,17.25
713,2023-02-20,Berlin-03,Phone,5,803.63
714,2023-02-04,NYC-02,Mouse,2,24.33
715,2023-01-06,NYC-02,Keyboard,2,92.14
716,2023-08-12,Berlin-03,Mouse,8,22.31
717,2023-06-21,Tokyo-04,Keyboard,4,102.25
718,2023-12-21,Berlin-03,Laptop,7,0.0
719,2023-06-16,London-01,Laptop,2,1226.38
720,2023-10-16,NYC-02,Keyboard,8,96.13
721,2023-03-27,NYC-02,Cables,6,16.97
722,2023-12-02,Berlin-03,Cables,7,14.62
723,2023-09-16,London-01,Cables,1,14.64
724,2023-06-15,London-01,TV,2,1384.26
725,2023-07-12,Berlin-03,Cables,5,15.96
726,2023-09-19,London-01,Keyboard,3,110.31
727,2023-11-20,Tokyo-04,Cables,6,14.33
728,2023-09-07,NYC-02,TV,6,1705.37
729,2023-11-07,London-01,Monitor,5,274.95
730,2023-04-11,Berlin-03,Laptop,9,1316.9
731,2023-09-09,NYC-02,TV,8,1412.46
732,2023-06-21,Paris-05,Keyboard,7,111.41
733,2023-12-27,Berlin-03,Phone,7,890.52
734,2023-06-26,NYC-02,Phone,6,863.73
735,2023-01-01,Tokyo-04,Cables,1,16.79
736,2023-07-02,London-01,Mouse,6,28.33
737,2023-04-06,Tokyo-04,Cables,9,16.19
738,2023-08-27,Paris-05,Laptop,8,1311.36
739,2023-03-28,Berlin-03,Mouse,7,22.88
740,2023-12-15,NYC-02,TV,2,0.0
741,2023-08-30,Paris-05,Cables,2,16.77
742,2023-03-22,Tokyo-04,Laptop,8,1142.05
743,2023-02-14,Paris-05,Mouse,9,22.55
744,2023-02-22,London-01,Cables,9,17.23
745,2023-12-24,Paris-05,Cables,7,15.96
746,2023-03-29,Paris-05,Keyboard,6,111.29
747,2023-03-27,Berlin-03,Laptop,6,1325.67
748,2023-10-31,NYC-02,Laptop,7,0.0
749,2023-09-08,Tokyo-04,Laptop,4,1344.95
750,2023-11-20,Berlin-03,Keyboard,3,89.36
751,2023-02-02,NYC-02,TV,5,1333.38
752,2023-07-14,London-01,Cables,7,16.63
753,2023-01-07,London-01,Monitor,7,283.06
754,2023-01-19,Paris-05,Laptop,1,1187.83
755,2023-08-29,Berlin-03,Phone,2,705.23
756,2023-02-11,London-01,TV,6,1339.71
757,2023-10-26,Paris-05,Cables,2,15.54
758,2023-05-16,NYC-02,Monitor,6,313.9
759,2023-05-25,Tokyo-04,Laptop,1,1099.21
760,2023-01-29,Berlin-03,Mouse,1,27.14
761,2023-12-17,Tokyo-04,Cables,4,16.98
762,2023-11-22,NYC-02,Phone,8,727.44
763,2023-05-21,Paris-05,Monitor,3,273.68
764,2023-06-15,London-01,Phone,9,917.65
765,2023-06-15,London-01,Cables,6,14.45
766,2023-03-30,Tokyo-04,Laptop,8,1311.14
767,2023-10-13,London-01,Cables,8,14.81
768,2023-10-23,Tokyo-04,Phone,1,897.41
769,2023-08-30,Tokyo-04,Keyboard,9,112.39
770,2023-01-30,Paris-05,Laptop,8,1046.11
771,2023-05-01,London-01,TV,9,1407.02
772,2023-08-03,London-01,Mouse,2,24.86
773,2023-05-22,Tokyo-04,Mouse,4,27.0
774,2023-05-05,London-01,Monitor,4,258.48
775,2023-10-22,Tokyo-04,Cables,5,15.79
776,2023-12-03,Tokyo-04,Laptop,8,1190.68
777,2023-05-06,Tokyo-04,Cables,8,15.19
778,2023-11-15,Berlin-03,Mouse,4,27.21
779,2023-04-02,NYC-02,Keyboard,3,97.25
780,2023-11-22,Paris-05,Phone,9,853.77
781,2023-02-16,Paris-05,Monitor,9,343.82
782,2023-09-11,London-01,TV,3,1486.53
783,2023-02-10,NYC-02,Mouse,5,25.75
784,2023-05-12,Paris-05,TV,6,1412.61
785,2023-04-05,London-01,Cables,4,13.87
786,2023-11-21,NYC-02,Laptop,5,1225.82
787,2023-08-25,Tokyo-04,Cables,6,13.7
788,2023-07-26,Paris-05,TV,6,1538.97
789,2023-07-01,Paris-05,Phone,6,784.88
790,2023-04-28,NYC-02,TV,1,1608.98
791,2023-10-11,Tokyo-04,TV,1,1698.9
792,2023-11-11,UNKNOWN,Phone,2,903.09
793,2023-08-06,Berlin-03,Cables,4,12.8
794,2023-04-22,Tokyo-04,TV,7,1418.84
795,2023-04-07,Tokyo-04,Mouse,8,25.72
796,2023-02-02,Tokyo-04,Keyboard,9,85.59
797,2023-02-09,Paris-05,Cables,8,16.37
798,2023-05-08,Paris-05,Cables,2,13.74
799,2023-11-17,NYC-02,Keyboard,1,86.96
800,2023-08-31,Berlin-03,TV,5,1518.54
801,2023-01-21,Berlin-03,Keyboard,8,107.2
802,2023-04-20,Berlin-03,Laptop,9,1193.11
803,2023-08-29,Paris-05,TV,5,1678.94
804,2023-09-23,Tokyo-04,Phone,8,903.17
805,2023-08-18,NYC-02,Mouse,1,27.99
806,2023-04-13,NYC-02,Mouse,6,23.36
807,2023-11-16,Paris-05,Monitor,7,295.79
808,2023-05-28,NYC-02,Phone,3,873.04
809,2023-11-15,UNKNOWN,TV,6,1434.36
810,2023-04-06,Tokyo-04,Monitor,2,320.83
811,2023-01-02,Paris-05,Mouse,1,23.19
812,2023-09-01,London-01,Laptop,7,1317.84
813,2023-04-23,Tokyo-04,Laptop,8,1117.39
814,2023-11-23,London-01,Keyboard,5,85.28
815,2023-08-01,NYC-02,Cables,4,15.38
816,2023-11-07,Paris-05,Laptop,9,1099.93
817,2023-03-02,London-01,Monitor,9,303.58
818,2023-05-24,NYC-02,TV,5,1596.57
819,2023-01-06,Berlin-03,Cables,7,15.41
820,2023-12-10,London-01,Keyboard,4,86.43
821,2023-06-11,Paris-05,Keyboard,3,106.52
822,2023-02-21,Paris-05,Phone,3,764.54
823,2023-05-28,Berlin-03,Laptop,5,1098.28
824,2023-07-02,London-01,Mouse,2,28.05
825,2023-07-04,Tokyo-04,Monitor,4,287.68
826,2023-01-20,Paris-05,TV,4,1717.03
827,2023-07-16,Berlin-03,Phone,6,891.26
828,2023-11-02,Paris-05,Cables,8,15.69
829,2023-04-10,Tokyo-04,Mouse,8,23.71
830,2023-10-23,London-01,Mouse,2,28.59
831,2023-01-07,Berlin-03,Phone,3,739.3
832,2023-08-18,Paris-05,TV,6,1535.01
833,2023-06-30,Berlin-03,TV,7,1690.92
834,2023-02-21,NYC-02,Keyboard,5,88.15
835,2023-01-24,NYC-02,Phone,4,863.1
836,2023-10-17,London-01,Laptop,7,1182.35
837,2023-10-17,Berlin-03,Laptop,3,1120.14
838,2023-06-18,Tokyo-04,Phone,5,727.39
839,2023-05-06,London-01,Keyboard,1,90.38
840,2023-09-29,NYC-02,TV,2,1362.4
841,2023-11-07,NYC-02,Cables,4,15.71
842,2023-01-10,London-01,Cables,1,13.07
843,2023-02-13,London-01,Keyboard,3,101.78
844,2023-07-23,London-01,Mouse,9,25.53
845,2023-08-29,Berlin-03,TV,6,1666.5
846,2023-07-15,London-01,TV,1,1286.77
847,2023-09-02,London-01,Mouse,1,22.57
848,2023-08-12,Paris-05,Cables,5,14.3
849,2023-12-25,Tokyo-04,TV,1,1530.45
850,2023-07-29,Paris-05,Laptop,3,1243.42
851,2023-06-17,Berlin-03,Monitor,4,270.96
852,2023-11-18,Berlin-03,Monitor,5,339.92
853,2023-08-31,NYC-02,TV,4,1547.24
854,2023-07-29,London-01,Cables,4,16.55
855,2023-02-01,London-01,Laptop,4,1119.48
856,2023-11-24,London-01,Keyboard,7,89.05
857,2023-02-23,Paris-05,Mouse,6,27.17
858,2023-03-16,Paris-05,Keyboard,6,93.93
859,2023-08-09,Paris-05,TV,3,1281.77
860,2023-06-22,Tokyo-04,Laptop,9,1161.5
861,2023-10-02,NYC-02,Laptop,3,1053.56
862,2023-03-05,NYC-02,Monitor,7,337.63
863,2023-11-17,NYC-02,Phone,2,889.29
864,2023-04-24,Berlin-03,Keyboard,3,104.0
865,2023-03-11,Paris-05,TV,9,1636.53
866,2023-10-23,Tokyo-04,Laptop,2,1232.14
867,2023-10-13,NYC-02,TV,2,1615.59
868,2023-03-07,Tokyo-04,Cables,8,14.94
869,2023-03-25,Tokyo-04,Laptop,5,1152.66
870,2023-09-14,Paris-05,Mouse,4,24.67
871,2023-04-24,Berlin-03,Mouse,2,25.08
872,2023-12-05,Paris-05,Keyboard,6,108.81
873,2023-03-01,NYC-02,Phone,6,915.19
874,2023-09-20,Paris-05,Phone,6,908.56
875,2023-04-27,Paris-05,Monitor,6,285.75
876,2023-12-30,NYC-02,Mouse,5,28.25
877,2023-10-04,NYC-02,Cables,8,13.71
878,2023-05-05,London-01,Phone,2,781.96
879,2023-04-13,Paris-05,Laptop,8,1100.25
880,2023-12-03,NYC-02,Cables,2,13.43
881,2023-08-08,Berlin-03,TV,4,1359.84
882,2023-11-09,Tokyo-04,TV,6,1665.36
883,2023-07-19,London-01,Laptop,4,1084.57
884,2023-09-08,Berlin-03,Laptop,9,1230.51
885,2023-05-13,London-01,Phone,2,744.93
886,2023-07-22,NYC-02,Phone,4,730.27
887,2023-11-08,Berlin-03,Keyboard,4,92.68
888,2023-07-26,London-01,Cables,9,14.1
889,2023-08-07,NYC-02,Laptop,6,1349.3
890,2023-11-19,Berlin-03,Cables,4,17.08
891,2023-01-10,NYC-02,Laptop,7,1145.75
892,2023-03-26,Paris-05,Laptop,9,1371.79
893,2023-09-20,Tokyo-04,Laptop,4,1204.3
894,2023-06-13,Tokyo-04,TV,4,1318.3
895,2023-06-15,NYC-02,Monitor,1,304.33
896,2023-12-30,Berlin-03,Keyboard,8,93.53
897,2023-06-24,London-01,Keyboard,8,105.33
898,2023-02-16,Paris-05,Mouse,4,22.94
899,2023-12-16,Paris-05,Laptop,8,1112.56
900,2023-08-09,Berlin-03,Laptop,3,1121.45
901,2023-04-16,Tokyo-04,Phone,5,686.45
902,2023-04-18,London-01,Laptop,8,1059.07
903,2023-03-18,Paris-05,Keyboard,6,105.74
904,2023-03-01,Tokyo-04,Laptop,7,1106.24
905,2023-10-22,NYC-02,Keyboard,1,109.39
906,2023-02-24,Paris-05,Laptop,7,1190.77
907,2023-06-09,Tokyo-04,TV,5,1392.43
908,2023-06-19,Berlin-03,Phone,5,838.38
909,2023-10-17,Berlin-03,Phone,4,698.66
910,2023-12-08,Paris-05,Cables,6,14.67
911,2023-07-01,Tokyo-04,Phone,6,750.6
912,2023-08-05,Tokyo-04,Cables,9,14.9
913,2023-03-22,NYC-02,Monitor,6,341.99
914,2023-01-10,Paris-05,Keyboard,1,111.99
915,2023-03-23,Paris-05,Keyboard,5,93.15
916,2023-11-30,Paris-05,Laptop,1,1323.63
917,2023-09-18,Tokyo-04,Monitor,2,334.75
918,2023-04-02,Paris-05,Keyboard,4,100.24
919,2023-06-10,NYC-02,Phone,8,786.14
920,2023-05-18,Berlin-03,Laptop,3,1177.21
921,2023-08-30,NYC-02,Keyboard,2,102.58
922,2023-03-15,Berlin-03,Monitor,7,317.4
923,2023-11-10,London-01,Keyboard,5,87.87
924,2023-02-08,Tokyo-04,Mouse,2,22.12
925,2023-09-25,NYC-02,Monitor,7,320.08
926,2023-11-22,Paris-05,Mouse,7,22.8
927,2023-10-26,Tokyo-04,Cables,4,15.3
928,2023-10-27,Paris-05,Mouse,2,23.17
929,2023-07-15,Paris-05,Mouse,4,23.11
930,2023-07-30,London-01,Cables,6,16.48
931,2023-09-19,London-01,TV,2,1309.94
932,2023-04-25,Tokyo-04,Monitor,1,334.88
933,2023-01-11,Paris-05,Keyboard,8,98.88
934,2023-02-11,London-01,Mouse,4,22.45
935,2023-09-28,London-01,Phone,4,805.65
936,2023-01-20,London-01,TV,2,1549.52
937,2023-03-12,NYC-02,Cables,4,16.14
938,2023-01-01,Berlin-03,Phone,2,704.36
939,2023-07-18,NYC-02,Laptop,1,1049.21
940,2023-12-12,Berlin-03,Keyboard,9,85.19
941,2023-12-14,London-01,Keyboard,2,97.21
942,2023-04-29,Paris-05,Laptop,4,1195.66
943,2023-12-05,Paris-05,Mouse,5,27.61
944,2023-04-01,NYC-02,TV,8,1505.29
945,2023-11-22,London-01,Keyboard,8,94.59
946,2023-12-03,London-01,Phone,5,873.75
947,2023-12-16,Tokyo-04,Monitor,1,322.28
948,2023-07-17,Paris-05,Cables,2,13.06
949,2023-10-14,NYC-02,Cables,2,16.46
950,2023-04-07,NYC-02,Keyboard,5,105.04
951,2023-09-21,Berlin-03,Laptop,1,1243.89
952,2023-03-20,Paris-05,TV,2,1706.07
953,2023-12-22,Paris-05,Cables,4,14.92
954,2023-01-24,Berlin-03,Keyboard,6,86.36
955,2023-07-12,London-01,Keyboard,9,0.0
956,2023-11-23,Tokyo-04,Monitor,8,255.2
957,2023-12-10,London-01,Monitor,9,328.43
958,2023-05-12,Berlin-03,TV,2,1501.81
959,2023-04-06,Berlin-03,Monitor,9,310.86
960,2023-11-19,London-01,Cables,8,13.91
961,2023-01-27,NYC-02,Mouse,7,28.0
962,2023-08-24,Berlin-03,Laptop,7,1365.56
963,2023-10-17,NYC-02,TV,1,1311.29
964,2023-05-14,NYC-02,Mouse,7,22.51
965,2023-08-05,Paris-05,Cables,8,13.98
966,2023-06-17,Berlin-03,Laptop,3,1109.26
967,2023-03-08,London-01,Laptop,5,1135.04
968,2023-10-14,Berlin-03,Cables,7,15.84
969,2023-05-12,NYC-02,Monitor,1,340.19
970,2023-04-18,Paris-05,Mouse,3,21.53
971,2023-12-01,Tokyo-04,Mouse,1,21.75
972,2023-09-07,NYC-02,Mouse,8,22.0
973,2023-08-06,Tokyo-04,Mouse,5,26.93
974,2023-02-12,Tokyo-04,Phone,5,724.24
975,2023-09-28,NYC-02,Laptop,1,1133.62
976,2023-01-25,London-01,Laptop,8,1351.97
977,2023-03-27,London-01,Monitor,3,260.72
978,2023-04-07,Berlin-03,Laptop,9,1208.96
979,2023-05-12,Paris-05,Phone,9,788.83
980,2023-12-22,NYC-02,Cables,4,13.01
981,2023-07-23,Tokyo-04,Phone,2,744.6
982,2023-10-10,London-01,Cables,3,13.89
983,2023-12-30,Berlin-03,Laptop,9,1052.27
984,2023-09-26,Paris-05,Phone,8,882.54
985,2023-07-21,London-01,Phone,9,714.3
986,2023-01-29,NYC-02,Keyboard,3,105.12
987,2023-01-11,Tokyo-04,Keyboard,3,110.63
988,2023-03-15,Paris-05,Monitor,5,302.93
989,2023-05-29,Paris-05,Monitor,3,283.35
990,2023-06-09,Paris-05,Keyboard,6,87.8
991,2023-01-17,Tokyo-04,Keyboard,8,97.73
992,2023-05-28,London-01,Cables,4,13.72
993,2023-11-02,Tokyo-04,Keyboard,3,91.64
994,2023-01-25,Berlin-03,Keyboard,1,99.83
995,2023-12-30,Paris-05,Laptop,2,1158.92
996,2023-02-23,Paris-05,Monitor,7,340.31
997,2023-09-18,Berlin-03,Laptop,9,1153.23
998,2023-01-19,NYC-02,Keyboard,2,98.21
999,2023-04-10,Paris-05,Mouse,9,25.06
1000,2023-08-13,Tokyo-04,Mouse,8,21.56
1001,2023-09-25,Berlin-03,TV,6,1331.02
1002,2023-09-25,NYC-02,Cables,5,14.93
1003,2023-03-20,Paris-05,Keyboard,6,91.03
1004,2023-07-19,Tokyo-04,Mouse,2,24.84
1005,2023-11-20,Berlin-03,Keyboard,8,90.12
1006,2023-05-26,Tokyo-04,Phone,4,753.04
1007,2023-06-17,Paris-05,TV,7,1600.43
1008,2023-08-17,Paris-05,Mouse,8,26.16
1009,2023-11-24,Tokyo-04,Mouse,8,24.26
1010,2023-11-07,Tokyo-04,Laptop,1,1298.74
1011,2023-01-02,London-01,TV,2,1618.18
1012,2023-02-16,NYC-02,Cables,7,17.24
1013,2023-12-15,London-01,Mouse,6,25.07
1014,2023-04-30,NYC-02,Mouse,9,24.79
1015,2023-05-01,Paris-05,Keyboard,2,107.45
1016,2023-03-15,NYC-02,Cables,4,15.91
1017,2023-10-18,Berlin-03,Monitor,7,336.59
1018,2023-07-16,Paris-05,Laptop,3,1229.2
1019,2023-11-26,Berlin-03,TV,3,1446.5
1020,2023-03-15,NYC-02,Keyboard,3,99.52
1021,2023-09-05,London-01,Phone,6,746.83
1022,2023-05-29,NYC-02,Keyboard,5,94.57
1023,2023-01-14,NYC-02,Monitor,9,258.06
1024,2023-09-26,Tokyo-04,Phone,9,902.37
1025,2023-03-31,Berlin-03,Cables,7,0.0
1026,2023-09-27,NYC-02,Phone,9,904.48
1027,2023-08-21,Berlin-03,Cables,6,15.77
1028,2023-10-10,NYC-02,TV,1,1320.25
1029,2023-08-06,NYC-02,Laptop,5,1335.28
1030,2023-12-03,London-01,Phone,6,850.24
1031,2023-04-22,Paris-05,Cables,1,16.19
1032,2023-05-19,NYC-02,Keyboard,5,114.81
1033,2023-09-20,Tokyo-04,Keyboard,2,93.06
1034,2023-02-07,NYC-02,Monitor,8,291.82
1035,2023-05-17,Berlin-03,TV,5,1536.07
1036,2023-05-14,Tokyo-04,Mouse,5,21.54
1037,2023-10-12,Paris-05,TV,4,1580.69
1038,2023-07-22,NYC-02,TV,8,1436.55
1039,2023-04-29,Tokyo-04,TV,5,1579.31
1040,2023-10-27,Berlin-03,Cables,8,15.89
1041,2023-05-18,Tokyo-04,TV,5,1283.96
1042,2023-12-16,Tokyo-04,TV,2,1664.57
1043,2023-04-23,Tokyo-04,TV,1,1474.24
1044,2023-06-09,Berlin-03,Laptop,2,1297.38
1045,2023-05-05,Tokyo-04,Mouse,3,28.31
1046,2023-01-29,NYC-02,Keyboard,3,95.18
1047,2023-05-19,Berlin-03,Mouse,4,27.12
1048,2023-08-28,NYC-02,Phone,5,803.61
1049,2023-12-03,London-01,TV,3,1315.59
1050,2023-03-27,Tokyo-04,Phone,1,0.0
1051,2023-02-06,NYC-02,Monitor,1,270.82
1052,2023-01-27,Paris-05,Cables,1,14.26
1053,2023-02-28,London-01,Laptop,6,1113.7
1054,2023-07-11,Paris-05,Monitor,4,276.92
1055,2023-03-23,Berlin-03,TV,3,1510.87
1056,2023-09-13,Berlin-03,TV,8,1597.1
1057,2023-04-07,Berlin-03,Keyboard,1,102.87
1058,2023-06-30,Tokyo-04,Cables,1,14.47
1059,2023-06-26,Tokyo-04,Cables,9,12.99
1060,2023-07-02,Berlin-03,TV,6,1387.93
1061,2023-04-16,Paris-05,Keyboard,1,92.94
1062,2023-09-21,London-01,Phone,1,890.69
1063,2023-10-12,NYC-02,Cables,1,14.36
1064,2023-04-03,NYC-02,Keyboard,7,93.25
1065,2023-05-17,London-01,Monitor,4,281.31
1066,2023-12-28,Berlin-03,Cables,6,16.0
1067,2023-08-21,NYC-02,Monitor,8,327.87
1068,2023-01-09,Tokyo-04,Cables,4,17.07
1069,2023-09-28,Berlin-03,Phone,8,877.85
1070,2023-03-16,London-01,Mouse,1,27.26
1071,2023-09-29,Paris-05,TV,7,1681.06
1072,2023-07-27,Paris-05,Phone,1,0.0
1073,2023-07-02,London-01,Laptop,8,1325.55
1074,2023-05-14,Berlin-03,Laptop,4,1259.13
1075,2023-03-26,Berlin-03,Cables,2,15.11
1076,2023-01-12,Berlin-03,Phone,5,732.11
1077,2023-11-17,Tokyo-04,Monitor,1,344.26
1078,2023-12-30,London-01,Keyboard,3,114.41
1079,2023-04-01,NYC-02,Monitor,3,327.86
1080,2023-01-31,Paris-05,Cables,8,14.37
1081,2023-07-23,Paris-05,Keyboard,7,109.74
1082,2023-11-11,Tokyo-04,TV,1,1622.46
1083,2023-10-23,Paris-05,Monitor,2,282.85
1084,2023-08-09,Tokyo-04,Keyboard,6,106.27
1085,2023-11-19,NYC-02,Phone,3,702.97
1086,2023-08-08,Tokyo-04,TV,2,1619.26
1087,2023-07-17,NYC-02,Laptop,7,1137.43
1088,2023-05-28,London-01,Cables,7,13.99
1089,2023-10-17,London-01,TV,9,1569.62
1090,2023-05-18,Berlin-03,TV,3,1704.34
1091,2023-07-04,London-01,TV,4,1622.65
1092,2023-08-19,Tokyo-04,Keyboard,8,100.47
1093,2023-11-11,London-01,TV,9,1630.08
1094,2023-08-29,Berlin-03,Laptop,9,1152.05
1095,2023-03-04,Paris-05,Cables,9,13.66
1096,2023-08-22,NYC-02,Phone,6,776.12
1097,2023-02-02,NYC-02,TV,3,1536.83
1098,2023-11-10,NYC-02,Laptop,6,1178.55
1099,2023-05-17,Berlin-03,TV,7,1587.06
1100,2023-08-23,Paris-05,Phone,2,776.88
1101,2023-03-20,Tokyo-04,Laptop,4,1234.36
1102,2023-03-14,London-01,Monitor,1,277.11
1103,2023-01-15,Berlin-03,Laptop,9,1109.72
1104,2023-10-17,London-01,Laptop,1,1204.47
1105,2023-11-16,Tokyo-04,Cables,9,15.35
1106,2023-10-05,NYC-02,Mouse,1,28.22
1107,2023-02-27,Tokyo-04,Laptop,8,1334.01
1108,2023-02-09,NYC-02,TV,7,1722.31
1109,2023-09-29,Berlin-03,Laptop,5,1049.52
1110,2023-08-13,Tokyo-04,Monitor,2,302.67
1111,2023-08-11,Berlin-03,TV,5,1371.54
1112,2023-05-21,NYC-02,Mouse,8,26.47
1113,2023-08-08,Berlin-03,Mouse,9,26.07
1114,2023-04-20,Paris-05,Monitor,7,327.92
1115,2023-12-22,Paris-05,Cables,6,15.45
1116,2023-01-13,Berlin-03,Keyboard,2,97.74
1117,2023-06-07,London-01,Laptop,3,1056.17
1118,2023-10-07,Berlin-03,Cables,2,15.54
1119,2023-10-08,NYC-02,Laptop,9,1203.67
1120,2023-06-11,London-01,Mouse,6,21.53
1121,2023-12-23,London-01,Keyboard,8,106.56
1122,2023-04-27,London-01,Phone,5,810.27
1123,2023-12-31,Tokyo-04,Monitor,4,306.89
1124,2023-08-16,Tokyo-04,TV,8,1595.35
1125,2023-01-24,NYC-02,Keyboard,7,112.36
1126,2023-08-06,Tokyo-04,TV,7,1289.81
1127,2023-07-25,Berlin-03,TV,9,1306.78
1128,2023-04-24,Paris-05,Monitor,5,334.58
1129,2023-11-08,Tokyo-04,Cables,2,13.62
1130,2023-12-04,Paris-05,Phone,4,799.51
1131,2023-11-02,NYC-02,Keyboard,3,100.09
1132,2023-12-22,NYC-02,TV,2,1569.34
1133,2023-06-28,Berlin-03,Laptop,2,1269.35
1134,2023-02-17,NYC-02,Phone,6,865.22
1135,2023-09-01,Tokyo-04,Monitor,9,277.13
1136,2023-10-03,Paris-05,TV,8,1287.94
1137,2023-12-29,Paris-05,TV,3,1440.72
1138,2023-09-27,Berlin-03,Laptop,5,1119.48
1139,2023-07-01,Paris-05,Monitor,6,293.31
1140,2023-08-05,NYC-02,Phone,1,704.94
1141,2023-04-20,London-01,Mouse,3,28.66
1142,2023-10-19,Berlin-03,Cables,2,16.96
1143,2023-04-22,Tokyo-04,Phone,6,703.26
1144,2023-10-31,Tokyo-04,Cables,1,16.58
1145,2023-11-21,Berlin-03,TV,2,1342.62
1146,2023-05-08,Paris-05,Keyboard,1,102.25
1147,2023-10-29,NYC-02,Mouse,6,27.75
1148,2023-10-18,Berlin-03,Cables,4,16.85
1149,2023-07-23,London-01,Phone,3,773.01
1150,2023-01-10,Paris-05,Monitor,3,290.42
1151,2023-12-09,UNKNOWN,TV,7,1377.23
1152,2023-05-15,London-01,Mouse,6,21.99
1153,2023-06-02,NYC-02,Laptop,2,1222.44
1154,2023-03-31,Berlin-03,Mouse,7,28.52
1155,2023-05-10,Tokyo-04,Mouse,3,25.27
1156,2023-08-11,London-01,Laptop,1,1302.14
1157,2023-04-23,Berlin-03,TV,6,1327.64
1158,2023-07-09,Berlin-03,Phone,3,777.2
1159,2023-09-30,Berlin-03,Keyboard,9,105.89
1160,2023-12-26,Tokyo-04,Monitor,5,296.85
1161,2023-11-15,Paris-05,Cables,8,14.71
1162,2023-03-13,Tokyo-04,Monitor,8,283.89
1163,2023-01-10,Tokyo-04,Monitor,3,340.52
1164,2023-01-05,London-01,Keyboard,7,95.77
1165,2023-01-19,Berlin-03,Laptop,4,1317.73
1166,2023-12-28,Paris-05,Keyboard,1,114.01
1167,2023-01-09,Berlin-03,TV,5,1328.67
1168,2023-02-04,Tokyo-04,Keyboard,5,91.55
1169,2023-11-19,Tokyo-04,Monitor,5,340.21
1170,2023-08-17,London-01,Mouse,1,26.66
1171,2023-10-03,London-01,TV,5,1697.88
1172,2023-08-07,Tokyo-04,Phone,9,789.39
1173,2023-09-04,NYC-02,Phone,8,801.4
1174,2023-06-17,NYC-02,TV,5,1337.7
1175,2023-08-15,Paris-05,Cables,8,12.81
1176,2023-02-05,Berlin-03,Cables,2,13.33
1177,2023-08-28,NYC-02,Laptop,1,1311.9
1178,2023-08-14,NYC-02,Mouse,7,27.34
1179,2023-08-18,Tokyo-04,Mouse,3,25.4
1180,2023-07-10,London-01,Laptop,7,1260.91
1181,2023-03-13,Paris-05,Keyboard,2,91.52
1182,2023-10-09,NYC-02,Cables,4,13.7
1183,2023-06-01,Berlin-03,Phone,1,799.53
1184,2023-12-08,NYC-02,TV,1,1448.38
1185,2023-03-15,NYC-02,Cables,5,13.99
1186,2023-01-26,Tokyo-04,Mouse,6,27.51
1187,2023-02-27,Berlin-03,Monitor,1,275.12
1188,2023-01-19,Berlin-03,Monitor,7,296.53
1189,2023-08-23,Tokyo-04,Phone,5,720.12
1190,2023-03-28,NYC-02,Mouse,1,23.42
1191,2023-01-25,Paris-05,Mouse,8,22.4
1192,2023-11-10,Berlin-03,Monitor,5,255.73
1193,2023-07-04,NYC-02,Keyboard,5,85.06
1194,2023-01-18,Berlin-03,Cables,4,14.03
1195,2023-09-18,UNKNOWN,Phone,1,850.58
1196,2023-01-18,NYC-02,Mouse,9,23.77
1197,2023-02-28,Paris-05,Mouse,2,27.11
1198,2023-10-27,Berlin-03,Keyboard,6,99.2
1199,2023-05-09,London-01,Keyboard,9,111.51
1200,2023-03-24,NYC-02,Keyboard,5,88.28
1201,2023-02-07,Tokyo-04,Keyboard,1,100.94
1202,2023-02-27,NYC-02,Cables,7,16.28
1203,2023-02-16,Berlin-03,Phone,9,878.2
1204,2023-10-08,London-01,Phone,9,734.3
1205,2023-04-02,NYC-02,Keyboard,2,110.69
1206,2023-09-07,Tokyo-04,TV,4,1643.65
1207,2023-05-10,Tokyo-04,Mouse,8,22.27
1208,2023-03-15,Tokyo-04,Monitor,7,309.21
1209,2023-05-24,Berlin-03,Mouse,6,27.49
1210,2023-06-24,Paris-05,Mouse,7,24.11
1211,2023-01-29,London-01,Laptop,1,1356.46
1212,2023-10-07,Berlin-03,Mouse,5,24.73
1213,2023-12-14,Paris-05,Monitor,5,303.65
1214,2023-06-07,Paris-05,Monitor,2,336.23
1215,2023-03-31,Paris-05,Mouse,1,25.35
1216,2023-07-26,Berlin-03,TV,2,1460.01
1217,2023-01-06,Paris-05,Cables,9,14.61
1218,2023-08-07,NYC-02,TV,7,1645.28
1219,2023-07-01,NYC-02,Cables,9,14.97
1220,2023-02-17,Paris-05,Mouse,1,24.29
1221,2023-03-11,Tokyo-04,Phone,6,827.49
1222,2023-06-27,London-01,Cables,4,15.53
1223,2023-05-03,Berlin-03,Laptop,9,1068.82
1224,2023-09-15,Tokyo-04,Keyboard,2,92.1
1225,2023-11-17,Tokyo-04,Keyboard,1,88.12
1226,2023-06-26,Tokyo-04,Monitor,2,284.19
1227,2023-03-19,Paris-05,Keyboard,7,106.7
1228,2023-12-04,Tokyo-04,Monitor,1,287.2
1229,2023-12-04,London-01,Cables,3,13.38
1230,2023-05-18,Tokyo-04,Monitor,5,286.56
1231,2023-03-09,Paris-05,Phone,2,815.75
1232,2023-03-22,Tokyo-04,TV,9,1383.3
1233,2023-10-10,London-01,Monitor,8,319.18
1234,2023-08-21,Paris-05,Phone,9,695.37
1235,2023-03-05,Berlin-03,TV,5,1313.44
1236,2023-06-29,Tokyo-04,Phone,8,693.65
1237,2023-06-04,London-01,Mouse,4,23.2
1238,2023-04-29,Berlin-03,Monitor,3,287.58
1239,2023-08-25,London-01,Mouse,3,27.55
1240,2023-10-24,Berlin-03,Cables,5,14.2
1241,2023-05-03,London-01,Monitor,2,264.58
1242,2023-03-18,Berlin-03,Keyboard,3,110.62
1243,2023-11-29,Tokyo-04,Mouse,4,25.74
1244,2023-01-10,Berlin-03,Cables,2,16.69
1245,2023-02-03,NYC-02,Keyboard,3,87.87
1246,2023-03-24,Paris-05,Mouse,6,23.12
1247,2023-12-24,London-01,Phone,4,745.38
1248,2023-12-30,London-01,Mouse,2,27.79
1249,2023-12-12,Tokyo-04,Phone,8,824.84
1250,2023-09-22,London-01,Laptop,2,1264.86
1251,2023-01-25,Berlin-03,Phone,5,767.27
1252,2023-08-06,Tokyo-04,Phone,7,687.6
1253,2023-03-28,London-01,Mouse,6,24.99
1254,2023-01-27,Paris-05,Monitor,2,299.76
1255,2023-12-25,Paris-05,Laptop,8,1190.82
1256,2023-05-04,Tokyo-04,Laptop,3,1302.85
1257,2023-09-29,Paris-05,Laptop,1,1252.25
1258,2023-05-14,Berlin-03,Phone,2,718.62
1259,2023-05-30,NYC-02,Monitor,9,316.63
1260,2023-10-26,Berlin-03,Keyboard,5,108.81
1261,2023-10-12,Paris-05,Laptop,7,1025.17
1262,2023-09-25,Paris-05,Cables,8,15.11
1263,2023-08-20,Berlin-03,Cables,9,0.0
1264,2023-01-14,Berlin-03,Monitor,7,278.2
1265,2023-07-23,Berlin-03,Cables,7,14.33
1266,2023-08-08,Tokyo-04,Laptop,3,1288.24
1267,2023-07-18,London-01,Laptop,8,1336.55
1268,2023-04-15,NYC-02,Phone,1,720.01
1269,2023-11-12,Tokyo-04,Mouse,4,27.54
1270,2023-06-09,Paris-05,Phone,1,692.44
1271,2023-08-04,London-01,TV,2,0.0
1272,2023-09-05,Paris-05,Phone,3,800.38
1273,2023-05-19,Tokyo-04,Phone,7,754.16
1274,2023-09-03,London-01,Monitor,4,284.0
1275,2023-04-19,Paris-05,Cables,2,14.74
1276,2023-01-17,Berlin-03,Laptop,4,1108.25
1277,2023-12-12,Paris-05,Keyboard,2,113.7
1278,2023-04-09,NYC-02,Mouse,7,27.63
1279,2023-11-17,NYC-02,Monitor,8,277.22
1280,2023-09-05,Berlin-03,Cables,7,13.71
1281,2023-08-27,Paris-05,Keyboard,2,99.38
1282,2023-06-26,Berlin-03,Laptop,8,1257.44
1283,2023-05-22,Berlin-03,Mouse,8,23.76
1284,2023-01-19,London-01,Phone,4,875.0
1285,2023-08-03,London-01,Monitor,4,306.07
1286,2023-08-20,London-01,Laptop,6,1111.39
1287,2023-06-23,London-01,Laptop,6,1053.01
1288,2023-09-18,London-01,Monitor,7,334.66
1289,2023-05-13,Paris-05,TV,6,1491.99
1290,2023-05-21,Berlin-03,Keyboard,3,104.64
1291,2023-11-02,NYC-02,Monitor,6,0.0
1292,2023-04-10,Berlin-03,TV,9,1619.32
1293,2023-04-19,NYC-02,Monitor,2,325.95
1294,2023-04-14,Berlin-03,TV,6,1326.08
1295,2023-11-20,Paris-05,Cables,7,15.9
1296,2023-11-19,Tokyo-04,TV,4,1502.71
1297,2023-03-25,NYC-02,Monitor,5,261.3
1298,2023-10-10,Paris-05,Monitor,2,256.37
1299,2023-09-08,Berlin-03,Cables,8,15.34
1300,2023-05-29,NYC-02,Mouse,2,28.55
1301,2023-03-19,NYC-02,Keyboard,7,89.7
1302,2023-11-17,NYC-02,Laptop,9,1069.23
1303,2023-08-31,London-01,Phone,3,689.13
1304,2023-12-19,Tokyo-04,Monitor,4,312.98
1305,2023-02-03,London-01,Keyboard,5,95.05
1306,2023-04-30,Tokyo-04,Monitor,6,272.02
1307,2023-03-20,Tokyo-04,Monitor,1,337.56
1308,2023-07-22,Tokyo-04,Keyboard,6,90.67
1309,2023-04-15,NYC-02,Monitor,9,267.17
1310,2023-04-03,NYC-02,Phone,6,726.21
1311,2023-09-19,Berlin-03,Laptop,9,1151.92
1312,2023-05-01,NYC-02,Monitor,9,323.8
1313,2023-04-11,Tokyo-04,Cables,9,16.8
1314,2023-08-09,Berlin-03,Cables,2,13.61
1315,2023-05-25,Paris-05,Keyboard,4,91.99
1316,2023-11-05,Tokyo-04,Phone,5,914.73
1317,2023-03-14,Tokyo-04,Laptop,4,1304.63
1318,2023-09-01,Berlin-03,Monitor,1,300.84
1319,2023-05-02,Paris-05,Monitor,7,332.22
1320,2023-11-29,London-01,Mouse,6,23.92
1321,2023-07-13,NYC-02,Mouse,8,24.93
1322,2023-03-26,London-01,Laptop,2,1220.54
1323,2023-07-22,Paris-05,Laptop,8,1343.16
1324,2023-02-11,Tokyo-04,Mouse,3,22.68
1325,2023-10-13,NYC-02,Monitor,4,316.94
1326,2023-10-27,NYC-02,Cables,2,17.14
1327,2023-01-20,Tokyo-04,Laptop,4,1284.83
1328,2023-04-29,Paris-05,Phone,8,701.25
1329,2023-08-16,NYC-02,Keyboard,8,96.93
1330,2023-04-23,Paris-05,Laptop,8,1198.08
1331,2023-07-27,Berlin-03,Phone,5,870.82
1332,2023-03-13,Paris-05,Phone,1,862.57
1333,2023-04-30,Paris-05,TV,8,1408.7
1334,2023-08-17,London-01,Keyboard,1,93.79
1335,2023-02-11,NYC-02,Phone,3,850.49
1336,2023-01-08,Paris-05,Keyboard,6,91.96
1337,2023-06-07,Berlin-03,Monitor,4,310.73
1338,2023-03-12,London-01,TV,9,1709.06
1339,2023-04-16,Tokyo-04,Monitor,5,320.27
1340,2023-05-30,London-01,Laptop,4,1296.78
1341,2023-01-29,London-01,Monitor,1,269.55
1342,2023-01-18,Paris-05,Cables,6,15.21
1343,2023-11-22,NYC-02,Laptop,1,1096.56
1344,2023-10-23,Tokyo-04,TV,2,1299.4
1345,2023-12-03,London-01,Monitor,8,287.67
1346,2023-01-16,Berlin-03,Laptop,1,1127.99
1347,2023-02-04,Tokyo-04,Laptop,5,1049.91
1348,2023-04-30,Berlin-03,Phone,8,744.22
1349,2023-08-30,NYC-02,TV,6,1532.53
1350,2023-07-08,Tokyo-04,Mouse,9,21.32
1351,2023-11-08,Tokyo-04,Mouse,5,23.16
1352,2023-12-04,London-01,Mouse,1,25.03
1353,2023-07-29,NYC-02,Keyboard,3,99.57
1354,2023-11-25,NYC-02,Laptop,7,1187.93
1355,2023-09-27,London-01,Phone,1,753.07
1356,2023-07-20,NYC-02,TV,1,1437.32
1357,2023-10-01,Paris-05,Laptop,6,1031.69
1358,2023-10-20,Berlin-03,Cables,5,15.99
1359,2023-12-03,London-01,Laptop,4,1025.07
1360,2023-08-14,Paris-05,Cables,4,14.77
1361,2023-12-07,Paris-05,TV,8,1387.16
1362,2023-07-21,Berlin-03,Phone,3,735.01
1363,2023-05-22,Tokyo-04,Cables,9,17.0
1364,2023-05-21,NYC-02,Phone,2,767.3
1365,2023-05-14,Tokyo-04,Monitor,3,300.23
1366,2023-11-26,NYC-02,Keyboard,1,89.25
1367,2023-09-21,Berlin-03,Cables,2,14.71
1368,2023-06-03,Tokyo-04,Cables,5,16.63
1369,2023-04-05,Paris-05,Mouse,3,28.28
1370,2023-07-01,London-01,Phone,5,889.24
1371,2023-06-25,London-01,Laptop,9,1098.14
1372,2023-03-19,Berlin-03,Keyboard,5,107.7
1373,2023-12-06,NYC-02,Monitor,2,262.16
1374,2023-09-10,Berlin-03,Keyboard,6,105.82
1375,2023-03-05,Berlin-03,TV,5,1706.56
1376,2023-11-10,Tokyo-04,TV,8,1477.76
1377,2023-08-06,Berlin-03,TV,8,1601.49
1378,2023-02-01,Paris-05,TV,3,1458.58
1379,2023-08-21,Paris-05,Monitor,3,292.36
1380,2023-11-16,Paris-05,TV,4,1543.2
1381,2023-06-20,London-01,Keyboard,8,98.88
1382,2023-06-11,Paris-05,TV,7,1477.12
1383,2023-05-23,Tokyo-04,Laptop,9,1343.98
1384,2023-01-09,Berlin-03,Phone,9,706.8
1385,2023-06-21,Berlin-03,Mouse,2,25.75
1386,2023-12-07,Paris-05,Mouse,8,21.87
1387,2023-07-25,Tokyo-04,TV,3,1569.82
1388,2023-12-03,NYC-02,Mouse,2,21.68
1389,2023-12-12,Berlin-03,TV,3,1403.72
1390,2023-02-03,Tokyo-04,Laptop,3,1058.75
1391,2023-11-12,Paris-05,Cables,1,12.85
1392,2023-12-07,London-01,Keyboard,1,114.71
1393,2023-11-18,Paris-05,Mouse,4,25.32
1394,2023-08-08,Berlin-03,TV,5,1410.8
1395,2023-02-10,London-01,Keyboard,3,106.85
1396,2023-09-08,Berlin-03,Cables,4,15.43
1397,2023-05-07,London-01,Laptop,8,1355.81
1398,2023-12-31,Tokyo-04,Laptop,8,1144.68
1399,2023-04-18,Tokyo-04,Phone,2,915.01
1400,2023-10-20,Paris-05,TV,3,1710.07
1401,2023-12-30,Berlin-03,Keyboard,3,89.04
1402,2023-07-18,NYC-02,Cables,4,14.53
1403,2023-09-12,Tokyo-04,Monitor,5,286.23
1404,2023-11-06,Berlin-03,Cables,5,15.68
1405,2023-01-26,Tokyo-04,Cables,8,14.93
1406,2023-02-25,NYC-02,Mouse,7,28.41
1407,2023-11-04,Berlin-03,Mouse,2,28.5
1408,2023-02-11,NYC-02,Laptop,5,1077.61
1409,2023-02-02,Paris-05,Laptop,9,0.0
1410,2023-12-10,Berlin-03,Phone,3,721.64
1411,2023-11-27,NYC-02,Mouse,4,23.92
1412,2023-07-26,Berlin-03,TV,2,1404.41
1413,2023-08-07,Berlin-03,Cables,1,17.13
1414,2023-01-26,Tokyo-04,Monitor,6,328.41
1415,2023-09-19,Paris-05,Monitor,9,322.77
1416,2023-02-07,Paris-05,TV,1,1276.13
1417,2023-01-10,Paris-05,Mouse,7,23.6
1418,2023-09-19,NYC-02,Monitor,2,318.24
1419,2023-08-15,Tokyo-04,Phone,6,774.19
1420,2023-08-05,NYC-02,Cables,4,14.62
1421,2023-12-31,Paris-05,Monitor,8,261.47
1422,2023-10-15,Tokyo-04,Laptop,7,1277.13
1423,2023-10-09,NYC-02,Phone,2,856.62
1424,2023-09-10,NYC-02,Phone,2,737.29
1425,2023-10-19,Paris-05,Mouse,5,26.82
1426,2023-04-16,Berlin-03,Monitor,9,270.13
1427,2023-03-08,Paris-05,Keyboard,8,90.26
1428,2023-04-25,Tokyo-04,TV,4,1637.1
1429,2023-10-20,NYC-02,Laptop,2,1096.38
1430,2023-02-07,Paris-05,Phone,5,895.76
1431,2023-04-19,Tokyo-04,Mouse,1,22.33
1432,2023-10-09,Tokyo-04,Laptop,1,1029.68
1433,2023-08-11,Berlin-03,TV,1,1409.87
1434,2023-01-21,Tokyo-04,Cables,8,14.42
1435,2023-01-30,Paris-05,TV,2,1698.61
1436,2023-07-13,London-01,Laptop,6,1337.7
1437,2023-11-27,Tokyo-04,Cables,5,15.19
1438,2023-03-14,NYC-02,TV,5,1539.2
1439,2023-01-28,Berlin-03,Cables,3,14.46
1440,2023-05-09,Berlin-03,Monitor,3,0.0
1441,2023-04-29,London-01,Phone,7,838.56
1442,2023-12-05,Berlin-03,Phone,2,915.12
1443,2023-09-29,Tokyo-04,Cables,1,15.15
1444,2023-12-03,Tokyo-04,Laptop,6,1148.31
1445,2023-03-22,London-01,Keyboard,9,94.31
1446,2023-05-26,Paris-05,Keyboard,9,98.89
1447,2023-12-18,Tokyo-04,Cables,6,16.8
1448,2023-12-18,Paris-05,Laptop,7,1246.69
1449,2023-12-08,London-01,Monitor,7,299.94
1450,2023-06-06,Berlin-03,Laptop,6,0.0
1451,2023-05-10,Berlin-03,Monitor,5,308.44
1452,2023-08-30,UNKNOWN,Phone,7,764.25
1453,2023-10-14,Berlin-03,Monitor,1,322.78
1454,2023-11-03,Paris-05,Monitor,3,278.11
1455,2023-04-05,NYC-02,Mouse,4,26.45
1456,2023-11-10,NYC-02,Monitor,1,295.15
1457,2023-04-07,London-01,Mouse,8,26.09
1458,2023-06-30,NYC-02,Phone,9,867.05
1459,2023-02-05,Paris-05,Keyboard,5,112.63
1460,2023-07-26,London-01,Mouse,7,26.75
1461,2023-07-23,Paris-05,Monitor,2,281.08
1462,2023-05-05,NYC-02,Cables,5,14.77
1463,2023-09-07,Paris-05,Monitor,3,326.59
1464,2023-10-06,London-01,Keyboard,9,97.49
1465,2023-08-27,NYC-02,Cables,1,13.7
1466,2023-01-27,Berlin-03,Mouse,6,23.4
1467,2023-12-09,Tokyo-04,Laptop,8,1262.32
1468,2023-09-23,NYC-02,Mouse,6,27.34
1469,2023-10-15,NYC-02,TV,5,1358.44
1470,2023-06-09,Berlin-03,Mouse,8,22.04
1471,2023-09-24,NYC-02,Cables,1,15.1
1472,2023-05-27,Berlin-03,TV,4,1458.49
1473,2023-03-19,Berlin-03,Keyboard,7,86.22
1474,2023-03-24,London-01,TV,4,1682.62
1475,2023-11-02,Paris-05,Cables,8,16.18
1476,2023-07-01,Berlin-03,TV,1,1434.88
1477,2023-08-07,Tokyo-04,TV,7,1560.3
1478,2023-07-16,Paris-05,Mouse,9,25.62
1479,2023-05-13,Tokyo-04,Keyboard,1,112.59
1480,2023-01-02,Tokyo-04,TV,7,1319.29
1481,2023-04-09,Paris-05,Phone,6,888.91
1482,2023-07-30,London-01,Mouse,1,28.21
1483,2023-08-11,Tokyo-04,Phone,4,710.95
1484,2023-03-31,Tokyo-04,Laptop,2,1238.98
1485,2023-02-06,NYC-02,Phone,8,859.65
1486,2023-11-27,London-01,TV,5,1316.16
1487,2023-11-02,Paris-05,Phone,2,908.3
1488,2023-03-08,Paris-05,Phone,3,737.35
1489,2023-04-10,Tokyo-04,Phone,5,820.24
1490,2023-01-17,London-01,Laptop,6,1294.98
1491,2023-06-07,London-01,TV,4,1435.58
1492,2023-01-26,Berlin-03,Monitor,1,329.37
1493,2023-02-01,Berlin-03,Cables,4,14.86
1494,2023-10-11,NYC-02,Laptop,8,1140.48
1495,2023-05-18,London-01,Keyboard,3,97.47
1496,2023-12-28,Paris-05,Mouse,7,27.81
1497,2023-09-22,London-01,Monitor,9,334.81
1498,2023-09-28,Paris-05,Keyboard,4,97.93
1499,2023-07-05,Tokyo-04,TV,4,0.0
1500,2023-12-06,NYC-02,TV,7,1383.88
1501,2023-01-25,Berlin-03,Laptop,3,1244.21
1502,2023-09-23,Paris-05,Mouse,8,23.48
1503,2023-02-16,NYC-02,Monitor,8,313.18
1504,2023-12-16,Tokyo-04,Laptop,1,1064.63
1505,2023-04-04,Berlin-03,Mouse,2,27.23
1506,2023-02-26,Tokyo-04,Monitor,8,265.61
1507,2023-05-23,NYC-02,Keyboard,8,94.02
1508,2023-10-16,Berlin-03,Phone,7,758.45
1509,2023-01-30,NYC-02,Monitor,3,336.07
1510,2023-04-02,Berlin-03,Keyboard,4,89.85
1511,2023-05-23,NYC-02,Monitor,3,312.04
1512,2023-07-27,Paris-05,Cables,6,15.61
1513,2023-02-01,Berlin-03,Laptop,3,1268.78
1514,2023-12-20,London-01,Mouse,4,25.43
1515,2023-05-12,London-01,Phone,6,771.97
1516,2023-01-15,London-01,Laptop,8,1073.79
1517,2023-09-02,Berlin-03,Monitor,5,326.2
1518,2023-10-21,NYC-02,Cables,8,16.87
1519,2023-01-14,Tokyo-04,Phone,3,828.68
1520,2023-08-22,Paris-05,TV,5,1522.95
1521,2023-12-04,Berlin-03,TV,3,1589.48
1522,2023-05-02,Tokyo-04,Keyboard,2,97.6
1523,2023-02-03,Tokyo-04,Monitor,6,266.06
1524,2023-01-05,London-01,Laptop,6,1191.65
1525,2023-04-23,Tokyo-04,TV,7,1389.65
1526,2023-07-25,London-01,Phone,2,894.07
1527,2023-09-29,Paris-05,Phone,7,872.44
1528,2023-03-18,Paris-05,Cables,7,14.98
1529,2023-09-27,Paris-05,Laptop,9,1159.09
1530,2023-09-21,London-01,Cables,8,12.91
1531,2023-03-04,NYC-02,TV,9,1482.56
1532,2023-03-20,NYC-02,Phone,4,888.68
1533,2023-07-18,NYC-02,Monitor,5,277.71
1534,2023-06-13,Berlin-03,Monitor,3,304.03
1535,2023-09-19,Paris-05,Monitor,7,260.14
1536,2023-05-16,NYC-02,Cables,1,12.94
1537,2023-12-27,Berlin-03,Mouse,2,23.61
1538,2023-02-04,Tokyo-04,Keyboard,1,93.97
1539,2023-02-14,Paris-05,Mouse,4,27.4
1540,2023-05-05,Paris-05,TV,1,1318.04
1541,2023-10-27,Berlin-03,Laptop,3,1263.72
1542,2023-07-25,London-01,Keyboard,1,96.93
1543,2023-01-20,Tokyo-04,Monitor,5,323.84
1544,2023-02-17,Tokyo-04,Keyboard,5,112.17
1545,2023-11-16,UNKNOWN,TV,3,1604.37
1546,2023-08-01,London-01,Keyboard,8,99.18
1547,2023-05-30,Berlin-03,Monitor,5,291.9
1548,2023-01-01,Berlin-03,TV,9,1696.33
1549,2023-02-14,Tokyo-04,Mouse,5,23.62
1550,2023-09-21,Paris-05,Phone,2,773.03
1551,2023-01-30,Tokyo-04,Cables,7,14.07
1552,2023-09-21,London-01,Cables,8,13.03
1553,2023-01-01,Tokyo-04,Cables,5,14.81
1554,2023-01-21,Berlin-03,Cables,3,12.82
1555,2023-10-22,Paris-05,Laptop,3,1109.88
1556,2023-08-06,Paris-05,Phone,8,850.55
1557,2023-08-27,Berlin-03,Phone,8,913.67
1558,2023-05-05,Berlin-03,Laptop,6,1134.04
1559,2023-09-20,Paris-05,Phone,6,716.28
1560,2023-02-09,London-01,Cables,1,16.57
1561,2023-04-28,Paris-05,Monitor,7,293.12
1562,2023-12-22,Tokyo-04,TV,7,1324.66
1563,2023-08-26,Berlin-03,Monitor,7,337.72
1564,2023-07-28,Paris-05,Monitor,5,328.95
1565,2023-05-01,London-01,Keyboard,1,114.94
1566,2023-11-14,Tokyo-04,Monitor,5,329.31
1567,2023-03-29,London-01,Mouse,1,23.24
1568,2023-07-17,London-01,Monitor,6,285.22
1569,2023-07-16,London-01,Cables,5,12.96
1570,2023-06-01,London-01,Phone,7,792.34
1571,2023-04-12,Tokyo-04,Mouse,7,25.49
1572,2023-09-08,Paris-05,Mouse,1,23.33
1573,2023-03-16,London-01,Laptop,4,1212.24
1574,2023-08-15,Tokyo-04,Laptop,6,1360.29
1575,2023-07-30,NYC-02,Monitor,9,257.96
1576,2023-06-18,Paris-05,TV,7,1578.41
1577,2023-11-13,Berlin-03,Keyboard,7,98.68
1578,2023-09-11,Tokyo-04,Cables,2,16.57
1579,2023-10-01,Tokyo-04,Mouse,7,27.14
1580,2023-01-20,Tokyo-04,Keyboard,1,97.38
1581,2023-03-01,NYC-02,Mouse,5,27.55
1582,2023-12-02,Paris-05,Cables,3,14.75
1583,2023-04-23,London-01,TV,8,1718.73
1584,2023-09-07,Tokyo-04,Keyboard,8,93.84
1585,2023-10-30,NYC-02,Monitor,5,331.82
1586,2023-06-13,Paris-05,Monitor,3,328.04
1587,2023-05-11,Berlin-03,Cables,1,13.84
1588,2023-02-06,Tokyo-04,Laptop,1,1073.68
1589,2023-02-25,Tokyo-04,Cables,2,13.4
1590,2023-04-25,Tokyo-04,Cables,2,15.29
1591,2023-12-16,Berlin-03,Cables,6,17.13
1592,2023-09-17,Berlin-03,Keyboard,3,106.47
1593,2023-12-27,London-01,TV,9,1610.6
1594,2023-07-22,Berlin-03,Mouse,3,26.23
1595,2023-01-08,Tokyo-04,TV,6,1521.99
1596,2023-09-18,Paris-05,Phone,1,893.41
1597,2023-11-07,Tokyo-04,Cables,9,16.67
1598,2023-01-25,Tokyo-04,Monitor,8,302.95
1599,2023-04-03,Paris-05,TV,4,1683.45
1600,2023-04-11,Berlin-03,Laptop,3,1285.91
1601,2023-01-06,London-01,Laptop,9,1299.24
1602,2023-03-01,Berlin-03,Phone,1,887.54
1603,2023-05-07,Tokyo-04,Phone,9,697.26
1604,2023-05-08,Berlin-03,Cables,1,12.92
1605,2023-02-15,Tokyo-04,Keyboard,8,112.27
1606,2023-02-26,NYC-02,Laptop,5,1038.24
1607,2023-07-14,Tokyo-04,Mouse,4,21.32
1608,2023-02-25,Paris-05,Keyboard,5,95.44
1609,2023-12-21,Paris-05,Cables,4,14.46
1610,2023-10-10,Tokyo-04,Keyboard,5,108.34
1611,2023-10-29,Tokyo-04,TV,8,1385.74
1612,2023-12-03,London-01,Monitor,8,261.16
1613,2023-03-02,London-01,Laptop,5,1106.86
1614,2023-03-30,NYC-02,Phone,5,902.97
1615,2023-01-20,Berlin-03,Laptop,8,1102.94
1616,2023-10-05,London-01,Cables,4,16.42
1617,2023-09-18,London-01,Mouse,1,23.33
1618,2023-03-18,London-01,TV,8,1711.6
1619,2023-06-28,Paris-05,Phone,5,867.52
1620,2023-11-14,NYC-02,Mouse,1,23.94
1621,2023-08-15,Tokyo-04,Phone,3,753.4
1622,2023-08-02,Tokyo-04,Cables,6,15.1
1623,2023-07-13,Berlin-03,Mouse,6,25.55
1624,2023-07-16,Tokyo-04,Cables,1,16.0
1625,2023-12-09,Tokyo-04,Monitor,7,257.63
1626,2023-07-20,London-01,Laptop,9,1165.66
1627,2023-03-23,NYC-02,Laptop,7,1022.25
1628,2023-02-04,NYC-02,Phone,4,827.35
1629,2023-11-25,Berlin-03,Cables,8,15.06
1630,2023-11-15,London-01,Cables,6,16.48
1631,2023-01-30,London-01,Laptop,8,1281.32
1632,2023-12-26,Tokyo-04,Cables,7,15.17
1633,2023-08-13,Paris-05,TV,2,1574.73
1634,2023-02-14,Paris-05,Laptop,9,1051.51
1635,2023-04-11,Tokyo-04,TV,8,1532.85
1636,2023-10-14,London-01,Keyboard,8,89.71
1637,2023-11-14,Tokyo-04,Keyboard,4,107.89
1638,2023-07-10,Berlin-03,Cables,8,16.35
1639,2023-11-10,Berlin-03,Laptop,8,1213.91
1640,2023-12-22,London-01,Laptop,2,1373.22
1641,2023-10-05,NYC-02,Keyboard,5,114.29
1642,2023-12-14,Paris-05,Keyboard,7,114.74
1643,2023-04-21,London-01,Mouse,9,25.2
1644,2023-10-22,NYC-02,Phone,4,681.72
1645,2023-08-19,Tokyo-04,Keyboard,3,107.17
1646,2023-07-28,London-01,Mouse,4,22.06
1647,2023-08-09,NYC-02,Monitor,7,308.41
1648,2023-12-22,Berlin-03,Mouse,6,21.33
1649,2023-12-29,Tokyo-04,Keyboard,6,111.95
1650,2023-08-13,Berlin-03,Laptop,9,1180.56
1651,2023-09-27,NYC-02,TV,9,1313.2
1652,2023-11-05,Paris-05,TV,4,1524.73
1653,2023-12-10,Tokyo-04,Mouse,3,27.4
1654,2023-12-07,NYC-02,Monitor,9,287.91
1655,2023-11-23,NYC-02,Keyboard,4,104.14
1656,2023-04-24,Berlin-03,Laptop,7,1043.48
1657,2023-12-24,NYC-02,Laptop,3,1119.79
1658,2023-07-31,Paris-05,Laptop,7,1219.55
1659,2023-05-07,Tokyo-04,Phone,8,791.95
1660,2023-04-19,NYC-02,Cables,1,15.6
1661,2023-07-19,NYC-02,Keyboard,6,103.52
1662,2023-05-15,Tokyo-04,Mouse,6,22.91
1663,2023-09-06,Berlin-03,Phone,8,762.05
1664,2023-12-09,NYC-02,Monitor,8,269.56
1665,2023-12-12,Tokyo-04,Monitor,5,314.73
1666,2023-11-04,Berlin-03,Cables,9,14.88
1667,2023-03-19,Tokyo-04,Phone,2,816.15
1668,2023-08-19,London-01,Mouse,9,25.77
1669,2023-03-13,Berlin-03,TV,6,1563.32
1670,2023-02-22,Berlin-03,Cables,8,14.11
1671,2023-05-16,Tokyo-04,Cables,2,15.17
1672,2023-01-10,NYC-02,Monitor,4,271.94
1673,2023-09-02,NYC-02,Mouse,8,27.34
1674,2023-05-31,NYC-02,Phone,6,836.58
1675,2023-09-15,Berlin-03,TV,7,1605.13
1676,2023-07-30,Tokyo-04,Laptop,7,1359.83
1677,2023-12-03,Paris-05,Cables,9,15.74
1678,2023-12-07,Berlin-03,Cables,8,15.12
1679,2023-05-01,Tokyo-04,Mouse,6,28.45
1680,2023-10-07,Tokyo-04,Phone,9,698.96
1681,2023-02-11,Berlin-03,Cables,2,16.7
1682,2023-11-15,Berlin-03,Cables,4,13.51
1683,2023-02-02,London-01,Laptop,2,1260.93
1684,2023-05-21,London-01,Mouse,1,23.27
1685,2023-03-23,Berlin-03,Keyboard,7,99.33
1686,2023-06-16,NYC-02,Laptop,3,1259.76
1687,2023-03-31,Tokyo-04,Keyboard,5,85.46
1688,2023-10-24,Paris-05,Cables,6,16.4
1689,2023-05-23,London-01,Mouse,7,0.0
1690,2023-06-11,Berlin-03,Laptop,4,1242.14
1691,2023-06-01,Berlin-03,Monitor,4,255.92
1692,2023-08-15,Berlin-03,Cables,6,13.44
1693,2023-02-15,London-01,Phone,5,747.5
1694,2023-12-12,Paris-05,Laptop,9,1143.35
1695,2023-05-21,Berlin-03,Monitor,5,0.0
1696,2023-12-30,NYC-02,Keyboard,6,112.2
1697,2023-02-28,Berlin-03,Monitor,2,341.3
1698,2023-12-02,Berlin-03,TV,4,1511.11
1699,2023-10-25,Tokyo-04,Monitor,1,335.76
1700,2023-05-24,Berlin-03,Keyboard,2,106.69
1701,2023-08-27,London-01,Cables,1,14.15
1702,2023-12-29,Tokyo-04,Monitor,6,341.38
1703,2023-01-19,Berlin-03,Mouse,8,27.53
1704,2023-05-14,Berlin-03,Mouse,7,21.69
1705,2023-03-23,Berlin-03,TV,4,1453.08
1706,2023-03-31,London-01,TV,9,1514.58
1707,2023-09-19,Tokyo-04,Monitor,3,303.51
1708,2023-09-22,NYC-02,TV,4,1337.37
1709,2023-10-22,Berlin-03,TV,6,1636.91
1710,2023-04-03,London-01,Monitor,4,285.33
1711,2023-12-21,Paris-05,Cables,4,13.81
1712,2023-03-28,Paris-05,Monitor,4,310.08
1713,2023-03-05,NYC-02,TV,7,1332.99
1714,2023-01-12,London-01,Laptop,1,1185.05
1715,2023-08-17,Paris-05,Keyboard,1,99.51
1716,2023-11-08,NYC-02,Cables,2,15.82
1717,2023-02-02,NYC-02,TV,4,1657.6
1718,2023-01-30,NYC-02,Keyboard,5,90.21
1719,2023-09-23,London-01,Monitor,8,259.41
1720,2023-03-05,NYC-02,Laptop,1,1190.11
1721,2023-05-27,Paris-05,Laptop,1,1341.04
1722,2023-04-01,Paris-05,Cables,7,15.15
1723,2023-01-03,NYC-02,Phone,1,715.98
1724,2023-09-23,UNKNOWN,Keyboard,1,89.57
1725,2023-05-07,Tokyo-04,Phone,9,683.69
1726,2023-11-26,Berlin-03,Monitor,1,258.7
1727,2023-06-17,Tokyo-04,Keyboard,1,90.98
1728,2023-03-10,Berlin-03,Cables,3,13.64
1729,2023-09-25,Berlin-03,Cables,3,12.99
1730,2023-05-29,NYC-02,Monitor,4,296.5
1731,2023-10-11,Berlin-03,Phone,3,699.17
1732,2023-05-15,London-01,Cables,1,14.92
1733,2023-02-25,Tokyo-04,Laptop,8,1082.71
1734,2023-08-21,NYC-02,Laptop,4,1272.68
1735,2023-06-26,Paris-05,Keyboard,3,106.41
1736,2023-02-11,NYC-02,Phone,8,888.54
1737,2023-03-23,Tokyo-04,Keyboard,4,112.33
1738,2023-03-19,Berlin-03,Phone,4,862.23
1739,2023-07-14,London-01,Laptop,1,1177.45
1740,2023-07-27,London-01,Mouse,2,27.65
1741,2023-01-03,Tokyo-04,Mouse,6,27.83
1742,2023-05-15,Berlin-03,Phone,1,748.46
1743,2023-03-21,Tokyo-04,TV,3,0.0
1744,2023-08-05,Berlin-03,Mouse,9,28.21
1745,2023-04-30,Berlin-03,Monitor,6,302.6
1746,2023-07-26,Berlin-03,TV,9,1445.08
1747,2023-04-26,Paris-05,Phone,1,746.46
1748,2023-12-14,Tokyo-04,Mouse,6,23.18
1749,2023-03-26,NYC-02,Cables,9,16.11
1750,2023-02-09,Paris-05,Monitor,1,261.91
1751,2023-01-08,Tokyo-04,Cables,8,14.73
1752,2023-05-19,Tokyo-04,Keyboard,6,101.31
1753,2023-07-11,London-01,Laptop,4,1198.05
1754,2023-09-10,Tokyo-04,Phone,6,887.79
1755,2023-11-23,Paris-05,Cables,5,15.53
1756,2023-04-17,Paris-05,Keyboard,2,109.34
1757,2023-05-20,Tokyo-04,Monitor,5,312.17
1758,2023-12-27,Berlin-03,TV,8,1292.98
1759,2023-08-19,London-01,Mouse,5,27.22
1760,2023-03-03,Berlin-03,TV,4,1660.53
1761,2023-12-07,Paris-05,TV,6,1433.27
1762,2023-05-16,London-01,Phone,9,853.15
1763,2023-06-14,Tokyo-04,Keyboard,5,96.59
1764,2023-09-12,NYC-02,Monitor,2,337.29
1765,2023-01-31,Berlin-03,TV,1,1536.07
1766,2023-12-26,Berlin-03,Cables,8,16.44
1767,2023-10-11,Berlin-03,Cables,7,0.0
1768,2023-03-15,Tokyo-04,Monitor,1,321.06
1769,2023-06-18,London-01,Mouse,4,27.06
1770,2023-05-07,Paris-05,Keyboard,8,105.1
1771,2023-11-26,London-01,Phone,5,794.51
1772,2023-12-28,Berlin-03,Mouse,2,22.25
1773,2023-12-21,NYC-02,Monitor,3,335.41
1774,2023-03-02,NYC-02,Monitor,1,342.52
1775,2023-12-03,Tokyo-04,TV,5,1593.78
1776,2023-11-09,Berlin-03,Cables,6,15.62
1777,2023-06-15,London-01,Keyboard,9,92.73
1778,2023-03-19,NYC-02,TV,7,1575.49
1779,2023-07-25,Paris-05,Cables,1,13.9
1780,2023-08-26,London-01,Mouse,7,22.5
1781,2023-12-27,Berlin-03,Laptop,2,1033.24
1782,2023-07-19,London-01,Keyboard,8,86.51
1783,2023-07-13,Tokyo-04,Mouse,5,27.26
1784,2023-01-16,Tokyo-04,TV,5,1491.01
1785,2023-01-14,Paris-05,Mouse,3,24.84
1786,2023-05-25,Tokyo-04,Laptop,2,1304.69
1787,2023-05-14,Tokyo-04,Monitor,2,341.9
1788,2023-03-16,Tokyo-04,TV,9,1494.26
1789,2023-02-06,NYC-02,Phone,5,898.0
1790,2023-10-21,London-01,Monitor,9,257.87
1791,2023-03-18,Tokyo-04,Laptop,7,1123.61
1792,2023-04-07,Berlin-03,TV,7,1514.72
1793,2023-05-21,Tokyo-04,Phone,6,818.64
1794,2023-11-12,London-01,Laptop,8,1219.63
1795,2023-11-23,NYC-02,TV,2,1425.06
1796,2023-12-11,NYC-02,Monitor,7,329.08
1797,2023-04-01,NYC-02,Mouse,9,25.89
1798,2023-06-08,Tokyo-04,Phone,6,763.4
1799,2023-01-07,NYC-02,Laptop,4,1141.19
1800,2023-01-06,Paris-05,TV,8,1702.41
1801,2023-06-06,Tokyo-04,Phone,7,795.02
1802,2023-10-19,Berlin-03,Monitor,9,298.21
1803,2023-05-03,NYC-02,Keyboard,1,91.64
1804,2023-04-16,Tokyo-04,Phone,6,681.64
1805,2023-07-25,London-01,Keyboard,6,86.76
1806,2023-01-14,London-01,Cables,8,16.41
1807,2023-07-22,Berlin-03,Cables,5,13.37
1808,2023-07-24,London-01,Mouse,7,27.64
1809,2023-06-11,Paris-05,Phone,7,687.25
1810,2023-01-24,London-01,TV,7,1568.94
1811,2023-02-10,Paris-05,Phone,5,866.12
1812,2023-10-16,Tokyo-04,Cables,8,16.64
1813,2023-04-11,NYC-02,Monitor,4,301.35
1814,2023-02-15,Tokyo-04,TV,6,1698.45
1815,2023-12-31,Paris-05,Monitor,3,293.29
1816,2023-06-07,Berlin-03,TV,7,1464.24
1817,2023-08-23,NYC-02,Laptop,8,1085.03
1818,2023-07-22,Berlin-03,TV,5,1475.71
1819,2023-08-04,London-01,Keyboard,1,90.38
1820,2023-07-11,Paris-05,Mouse,4,22.77
1821,2023-08-18,NYC-02,Laptop,8,1287.97
1822,2023-11-18,NYC-02,Monitor,9,295.35
1823,2023-11-01,Berlin-03,Mouse,4,23.2
1824,2023-02-18,NYC-02,TV,4,1353.81
1825,2023-01-26,NYC-02,TV,3,1516.76
1826,2023-09-13,Paris-05,Monitor,4,270.18
1827,2023-01-14,NYC-02,Monitor,5,277.08
1828,2023-01-31,NYC-02,Laptop,8,1251.68
1829,2023-01-20,NYC-02,Monitor,8,266.14
1830,2023-02-18,NYC-02,Cables,7,14.96
1831,2023-10-07,NYC-02,Monitor,5,335.97
1832,2023-05-25,Tokyo-04,Monitor,6,287.19
1833,2023-03-01,Berlin-03,Mouse,4,23.36
1834,2023-07-08,NYC-02,Monitor,5,325.17
1835,2023-09-05,Tokyo-04,TV,7,1327.03
1836,2023-11-24,Tokyo-04,Laptop,7,1328.67
1837,2023-02-14,Tokyo-04,Monitor,9,0.0
1838,2023-09-27,Tokyo-04,Phone,1,699.05
1839,2023-05-07,London-01,Phone,4,747.71
1840,2023-10-06,NYC-02,Cables,5,14.17
1841,2023-12-28,Berlin-03,Keyboard,7,107.58
1842,2023-01-21,Berlin-03,Monitor,1,293.94
1843,2023-01-20,Berlin-03,Mouse,6,26.61
1844,2023-06-06,Paris-05,Monitor,6,281.45
1845,2023-10-25,Paris-05,Cables,4,12.77
1846,2023-11-30,London-01,Cables,5,15.43
1847,2023-10-30,NYC-02,TV,6,1571.18
1848,2023-11-09,Paris-05,Phone,9,829.49
1849,2023-02-22,NYC-02,TV,8,1307.2
1850,2023-11-14,Berlin-03,Cables,7,14.99
1851,2023-07-09,NYC-02,Laptop,4,1283.75
1852,2023-07-28,Berlin-03,Monitor,6,287.06
1853,2023-11-06,Paris-05,Mouse,6,23.08
1854,2023-03-12,London-01,Laptop,2,1148.57
1855,2023-11-22,London-01,Cables,5,13.16
1856,2023-07-25,Tokyo-04,Keyboard,9,91.95
1857,2023-09-30,Tokyo-04,Cables,3,13.29
1858,2023-04-14,NYC-02,Monitor,1,257.57
1859,2023-09-16,Berlin-03,Phone,7,721.47
1860,2023-03-28,NYC-02,Laptop,6,1207.35
1861,2023-10-31,NYC-02,Keyboard,8,109.89
1862,2023-04-25,Paris-05,Phone,2,908.05
1863,2023-12-22,Berlin-03,TV,7,1672.95
1864,2023-01-19,NYC-02,TV,1,1613.8
1865,2023-10-24,Tokyo-04,Cables,3,14.38
1866,2023-12-07,Tokyo-04,TV,5,1619.37
1867,2023-03-09,London-01,TV,3,1351.3
1868,2023-01-23,Tokyo-04,Cables,2,15.63
1869,2023-04-18,Paris-05,Monitor,9,336.91
1870,2023-01-15,Berlin-03,Laptop,5,1334.14
1871,2023-08-31,Paris-05,Monitor,7,314.78
1872,2023-12-14,Berlin-03,Phone,3,730.76
1873,2023-09-06,NYC-02,Cables,7,13.52
1874,2023-06-13,NYC-02,Cables,4,14.02
1875,2023-07-09,Paris-05,Laptop,3,1141.56
1876,2023-09-13,NYC-02,Cables,1,15.51
1877,2023-05-28,London-01,Cables,5,13.42
1878,2023-11-28,Tokyo-04,TV,2,1432.77
1879,2023-02-04,Berlin-03,Monitor,6,259.04
1880,2023-08-16,London-01,Monitor,5,312.65
1881,2023-05-18,Paris-05,Keyboard,8,90.77
1882,2023-06-20,Berlin-03,Phone,1,891.46
1883,2023-01-15,Berlin-03,Laptop,8,1183.18
1884,2023-05-26,London-01,Laptop,1,1086.23
1885,2023-11-05,London-01,Laptop,7,1171.13
1886,2023-11-14,NYC-02,Monitor,5,335.39
1887,2023-10-21,London-01,Phone,4,880.71
1888,2023-04-22,Paris-05,Keyboard,6,90.72
1889,2023-11-12,NYC-02,Laptop,1,1348.73
1890,2023-01-24,Berlin-03,Mouse,1,25.24
1891,2023-02-03,NYC-02,Monitor,2,302.47
1892,2023-10-25,Paris-05,Monitor,2,341.0
1893,2023-10-10,Tokyo-04,Keyboard,6,110.92
1894,2023-02-18,Tokyo-04,Cables,6,13.66
1895,2023-10-28,Berlin-03,Keyboard,2,0.0
1896,2023-09-18,London-01,Mouse,8,27.61
1897,2023-08-02,London-01,Monitor,6,301.21
1898,2023-09-04,London-01,Keyboard,2,93.77
1899,2023-06-18,London-01,Laptop,6,1249.91
1900,2023-05-10,Berlin-03,TV,9,1477.64
1901,2023-10-01,Berlin-03,Keyboard,2,112.58
1902,2023-02-04,NYC-02,Cables,5,14.64
1903,2023-12-23,NYC-02,Keyboard,3,89.11
1904,2023-08-02,NYC-02,Laptop,5,1295.33
1905,2023-08-29,London-01,Mouse,9,23.23
1906,2023-01-20,London-01,Phone,4,720.94
1907,2023-12-23,Tokyo-04,Mouse,8,25.15
1908,2023-10-07,Paris-05,Laptop,6,1292.08
1909,2023-10-24,Paris-05,Keyboard,7,90.63
1910,2023-11-25,Berlin-03,Cables,4,15.6
1911,2023-07-14,London-01,Laptop,4,1345.01
1912,2023-11-06,Berlin-03,Monitor,5,326.94
1913,2023-05-19,London-01,Cables,4,13.57
1914,2023-07-19,Tokyo-04,Phone,6,722.1
1915,2023-02-14,NYC-02,Phone,2,791.11
1916,2023-01-13,Tokyo-04,Cables,1,15.99
1917,2023-09-08,London-01,Cables,7,14.3
1918,2023-07-13,Tokyo-04,Mouse,9,24.42
1919,2023-08-01,Tokyo-04,Monitor,1,341.81
1920,2023-10-16,London-01,Laptop,4,1094.33
1921,2023-04-21,Berlin-03,Phone,6,753.07
1922,2023-09-11,Paris-05,Monitor,1,301.48
1923,2023-11-18,Tokyo-04,Monitor,4,329.46
1924,2023-03-08,Tokyo-04,Keyboard,8,111.66
1925,2023-10-09,Tokyo-04,Laptop,2,1068.31
1926,2023-02-27,NYC-02,Laptop,8,1256.72
1927,2023-12-25,NYC-02,Keyboard,5,114.42
1928,2023-02-19,NYC-02,Keyboard,3,89.92
1929,2023-10-11,Tokyo-04,Cables,1,15.59
1930,2023-08-18,NYC-02,Monitor,6,344.09
1931,2023-09-15,NYC-02,Phone,3,747.59
1932,2023-04-22,Paris-05,Phone,2,705.25
1933,2023-02-11,London-01,Keyboard,6,91.04
1934,2023-09-01,NYC-02,Phone,6,742.62
1935,2023-11-11,London-01,Mouse,6,24.62
1936,2023-10-27,London-01,Laptop,7,1227.89
1937,2023-04-04,London-01,Laptop,9,1193.85
1938,2023-05-22,London-01,Phone,6,755.03
1939,2023-10-13,Paris-05,Mouse,1,25.51
1940,2023-12-16,London-01,Keyboard,8,89.68
1941,2023-08-18,Tokyo-04,Phone,8,680.91
1942,2023-05-18,Berlin-03,Monitor,1,319.64
1943,2023-09-27,Paris-05,Mouse,5,28.07
1944,2023-11-30,Tokyo-04,Keyboard,4,113.46
1945,2023-12-24,Tokyo-04,TV,9,1431.08
1946,2023-07-10,NYC-02,Phone,5,905.57
1947,2023-11-14,Paris-05,Phone,7,867.12
1948,2023-11-18,Berlin-03,Phone,1,703.55
1949,2023-07-09,Tokyo-04,Laptop,6,1347.51
1950,2023-10-08,NYC-02,Phone,6,774.23
1951,2023-10-02,Tokyo-04,TV,9,1323.53
1952,2023-11-07,London-01,Cables,1,16.12
1953,2023-10-15,Berlin-03,Keyboard,2,94.83
1954,2023-06-16,Berlin-03,TV,6,1306.55
1955,2023-03-08,Berlin-03,Phone,6,823.74
1956,2023-04-24,Berlin-03,TV,9,1344.89
1957,2023-11-25,London-01,Phone,1,887.46
1958,2023-12-29,Tokyo-04,Laptop,2,1274.42
1959,2023-06-30,Tokyo-04,Laptop,9,1057.93
1960,2023-02-15,London-01,Mouse,3,26.11
1961,2023-11-02,Tokyo-04,Phone,6,706.39
1962,2023-06-13,Paris-05,Monitor,1,313.38
1963,2023-08-21,Paris-05,Keyboard,8,87.39
1964,2023-05-13,Berlin-03,TV,6,1654.97
1965,2023-11-06,Tokyo-04,Monitor,5,302.48
1966,2023-01-09,Berlin-03,Phone,6,905.94
1967,2023-06-13,Berlin-03,Cables,1,15.0
1968,2023-07-29,Paris-05,Monitor,4,268.75
1969,2023-12-08,London-01,TV,7,1283.91
1970,2023-04-15,Berlin-03,Laptop,8,1375.32
1971,2023-02-22,NYC-02,Cables,3,13.28
1972,2023-08-09,Berlin-03,Keyboard,8,112.37
1973,2023-07-17,London-01,Laptop,7,1108.97
1974,2023-11-07,Berlin-03,Cables,3,15.37
1975,2023-07-08,Tokyo-04,Phone,1,904.26
1976,2023-01-06,Berlin-03,Laptop,6,1133.78
1977,2023-08-21,Tokyo-04,Keyboard,3,104.17
1978,2023-06-08,Paris-05,Keyboard,5,89.55
1979,2023-04-22,NYC-02,Laptop,6,1239.1
1980,2023-01-01,Berlin-03,Phone,3,692.81
1981,2023-09-07,Berlin-03,Mouse,6,23.86
1982,2023-11-18,NYC-02,Monitor,6,303.26
1983,2023-06-06,Paris-05,Keyboard,2,85.89
1984,2023-03-10,Paris-05,Cables,2,16.32
1985,2023-01-04,London-01,Laptop,7,1175.34
1986,2023-01-31,NYC-02,Monitor,7,276.31
1987,2023-11-15,Paris-05,Monitor,7,268.42
1988,2023-04-29,NYC-02,Keyboard,3,114.64
1989,2023-02-02,Berlin-03,Keyboard,1,99.64
1990,2023-11-14,London-01,Keyboard,4,85.5
1991,2023-02-16,Tokyo-04,TV,7,1566.04
1992,2023-03-12,Tokyo-04,Cables,2,15.06
1993,2023-12-30,Berlin-03,Monitor,8,295.92
1994,2023-03-26,Berlin-03,Keyboard,7,93.58
1995,2023-03-23,Tokyo-04,Cables,1,16.6
1996,2023-02-12,Tokyo-04,Monitor,2,341.71
1997,2023-11-07,Paris-05,Cables,3,14.41
1998,2023-01-16,NYC-02,Phone,8,871.46
1999,2023-02-05,NYC-02,Phone,1,909.65
2000,2023-04-20,NYC-02,Laptop,3,1167.62
2001,2023-05-19,Paris-05,Laptop,5,1069.67
2002,2023-12-15,Paris-05,Cables,9,16.64
2003,2023-01-29,NYC-02,Laptop,3,1096.56
2004,2023-10-20,London-01,Phone,3,712.76
2005,2023-08-26,London-01,Keyboard,1,112.1
2006,2023-08-11,London-01,Laptop,8,1247.51
2007,2023-09-07,NYC-02,Cables,7,16.58
2008,2023-02-27,Berlin-03,Keyboard,2,100.77
2009,2023-07-31,Tokyo-04,Phone,5,809.87
2010,2023-04-22,Tokyo-04,Monitor,5,276.19
2011,2023-07-01,London-01,TV,3,1662.14
2012,2023-06-09,Tokyo-04,Cables,2,14.44
2013,2023-08-11,Tokyo-04,TV,8,1685.96
2014,2023-08-19,Tokyo-04,Keyboard,2,89.51
2015,2023-02-11,Berlin-03,Mouse,4,22.66
2016,2023-09-28,Paris-05,Laptop,2,1206.74
2017,2023-04-20,Paris-05,Keyboard,6,89.96
2018,2023-04-07,Paris-05,Phone,2,828.8
2019,2023-06-03,Paris-05,Phone,8,840.32
2020,2023-07-12,NYC-02,Mouse,3,24.23
2021,2023-10-09,Paris-05,Mouse,3,22.41
2022,2023-03-10,Berlin-03,Laptop,1,1237.26
2023,2023-03-28,London-01,TV,1,1537.11
2024,2023-10-09,London-01,TV,7,1498.78
2025,2023-08-16,London-01,Monitor,1,328.55
2026,2023-02-01,Berlin-03,TV,3,1569.14
2027,2023-09-21,London-01,TV,3,1326.6
2028,2023-08-14,NYC-02,Phone,9,699.5
2029,2023-06-03,Paris-05,Keyboard,6,85.37
2030,2023-05-26,Tokyo-04,TV,8,1403.08
2031,2023-07-04,Berlin-03,Phone,8,835.61
2032,2023-11-12,Paris-05,Cables,7,15.38
2033,2023-09-06,London-01,Mouse,6,28.26
2034,2023-01-23,London-01,Cables,2,15.46
2035,2023-03-09,Paris-05,Phone,3,829.54
2036,2023-03-18,NYC-02,Keyboard,1,109.92
2037,2023-11-25,Tokyo-04,Mouse,4,24.19
2038,2023-01-03,Paris-05,Cables,3,15.06
2039,2023-09-16,London-01,Cables,4,14.79
2040,2023-01-02,Paris-05,Monitor,8,324.36
2041,2023-12-03,Paris-05,Keyboard,8,101.77
2042,2023-06-16,Berlin-03,Monitor,1,312.86
2043,2023-07-13,Paris-05,Laptop,7,1226.24
2044,2023-03-16,London-01,Keyboard,4,109.01
2045,2023-10-01,Tokyo-04,Cables,3,16.78
2046,2023-11-19,Tokyo-04,Keyboard,7,101.39
2047,2023-05-06,Berlin-03,Mouse,5,28.22
2048,2023-07-24,Berlin-03,Keyboard,2,100.84
2049,2023-08-16,Tokyo-04,Mouse,4,21.37
2050,2023-06-12,NYC-02,Laptop,5,1322.45
2051,2023-03-31,NYC-02,TV,3,1583.46
2052,2023-01-02,London-01,Phone,6,907.57
2053,2023-02-20,Berlin-03,Keyboard,1,111.6
2054,2023-09-03,London-01,Cables,4,14.48
2055,2023-08-06,Berlin-03,Keyboard,4,114.97
2056,2023-03-28,London-01,Keyboard,9,108.82
2057,2023-05-30,NYC-02,Monitor,9,303.23
2058,2023-10-03,NYC-02,Cables,4,15.02
2059,2023-05-18,NYC-02,TV,3,1526.78
2060,2023-01-24,Tokyo-04,Mouse,6,23.38
2061,2023-03-19,Paris-05,Phone,9,901.33
2062,2023-12-30,NYC-02,Phone,5,805.83
2063,2023-03-05,Paris-05,Monitor,1,258.77
2064,2023-11-30,Tokyo-04,Monitor,5,311.61
2065,2023-10-09,NYC-02,Monitor,1,296.01
2066,2023-08-23,London-01,Phone,8,826.97
2067,2023-12-14,Paris-05,TV,1,1318.2
2068,2023-01-28,Berlin-03,Monitor,2,309.95
2069,2023-03-31,Paris-05,TV,6,1569.4
2070,2023-01-20,Paris-05,Phone,8,690.36
2071,2023-05-18,Paris-05,Monitor,9,282.33
2072,2023-10-26,London-01,Cables,2,16.13
2073,2023-11-18,NYC-02,TV,3,1329.88
2074,2023-12-06,Berlin-03,TV,5,1618.24
2075,2023-02-26,Paris-05,TV,3,1346.0
2076,2023-05-28,London-01,TV,6,1365.62
2077,2023-03-26,Paris-05,Mouse,3,23.59
2078,2023-09-23,Berlin-03,TV,2,1515.8
2079,2023-04-10,Tokyo-04,Monitor,5,257.76
2080,2023-07-06,Paris-05,Keyboard,5,102.71
2081,2023-10-07,NYC-02,Cables,3,15.28
2082,2023-09-29,Tokyo-04,Keyboard,2,113.49
2083,2023-04-29,Tokyo-04,Phone,4,812.08
2084,2023-07-24,Berlin-03,Monitor,9,316.86
2085,2023-07-02,NYC-02,TV,4,1327.84
2086,2023-03-12,UNKNOWN,TV,4,1713.29
2087,2023-08-11,Paris-05,Keyboard,2,87.61
2088,2023-09-22,NYC-02,Mouse,3,27.54
2089,2023-05-25,NYC-02,Monitor,6,342.86
2090,2023-10-11,Paris-05,TV,3,1569.8
2091,2023-09-19,Tokyo-04,Keyboard,6,106.72
2092,2023-01-12,Berlin-03,Phone,8,725.4
2093,2023-03-17,Berlin-03,Mouse,7,28.11
2094,2023-10-18,Tokyo-04,Mouse,1,25.5
2095,2023-06-08,Berlin-03,Monitor,6,283.77
2096,2023-11-24,London-01,Cables,9,15.25
2097,2023-06-08,Berlin-03,Phone,1,847.65
2098,2023-12-01,UNKNOWN,Laptop,1,1268.98
2099,2023-07-27,Berlin-03,Monitor,3,310.25
2100,2023-01-13,NYC-02,Keyboard,3,108.02
2101,2023-05-27,London-01,Phone,6,889.12
2102,2023-10-16,Tokyo-04,Phone,3,698.47
2103,2023-03-31,Berlin-03,Mouse,5,28.35
2104,2023-09-06,Berlin-03,Mouse,2,22.54
2105,2023-08-09,Paris-05,Keyboard,9,103.56
2106,2023-10-29,Paris-05,Mouse,5,24.1
2107,2023-02-21,London-01,Monitor,1,260.88
2108,2023-06-10,NYC-02,Phone,7,768.38
2109,2023-07-20,Tokyo-04,Cables,4,13.29
2110,2023-08-13,Tokyo-04,Phone,3,821.78
2111,2023-05-24,Paris-05,Cables,3,14.65
2112,2023-05-26,Paris-05,Mouse,1,24.04
2113,2023-06-06,Paris-05,Cables,3,13.03
2114,2023-10-05,Paris-05,Laptop,7,1286.85
2115,2023-02-05,Paris-05,Mouse,7,25.78
2116,2023-08-05,London-01,Mouse,1,22.56
2117,2023-03-16,London-01,Cables,8,16.94
2118,2023-06-10,London-01,Mouse,8,24.35
2119,2023-09-22,Berlin-03,Phone,8,870.15
2120,2023-12-13,Berlin-03,Keyboard,7,102.5
2121,2023-10-05,Tokyo-04,Phone,5,706.9
2122,2023-05-10,Paris-05,Keyboard,7,110.13
2123,2023-01-12,Tokyo-04,Mouse,6,28.54
2124,2023-10-21,London-01,Monitor,7,302.76
2125,2023-08-14,Tokyo-04,Laptop,5,1338.62
2126,2023-05-06,London-01,Phone,7,743.46
2127,2023-05-18,Berlin-03,Monitor,2,285.79
2128,2023-08-22,Tokyo-04,Mouse,3,27.88
2129,2023-08-26,London-01,Keyboard,2,98.39
2130,2023-05-28,Paris-05,Laptop,1,1286.72
2131,2023-05-15,London-01,Laptop,5,1262.63
2132,2023-06-29,Tokyo-04,Monitor,4,283.13
2133,2023-06-07,Paris-05,TV,3,1400.64
2134,2023-11-13,London-01,Laptop,7,1027.13
2135,2023-07-05,NYC-02,Laptop,1,1376.57
2136,2023-11-17,Berlin-03,Phone,7,699.12
2137,2023-04-06,Berlin-03,TV,6,1619.13
2138,2023-04-17,London-01,Cables,4,16.89
2139,2023-08-17,Berlin-03,TV,9,1493.02
2140,2023-05-09,Tokyo-04,Phone,4,764.48
2141,2023-01-12,London-01,Keyboard,5,113.76
2142,2023-03-26,NYC-02,Mouse,3,25.82
2143,2023-06-20,London-01,TV,5,1641.02
2144,2023-09-12,Tokyo-04,Laptop,6,1353.37
2145,2023-01-03,NYC-02,Phone,3,684.47
2146,2023-02-13,London-01,Keyboard,4,108.07
2147,2023-01-20,NYC-02,Monitor,4,335.3
2148,2023-11-20,London-01,Laptop,5,1329.73
2149,2023-02-03,NYC-02,TV,7,1529.45
2150,2023-10-30,Paris-05,Laptop,9,1261.45
2151,2023-04-09,London-01,Laptop,1,1290.13
2152,2023-10-10,Berlin-03,TV,4,1584.13
2153,2023-06-29,Tokyo-04,Mouse,5,23.67
2154,2023-10-13,Paris-05,Mouse,7,25.41
2155,2023-10-20,NYC-02,Keyboard,7,96.98
2156,2023-08-16,Berlin-03,Mouse,2,23.07
2157,2023-12-27,London-01,Cables,5,16.02
2158,2023-05-27,Tokyo-04,Mouse,9,23.62
2159,2023-02-25,London-01,TV,5,1721.97
2160,2023-08-15,NYC-02,Laptop,6,1321.31
2161,2023-12-24,London-01,Cables,2,15.08
2162,2023-08-03,London-01,Mouse,9,27.57
2163,2023-07-27,Paris-05,TV,4,1278.57
2164,2023-01-06,NYC-02,Keyboard,6,87.02
2165,2023-10-10,Berlin-03,Cables,4,17.08
2166,2023-03-19,Tokyo-04,Laptop,6,1214.81
2167,2023-02-05,London-01,Monitor,6,339.99
2168,2023-01-30,Tokyo-04,Laptop,2,1334.28
2169,2023-03-27,London-01,Mouse,6,22.53
2170,2023-04-24,Berlin-03,Keyboard,4,94.74
2171,2023-11-23,London-01,TV,5,1431.19
2172,2023-04-30,Tokyo-04,Monitor,7,297.81
2173,2023-01-07,Berlin-03,Cables,5,14.99
2174,2023-05-26,London-01,Mouse,7,25.73
2175,2023-04-15,Tokyo-04,Keyboard,5,110.24
2176,2023-03-12,Paris-05,Mouse,9,26.07
2177,2023-11-10,Tokyo-04,Cables,8,15.9
2178,2023-12-29,NYC-02,TV,2,1396.81
2179,2023-09-09,Tokyo-04,Monitor,6,324.22
2180,2023-05-24,NYC-02,Monitor,6,340.42
2181,2023-03-25,Berlin-03,TV,5,1381.79
2182,2023-10-16,Tokyo-04,Keyboard,9,89.69
2183,2023-06-08,Tokyo-04,Laptop,5,1026.89
2184,2023-06-19,London-01,Mouse,2,25.28
2185,2023-07-25,Paris-05,Monitor,6,258.82
2186,2023-11-17,Tokyo-04,TV,7,1707.23
2187,2023-12-08,Tokyo-04,Monitor,7,327.22
2188,2023-01-16,Berlin-03,Laptop,6,1229.95
2189,2023-02-20,Tokyo-04,Laptop,9,1331.58
2190,2023-04-10,NYC-02,Phone,3,846.46
2191,2023-10-27,Paris-05,Phone,4,804.8
2192,2023-06-05,Tokyo-04,Cables,5,14.68
2193,2023-07-31,NYC-02,Cables,7,15.64
2194,2023-01-01,Tokyo-04,Phone,3,871.24
2195,2023-04-11,NYC-02,TV,8,1315.74
2196,2023-10-25,Paris-05,Monitor,4,298.79
2197,2023-02-04,London-01,Cables,2,14.03
2198,2023-06-25,Paris-05,Laptop,5,1125.37
2199,2023-03-04,Tokyo-04,TV,4,1681.9
2200,2023-04-20,Paris-05,Monitor,8,263.82
2201,2023-12-05,NYC-02,Mouse,5,24.07
2202,2023-12-18,NYC-02,Phone,1,818.05
2203,2023-08-01,NYC-02,Laptop,8,1264.44
2204,2023-04-10,NYC-02,Cables,1,16.22
2205,2023-06-27,London-01,Laptop,9,1065.39
2206,2023-06-25,London-01,Monitor,6,0.0
2207,2023-04-16,London-01,Laptop,2,1218.61
2208,2023-03-05,Tokyo-04,Cables,7,15.85
2209,2023-10-01,Berlin-03,Keyboard,6,102.67
2210,2023-04-18,Tokyo-04,Monitor,5,291.74
2211,2023-09-10,Tokyo-04,Keyboard,9,108.09
2212,2023-02-12,Tokyo-04,TV,2,1363.57
2213,2023-12-02,UNKNOWN,Phone,1,714.76
2214,2023-04-21,London-01,TV,2,1319.3
2215,2023-11-09,Berlin-03,Phone,4,853.88
2216,2023-02-10,Tokyo-04,TV,6,0.0
2217,2023-01-30,Tokyo-04,Keyboard,8,86.85
2218,2023-05-18,London-01,Laptop,7,1026.03
2219,2023-11-07,Paris-05,Monitor,5,328.4
2220,2023-05-17,London-01,Cables,8,16.15
2221,2023-11-27,Paris-05,TV,8,1321.03
2222,2023-09-09,London-01,Keyboard,9,90.64
2223,2023-02-25,Tokyo-04,Cables,9,13.56
2224,2023-03-30,Paris-05,Cables,7,15.94
2225,2023-08-07,Tokyo-04,Cables,3,0.0
2226,2023-04-11,Berlin-03,Cables,9,16.7
2227,2023-12-22,NYC-02,Keyboard,5,97.82
2228,2023-10-22,Paris-05,Cables,2,12.95
2229,2023-06-20,NYC-02,Keyboard,9,85.45
2230,2023-02-16,NYC-02,Keyboard,4,95.02
2231,2023-04-21,Tokyo-04,TV,7,1485.99
2232,2023-04-13,Berlin-03,Cables,1,16.17
2233,2023-02-22,Tokyo-04,Cables,5,15.86
2234,2023-06-26,NYC-02,Cables,6,16.17
2235,2023-01-02,UNKNOWN,Laptop,5,1064.41
2236,2023-09-08,Paris-05,Mouse,3,23.89
2237,2023-09-02,Tokyo-04,Mouse,1,25.03
2238,2023-06-05,Tokyo-04,Phone,2,742.76
2239,2023-01-24,Paris-05,Cables,6,15.45
2240,2023-06-12,Tokyo-04,Phone,3,746.3
2241,2023-09-01,NYC-02,Monitor,4,264.27
2242,2023-01-05,Tokyo-04,Keyboard,2,104.17
2243,2023-06-27,Berlin-03,Laptop,6,1150.33
2244,2023-09-07,London-01,Phone,7,849.52
2245,2023-03-02,NYC-02,Cables,8,15.64
2246,2023-10-17,Tokyo-04,Cables,2,14.95
2247,2023-03-20,Tokyo-04,Phone,3,847.93
2248,2023-12-02,Tokyo-04,TV,5,1604.19
2249,2023-04-07,Berlin-03,Monitor,9,316.37
2250,2023-05-24,London-01,Keyboard,6,103.7
2251,2023-11-28,Tokyo-04,Mouse,4,25.41
2252,2023-07-06,NYC-02,Cables,5,14.57
2253,2023-09-20,NYC-02,Monitor,9,314.73
2254,2023-01-25,NYC-02,Monitor,5,340.33
2255,2023-12-19,Paris-05,Phone,8,761.64
2256,2023-08-22,Paris-05,Keyboard,1,95.65
2257,2023-10-18,Paris-05,Cables,3,15.69
2258,2023-11-21,Paris-05,TV,2,1492.56
2259,2023-02-14,NYC-02,Cables,2,15.93
2260,2023-04-24,NYC-02,Laptop,1,1141.68
2261,2023-12-13,Tokyo-04,Laptop,3,1250.99
2262,2023-03-28,Paris-05,TV,9,1428.22
2263,2023-03-24,Paris-05,Phone,6,894.31
2264,2023-03-27,London-01,TV,9,1420.64
2265,2023-01-09,London-01,Monitor,6,335.47
2266,2023-07-20,London-01,Mouse,2,27.09
2267,2023-04-03,Paris-05,Phone,5,749.45
2268,2023-12-25,Tokyo-04,Mouse,1,22.29
2269,2023-04-08,Berlin-03,Cables,6,16.63
2270,2023-08-04,Paris-05,Monitor,2,337.34
2271,2023-10-27,London-01,Cables,6,13.95
2272,2023-04-15,London-01,Mouse,1,25.7
2273,2023-10-20,London-01,Phone,3,849.72
2274,2023-12-01,Paris-05,Monitor,5,291.86
2275,2023-05-16,NYC-02,Phone,4,877.0
2276,2023-04-11,NYC-02,Mouse,5,25.41
2277,2023-03-17,Paris-05,Phone,9,695.08
2278,2023-07-28,Tokyo-04,Laptop,8,1299.87
2279,2023-07-05,NYC-02,Mouse,4,26.54
2280,2023-01-11,London-01,TV,2,1662.12
2281,2023-12-29,Paris-05,Keyboard,7,114.32
2282,2023-10-15,Paris-05,Monitor,2,263.72
2283,2023-02-15,London-01,Keyboard,8,89.65
2284,2023-03-13,Tokyo-04,Monitor,7,259.56
2285,2023-10-23,London-01,TV,6,1689.94
2286,2023-10-17,NYC-02,Laptop,3,1218.92
2287,2023-01-03,Tokyo-04,Laptop,2,1149.45
2288,2023-09-27,Berlin-03,Monitor,3,264.63
2289,2023-05-23,London-01,Phone,5,809.13
2290,2023-06-11,London-01,Mouse,6,27.64
2291,2023-08-23,Tokyo-04,TV,1,1407.14
2292,2023-01-19,Paris-05,Laptop,4,1151.44
2293,2023-01-19,Berlin-03,Keyboard,7,98.88
2294,2023-03-22,Paris-05,Phone,9,813.76
2295,2023-10-25,Paris-05,Mouse,9,21.8
2296,2023-12-04,London-01,Phone,5,714.79
2297,2023-05-06,Tokyo-04,Monitor,4,327.45
2298,2023-02-24,London-01,Mouse,6,26.94
2299,2023-12-11,London-01,Mouse,8,25.81
2300,2023-02-05,London-01,Monitor,9,332.38
2301,2023-05-12,NYC-02,TV,1,1676.02
2302,2023-06-26,Berlin-03,TV,4,1625.12
2303,2023-07-30,Berlin-03,Monitor,1,278.49
2304,2023-11-24,NYC-02,Monitor,3,329.99
2305,2023-12-04,Paris-05,Keyboard,5,112.27
2306,2023-04-03,London-01,Keyboard,1,95.05
2307,2023-03-19,Berlin-03,Keyboard,7,112.31
2308,2023-09-13,Tokyo-04,Monitor,2,288.67
2309,2023-01-29,Paris-05,Laptop,1,1124.83
2310,2023-11-12,Tokyo-04,Monitor,4,282.58
2311,2023-02-06,Tokyo-04,Phone,6,720.55
2312,2023-08-01,Paris-05,TV,2,1685.1
2313,2023-08-14,Tokyo-04,Cables,4,14.24
2314,2023-06-24,Paris-05,TV,6,1550.88
2315,2023-04-04,NYC-02,Monitor,4,335.12
2316,2023-07-15,Paris-05,Cables,9,16.16
2317,2023-05-13,London-01,Cables,9,16.13
2318,2023-11-22,Berlin-03,TV,3,1552.8
2319,2023-06-06,Paris-05,Phone,7,848.98
2320,2023-01-23,Paris-05,Keyboard,1,90.96
2321,2023-05-25,Paris-05,Keyboard,9,105.66
2322,2023-06-05,Berlin-03,Cables,5,14.68
2323,2023-08-02,NYC-02,TV,7,1317.38
2324,2023-12-03,Berlin-03,Mouse,4,25.99
2325,2023-09-02,Tokyo-04,Cables,6,14.35
2326,2023-02-05,NYC-02,Monitor,5,268.13
2327,2023-12-26,Berlin-03,Mouse,4,27.53
2328,2023-06-21,NYC-02,Cables,6,16.35
2329,2023-01-03,Berlin-03,Laptop,1,1094.94
2330,2023-12-25,NYC-02,Laptop,2,1174.15
2331,2023-04-09,London-01,Keyboard,2,85.29
2332,2023-09-13,London-01,Monitor,8,274.6
2333,2023-03-14,Tokyo-04,Monitor,6,319.62
2334,2023-06-04,London-01,Phone,4,790.05
2335,2023-09-28,Paris-05,Phone,1,717.93
2336,2023-04-26,Paris-05,Mouse,3,25.92
2337,2023-06-15,Berlin-03,Laptop,2,1220.6
2338,2023-09-14,Paris-05,Monitor,5,297.71
2339,2023-02-16,Tokyo-04,Cables,4,16.21
2340,2023-06-24,Berlin-03,Monitor,6,301.56
2341,2023-05-12,London-01,Keyboard,1,104.16
2342,2023-08-13,London-01,Cables,1,13.02
2343,2023-09-20,London-01,Phone,8,877.41
2344,2023-04-12,Paris-05,Monitor,2,318.19
2345,2023-08-25,Berlin-03,Mouse,8,24.87
2346,2023-12-04,Berlin-03,Monitor,2,318.21
2347,2023-04-17,Paris-05,Phone,2,704.53
2348,2023-08-05,Tokyo-04,Laptop,5,1252.44
2349,2023-10-12,London-01,TV,1,1418.8
2350,2023-11-26,NYC-02,Cables,1,15.13
2351,2023-01-31,Tokyo-04,TV,1,1627.8
2352,2023-10-09,NYC-02,TV,2,1612.83
2353,2023-10-05,Paris-05,Mouse,1,26.84
2354,2023-04-27,Paris-05,Keyboard,7,114.45
2355,2023-11-11,Tokyo-04,Laptop,7,1288.64
2356,2023-08-29,London-01,Keyboard,2,88.73
2357,2023-02-10,Tokyo-04,TV,1,1353.46
2358,2023-05-04,Paris-05,Keyboard,2,92.54
2359,2023-05-02,NYC-02,Phone,5,822.56
2360,2023-08-16,Paris-05,Mouse,8,26.36
2361,2023-05-19,NYC-02,Monitor,6,318.4
2362,2023-11-18,Paris-05,Monitor,6,324.17
2363,2023-11-11,London-01,Keyboard,7,90.26
2364,2023-06-13,NYC-02,TV,5,1521.01
2365,2023-07-18,Berlin-03,TV,6,1662.05
2366,2023-02-07,NYC-02,Phone,9,880.28
2367,2023-08-25,Tokyo-04,Cables,1,12.87
2368,2023-11-07,Berlin-03,Cables,7,17.22
2369,2023-03-18,Paris-05,Cables,1,12.98
2370,2023-06-16,NYC-02,TV,4,1449.37
2371,2023-09-12,Paris-05,Cables,5,14.3
2372,2023-07-17,Paris-05,Mouse,3,23.22
2373,2023-09-15,Berlin-03,Keyboard,1,90.83
2374,2023-06-16,Tokyo-04,Laptop,5,1143.2
2375,2023-11-17,Berlin-03,Keyboard,8,101.21
2376,2023-03-20,NYC-02,Mouse,7,26.16
2377,2023-12-17,Berlin-03,Cables,6,15.06
2378,2023-09-10,Berlin-03,Laptop,7,1345.15
2379,2023-08-06,London-01,TV,5,1298.19
2380,2023-10-29,Paris-05,Mouse,2,24.73
2381,2023-10-19,Berlin-03,Monitor,9,312.77
2382,2023-11-03,NYC-02,TV,8,1705.33
2383,2023-09-10,Paris-05,Monitor,2,294.28
2384,2023-09-26,Paris-05,Phone,1,897.12
2385,2023-01-06,Berlin-03,Keyboard,6,86.17
2386,2023-12-13,Berlin-03,Cables,3,15.89
2387,2023-02-24,Paris-05,Mouse,4,25.0
2388,2023-04-23,Berlin-03,TV,3,1339.66
2389,2023-06-11,Tokyo-04,Keyboard,5,108.03
2390,2023-10-14,London-01,TV,3,1359.71
2391,2023-03-16,Paris-05,Laptop,6,1285.23
2392,2023-06-01,NYC-02,Monitor,7,260.14
2393,2023-06-04,Tokyo-04,TV,7,1605.79
2394,2023-04-08,Berlin-03,Cables,2,15.26
2395,2023-05-10,London-01,Mouse,1,27.26
2396,2023-10-28,Berlin-03,Keyboard,8,96.4
2397,2023-03-26,Tokyo-04,Laptop,9,1061.9
2398,2023-09-09,NYC-02,Laptop,7,1376.73
2399,2023-03-10,Berlin-03,Cables,5,13.27
2400,2023-01-16,Tokyo-04,Laptop,9,1104.72
2401,2023-07-09,Paris-05,Laptop,9,1290.04
2402,2023-08-26,Paris-05,Cables,6,15.73
2403,2023-05-11,London-01,Cables,2,13.49
2404,2023-07-05,Berlin-03,Monitor,5,263.31
2405,2023-10-23,Tokyo-04,Mouse,6,22.23
2406,2023-03-31,NYC-02,Mouse,2,23.88
2407,2023-12-20,Tokyo-04,Cables,6,17.22
2408,2023-10-04,Tokyo-04,Phone,9,861.44
2409,2023-05-01,NYC-02,Laptop,3,1184.89
2410,2023-08-03,NYC-02,Cables,4,16.56
2411,2023-02-17,London-01,Phone,9,736.91
2412,2023-09-13,NYC-02,Laptop,4,1062.73
2413,2023-12-26,London-01,Cables,9,15.71
2414,2023-12-06,Berlin-03,Cables,6,15.07
2415,2023-11-28,NYC-02,Mouse,3,23.62
2416,2023-11-09,NYC-02,Mouse,4,28.22
2417,2023-05-11,London-01,TV,1,1319.43
2418,2023-08-03,Berlin-03,Cables,9,14.12
2419,2023-01-14,Berlin-03,TV,2,1518.17
2420,2023-03-09,Paris-05,Keyboard,7,107.93
2421,2023-05-17,Paris-05,TV,8,1361.47
2422,2023-12-12,Tokyo-04,Laptop,5,1099.94
2423,2023-11-16,NYC-02,Keyboard,1,91.53
2424,2023-04-05,London-01,Monitor,9,320.25
2425,2023-07-04,Tokyo-04,Monitor,3,317.85
2426,2023-04-19,Paris-05,Phone,4,882.2
2427,2023-02-08,London-01,Cables,9,14.27
2428,2023-12-28,Paris-05,Cables,3,14.35
2429,2023-06-07,London-01,Keyboard,1,99.06
2430,2023-10-02,NYC-02,Monitor,6,281.68
2431,2023-11-06,Tokyo-04,Monitor,8,276.87
2432,2023-09-24,London-01,Cables,3,13.63
2433,2023-09-05,NYC-02,TV,6,1652.01
2434,2023-02-15,NYC-02,Cables,6,13.71
2435,2023-12-13,NYC-02,Keyboard,3,107.04
2436,2023-02-08,Berlin-03,Monitor,4,306.79
2437,2023-12-23,Tokyo-04,Monitor,4,265.8
2438,2023-11-20,Berlin-03,Keyboard,2,105.26
2439,2023-10-27,Paris-05,Laptop,4,1160.6
2440,2023-08-13,Paris-05,Cables,6,14.7
2441,2023-12-04,Tokyo-04,Mouse,2,24.52
2442,2023-05-12,Paris-05,TV,8,1469.43
2443,2023-03-23,NYC-02,TV,9,1682.44
2444,2023-01-15,London-01,Cables,6,13.6
2445,2023-10-02,Berlin-03,Mouse,3,27.68
2446,2023-09-30,NYC-02,Mouse,2,28.03
2447,2023-05-04,Tokyo-04,Mouse,8,22.75
2448,2023-08-09,Berlin-03,Phone,1,888.32
2449,2023-10-30,NYC-02,Mouse,3,25.1
2450,2023-08-09,Tokyo-04,TV,5,1641.63
2451,2023-02-18,Tokyo-04,Laptop,2,1079.87
2452,2023-02-03,Paris-05,Monitor,1,315.8
2453,2023-11-28,London-01,Monitor,2,319.37
2454,2023-02-28,Berlin-03,Cables,7,13.96
2455,2023-02-25,Berlin-03,Monitor,2,286.03
2456,2023-11-08,London-01,Laptop,2,1300.3
2457,2023-07-22,Paris-05,Laptop,6,1068.91
2458,2023-04-15,Berlin-03,Cables,4,17.09
2459,2023-03-30,Berlin-03,Keyboard,5,94.05
2460,2023-06-28,Berlin-03,Monitor,9,296.66
2461,2023-11-12,Paris-05,Keyboard,4,85.79
2462,2023-02-05,NYC-02,Mouse,5,26.05
2463,2023-05-06,Berlin-03,TV,9,1604.15
2464,2023-02-04,Paris-05,Keyboard,2,111.62
2465,2023-05-26,Paris-05,Mouse,5,21.66
2466,2023-02-14,Berlin-03,Mouse,1,22.21
2467,2023-05-09,NYC-02,Keyboard,6,97.57
2468,2023-05-31,NYC-02,Monitor,6,260.79
2469,2023-09-25,Tokyo-04,Laptop,9,1150.0
2470,2023-03-10,Tokyo-04,Mouse,1,28.31
2471,2023-09-25,London-01,Cables,2,15.34
2472,2023-12-20,Tokyo-04,Laptop,3,1228.08
2473,2023-07-10,Tokyo-04,Laptop,2,1071.92
2474,2023-10-05,Tokyo-04,Monitor,4,302.89
2475,2023-06-07,Paris-05,Laptop,5,1051.46
2476,2023-01-15,Berlin-03,Monitor,5,328.03
2477,2023-10-10,Berlin-03,Cables,2,16.66
2478,2023-07-29,London-01,Monitor,8,292.5
2479,2023-10-25,Berlin-03,Keyboard,1,98.77
2480,2023-09-04,London-01,Cables,3,14.86
2481,2023-03-03,Berlin-03,Cables,3,16.4
2482,2023-08-06,Tokyo-04,Keyboard,4,85.19
2483,2023-07-11,Tokyo-04,Monitor,8,336.89
2484,2023-03-30,Berlin-03,Mouse,6,24.73
2485,2023-01-18,NYC-02,Mouse,4,24.82
2486,2023-11-26,Paris-05,Monitor,6,341.77
2487,2023-10-25,Berlin-03,Keyboard,1,97.93
2488,2023-12-11,NYC-02,Laptop,5,1366.71
2489,2023-02-27,London-01,Monitor,4,263.61
2490,2023-08-12,Paris-05,TV,2,1301.27
2491,2023-11-28,Paris-05,Laptop,1,1215.75
2492,2023-04-21,Tokyo-04,Keyboard,2,103.54
2493,2023-03-09,Berlin-03,Phone,8,685.26
2494,2023-01-21,Berlin-03,Laptop,4,1075.83
2495,2023-05-24,London-01,TV,1,1701.77
2496,2023-05-12,Berlin-03,Phone,6,718.89
2497,2023-11-27,UNKNOWN,Phone,6,889.09
2498,2023-06-30,Berlin-03,Monitor,3,316.85
2499,2023-04-06,UNKNOWN,Phone,6,725.29
2500,2023-10-06,Berlin-03,Cables,9,16.1
2501,2023-07-30,London-01,Laptop,9,1348.12
2502,2023-08-23,Berlin-03,Laptop,7,1336.09
2503,2023-04-08,Paris-05,Monitor,7,293.13
2504,2023-04-25,Tokyo-04,Keyboard,3,98.58
2505,2023-09-20,Berlin-03,TV,7,1422.73
2506,2023-06-29,Berlin-03,Keyboard,2,98.57
2507,2023-01-05,Berlin-03,Phone,9,878.37
2508,2023-02-05,Paris-05,Keyboard,1,87.6
2509,2023-07-29,Berlin-03,Mouse,9,24.49
2510,2023-06-07,Berlin-03,TV,1,1316.0
2511,2023-11-27,Paris-05,Mouse,7,22.76
2512,2023-06-11,London-01,Cables,6,15.38
2513,2023-03-26,NYC-02,Phone,4,771.6
2514,2023-10-03,Paris-05,Mouse,7,27.76
2515,2023-08-05,NYC-02,Mouse,1,26.69
2516,2023-02-11,NYC-02,Laptop,1,1233.21
2517,2023-08-16,London-01,TV,4,1367.52
2518,2023-09-12,London-01,Cables,2,15.22
2519,2023-06-16,London-01,TV,3,1607.45
2520,2023-04-06,Tokyo-04,Laptop,2,1033.75
2521,2023-08-15,NYC-02,Phone,8,897.84
2522,2023-01-11,Berlin-03,Laptop,7,1289.45
2523,2023-12-12,NYC-02,Monitor,5,324.59
2524,2023-11-15,Berlin-03,Monitor,1,336.24
2525,2023-10-30,Paris-05,TV,1,1442.36
2526,2023-06-10,NYC-02,Laptop,7,1152.64
2527,2023-01-07,Tokyo-04,Keyboard,3,95.94
2528,2023-01-08,Tokyo-04,Phone,9,693.18
2529,2023-11-30,London-01,Mouse,5,25.79
2530,2023-10-13,Berlin-03,Laptop,5,1052.45
2531,2023-06-05,NYC-02,Laptop,7,1161.54
2532,2023-07-15,Tokyo-04,Monitor,1,275.98
2533,2023-12-23,Tokyo-04,Phone,1,900.85
2534,2023-04-18,Paris-05,Monitor,2,298.07
2535,2023-05-26,London-01,Laptop,5,1340.34
2536,2023-06-30,Berlin-03,Monitor,6,289.35
2537,2023-02-21,Paris-05,Phone,1,736.5
2538,2023-06-03,Paris-05,Laptop,7,1232.36
2539,2023-12-04,London-01,Monitor,5,274.07
2540,2023-12-28,NYC-02,Keyboard,2,95.04
2541,2023-03-23,Berlin-03,Laptop,3,1200.47
2542,2023-04-28,NYC-02,TV,7,1614.85
2543,2023-02-05,Berlin-03,Mouse,4,21.71
2544,2023-10-01,Berlin-03,Mouse,4,26.94
2545,2023-12-03,NYC-02,Monitor,1,308.89
2546,2023-07-23,NYC-02,Keyboard,8,92.52
2547,2023-09-23,London-01,TV,4,1307.12
2548,2023-12-11,NYC-02,Mouse,2,24.54
2549,2023-06-22,Paris-05,TV,9,1393.78
2550,2023-05-13,Berlin-03,Phone,9,759.7
2551,2023-11-24,Paris-05,TV,8,1316.4
2552,2023-05-01,Paris-05,Cables,4,13.19
2553,2023-04-12,Tokyo-04,Monitor,6,260.0
2554,2023-04-02,Berlin-03,Monitor,7,298.11
2555,2023-11-04,Paris-05,Monitor,6,330.87
2556,2023-07-11,Berlin-03,TV,6,1598.0
2557,2023-03-19,London-01,Cables,6,16.76
2558,2023-06-05,Tokyo-04,Phone,3,827.66
2559,2023-05-24,Berlin-03,Laptop,7,1360.87
2560,2023-05-20,Paris-05,Phone,2,782.75
2561,2023-04-12,Tokyo-04,Laptop,4,1357.5
2562,2023-12-31,London-01,Keyboard,3,110.44
2563,2023-08-25,Paris-05,Monitor,4,340.39
2564,2023-05-27,Berlin-03,Phone,7,810.41
2565,2023-02-19,Tokyo-04,Mouse,9,22.75
2566,2023-07-09,Berlin-03,Phone,9,911.78
2567,2023-01-20,Paris-05,Monitor,7,293.21
2568,2023-03-29,London-01,Laptop,5,1061.27
2569,2023-01-14,Tokyo-04,Cables,1,16.21
2570,2023-03-05,NYC-02,Mouse,2,28.53
2571,2023-02-28,Paris-05,TV,4,1547.78
2572,2023-11-28,NYC-02,Laptop,1,1073.13
2573,2023-02-24,London-01,Mouse,8,25.1
2574,2023-12-24,NYC-02,Keyboard,9,88.4
2575,2023-09-26,Paris-05,Cables,1,16.61
2576,2023-09-13,London-01,Keyboard,1,88.54
2577,2023-07-14,UNKNOWN,Keyboard,5,91.41
2578,2023-08-16,NYC-02,TV,7,1389.05
2579,2023-02-05,Tokyo-04,Laptop,8,1334.91
2580,2023-02-08,London-01,Cables,8,13.76
2581,2023-06-12,NYC-02,Laptop,7,1077.88
2582,2023-04-23,Paris-05,Cables,2,14.75
2583,2023-05-21,Berlin-03,Mouse,1,24.42
2584,2023-03-18,Berlin-03,Laptop,3,1302.29
2585,2023-07-11,Paris-05,Cables,2,12.96
2586,2023-12-18,Paris-05,Monitor,5,319.97
2587,2023-11-27,NYC-02,Monitor,1,342.52
2588,2023-02-19,Berlin-03,Cables,5,15.81
2589,2023-02-08,Berlin-03,Keyboard,4,86.19
2590,2023-08-16,London-01,Laptop,9,1336.82
2591,2023-05-03,Paris-05,Phone,4,889.29
2592,2023-06-19,NYC-02,Phone,5,0.0
2593,2023-05-03,Berlin-03,Phone,7,907.85
2594,2023-11-10,London-01,Phone,3,810.12
2595,2023-10-23,NYC-02,TV,3,1384.99
2596,2023-06-14,Berlin-03,Cables,2,13.4
2597,2023-09-27,NYC-02,TV,3,1666.96
2598,2023-04-23,Tokyo-04,Monitor,6,278.43
2599,2023-01-22,London-01,TV,7,1411.04
2600,2023-06-23,London-01,TV,4,1609.82
2601,2023-11-22,Tokyo-04,Phone,9,862.98
2602,2023-01-08,NYC-02,Laptop,1,1048.27
2603,2023-09-02,Paris-05,Laptop,5,1374.33
2604,2023-04-30,London-01,Phone,9,842.71
2605,2023-04-24,Tokyo-04,Laptop,2,1106.51
2606,2023-10-24,London-01,TV,2,1476.01
2607,2023-06-11,Tokyo-04,Cables,7,16.58
2608,2023-12-29,Paris-05,Phone,8,854.5
2609,2023-08-06,Paris-05,Phone,9,906.46
2610,2023-02-24,London-01,Cables,1,15.78
2611,2023-11-03,Berlin-03,TV,8,1441.01
2612,2023-08-18,London-01,Mouse,4,23.07
2613,2023-01-12,London-01,Keyboard,7,104.47
2614,2023-07-22,NYC-02,Monitor,8,314.43
2615,2023-04-30,Berlin-03,TV,4,1407.56
2616,2023-09-21,NYC-02,Laptop,4,1138.95
2617,2023-07-27,NYC-02,Phone,9,886.57
2618,2023-05-15,Berlin-03,Mouse,8,24.03
2619,2023-08-31,Tokyo-04,Keyboard,5,93.13
2620,2023-01-24,Tokyo-04,Cables,3,15.24
2621,2023-08-31,NYC-02,Monitor,2,289.65
2622,2023-08-27,Tokyo-04,Monitor,5,267.05
2623,2023-06-14,Paris-05,Cables,7,13.76
2624,2023-09-28,Berlin-03,TV,4,1427.9
2625,2023-10-11,NYC-02,Mouse,4,24.24
2626,2023-11-01,London-01,Mouse,7,25.63
2627,2023-06-01,Tokyo-04,Phone,1,766.55
2628,2023-02-18,NYC-02,Phone,6,757.96
2629,2023-11-06,NYC-02,Monitor,8,304.39
2630,2023-09-26,London-01,Mouse,4,21.43
2631,2023-05-30,London-01,Phone,5,780.53
2632,2023-06-07,NYC-02,Cables,2,15.99
2633,2023-05-16,NYC-02,Phone,7,786.62
2634,2023-02-04,NYC-02,Phone,9,815.91
2635,2023-02-24,Paris-05,TV,8,0.0
2636,2023-05-09,London-01,Mouse,4,24.35
2637,2023-02-26,London-01,Laptop,7,1064.46
2638,2023-09-20,Tokyo-04,Phone,7,837.91
2639,2023-06-05,NYC-02,Mouse,2,21.62
2640,2023-03-10,Paris-05,Laptop,7,1330.14
2641,2023-06-02,London-01,Monitor,5,338.92
2642,2023-01-06,Berlin-03,Cables,2,13.0
2643,2023-04-10,NYC-02,Keyboard,9,99.18
2644,2023-04-04,Tokyo-04,Cables,6,15.92
2645,2023-02-18,Tokyo-04,Monitor,6,326.78
2646,2023-10-03,Tokyo-04,Keyboard,5,88.47
2647,2023-07-30,Paris-05,Monitor,2,307.79
2648,2023-02-27,London-01,Monitor,2,280.44
2649,2023-04-29,Paris-05,Cables,3,17.03
2650,2023-07-16,London-01,Cables,5,13.88
2651,2023-01-19,Paris-05,Phone,6,708.76
2652,2023-10-16,London-01,TV,8,1554.28
2653,2023-02-13,Paris-05,TV,8,1655.51
2654,2023-11-11,Paris-05,Keyboard,6,90.5
2655,2023-12-08,Berlin-03,TV,6,0.0
2656,2023-10-08,Paris-05,Phone,9,697.66
2657,2023-02-09,London-01,Laptop,3,1178.49
2658,2023-10-04,Paris-05,Laptop,4,1240.95
2659,2023-10-12,Berlin-03,Monitor,4,337.47
2660,2023-07-19,Berlin-03,Cables,1,15.04
2661,2023-06-07,NYC-02,Cables,1,16.59
2662,2023-06-09,Paris-05,Cables,4,13.18
2663,2023-04-30,Tokyo-04,Keyboard,6,88.09
2664,2023-07-31,Berlin-03,Monitor,8,334.39
2665,2023-08-09,London-01,Phone,4,702.58
2666,2023-10-03,NYC-02,Monitor,8,267.34
2667,2023-01-11,Paris-05,Keyboard,3,86.19
2668,2023-06-03,London-01,TV,8,1296.32
2669,2023-01-31,NYC-02,Laptop,5,1272.74
2670,2023-11-03,London-01,Phone,4,706.33
2671,2023-12-10,NYC-02,Mouse,3,24.42
2672,2023-09-30,Tokyo-04,Laptop,1,1239.98
2673,2023-02-19,Berlin-03,Cables,6,15.75
2674,2023-06-18,Berlin-03,Monitor,7,295.03
2675,2023-03-29,NYC-02,Keyboard,9,106.68
2676,2023-05-28,Paris-05,TV,6,1557.74
2677,2023-01-29,Paris-05,Phone,8,856.82
2678,2023-04-21,Tokyo-04,Keyboard,6,109.28
2679,2023-03-24,Berlin-03,TV,2,1641.5
2680,2023-07-31,Paris-05,Cables,3,15.69
2681,2023-07-04,NYC-02,Monitor,2,335.23
2682,2023-08-04,London-01,Cables,1,14.94
2683,2023-05-17,NYC-02,Phone,7,839.4
2684,2023-02-21,Paris-05,Keyboard,9,96.65
2685,2023-04-06,Berlin-03,TV,7,1624.35
2686,2023-11-02,Tokyo-04,Laptop,6,1267.99
2687,2023-11-21,Berlin-03,Mouse,5,27.27
2688,2023-05-31,London-01,Monitor,8,335.74
2689,2023-11-13,Berlin-03,Laptop,9,1194.71
2690,2023-10-26,London-01,Cables,5,15.34
2691,2023-02-21,Tokyo-04,Laptop,9,1375.6
2692,2023-08-17,London-01,Mouse,1,22.81
2693,2023-09-22,Berlin-03,Cables,7,15.43
2694,2023-03-15,NYC-02,Monitor,7,270.39
2695,2023-10-05,Paris-05,Laptop,7,1303.8
2696,2023-07-07,Paris-05,TV,2,1660.63
2697,2023-09-29,Berlin-03,Monitor,9,279.97
2698,2023-06-28,London-01,Phone,5,691.44
2699,2023-05-29,NYC-02,TV,5,0.0
2700,2023-09-12,London-01,Laptop,4,1299.5
2701,2023-12-17,Tokyo-04,Keyboard,5,85.23
2702,2023-10-25,London-01,Cables,5,13.27
2703,2023-02-03,NYC-02,Phone,6,911.17
2704,2023-08-08,Berlin-03,Monitor,7,283.2
2705,2023-10-21,Paris-05,Monitor,1,267.72
2706,2023-10-28,London-01,Keyboard,9,112.51
2707,2023-07-06,Paris-05,Keyboard,8,105.08
2708,2023-01-16,London-01,Laptop,7,1056.89
2709,2023-07-30,London-01,Keyboard,2,111.39
2710,2023-01-11,Paris-05,Keyboard,3,85.21
2711,2023-08-02,Paris-05,Mouse,2,23.92
2712,2023-12-31,NYC-02,Laptop,7,1110.89
2713,2023-11-30,Tokyo-04,Keyboard,9,88.14
2714,2023-06-20,NYC-02,Laptop,5,1257.96
2715,2023-06-25,NYC-02,Cables,2,14.53
2716,2023-06-07,Paris-05,Laptop,5,1169.48
2717,2023-01-02,Paris-05,Monitor,4,320.67
2718,2023-12-24,Berlin-03,Keyboard,2,92.13
2719,2023-08-29,NYC-02,Keyboard,1,113.68
2720,2023-06-29,Berlin-03,TV,3,1492.29
2721,2023-10-13,Paris-05,Phone,3,740.11
2722,2023-04-14,Paris-05,Cables,3,16.03
2723,2023-06-14,NYC-02,Laptop,6,1236.52
2724,2023-09-19,Tokyo-04,Monitor,3,271.53
2725,2023-12-24,London-01,Cables,8,15.66
2726,2023-06-03,Tokyo-04,Keyboard,3,87.24
2727,2023-03-04,NYC-02,TV,9,1701.83
2728,2023-04-23,Berlin-03,Mouse,2,28.17
2729,2023-03-09,Berlin-03,Keyboard,6,112.73
2730,2023-06-24,Tokyo-04,Phone,9,865.89
2731,2023-10-30,Berlin-03,Monitor,3,298.26
2732,2023-08-21,Berlin-03,TV,8,1688.99
2733,2023-06-13,London-01,Monitor,7,259.75
2734,2023-03-29,Berlin-03,Monitor,6,301.27
2735,2023-07-19,London-01,Mouse,1,23.03
2736,2023-05-16,NYC-02,Laptop,3,1078.53
2737,2023-08-27,NYC-02,Mouse,1,25.42
2738,2023-09-21,Paris-05,Monitor,1,287.45
2739,2023-09-27,London-01,Monitor,5,300.06
2740,2023-06-29,Berlin-03,Laptop,4,1056.1
2741,2023-03-11,Berlin-03,Keyboard,7,96.72
2742,2023-12-14,NYC-02,Keyboard,4,92.05
2743,2023-10-13,NYC-02,Monitor,9,309.62
2744,2023-11-22,NYC-02,TV,4,1448.24
2745,2023-07-12,Berlin-03,TV,6,1559.63
2746,2023-04-14,NYC-02,Keyboard,1,102.65
2747,2023-12-14,London-01,Keyboard,1,92.52
2748,2023-12-01,Berlin-03,Laptop,5,1119.68
2749,2023-03-01,London-01,Phone,5,872.36
2750,2023-03-06,Tokyo-04,Monitor,5,264.32
2751,2023-12-17,Berlin-03,Laptop,1,1192.22
2752,2023-08-13,Berlin-03,Cables,4,14.63
2753,2023-07-14,London-01,TV,5,1711.48
2754,2023-10-21,Paris-05,Keyboard,5,103.57
2755,2023-04-28,Paris-05,TV,6,1505.78
2756,2023-06-15,NYC-02,Keyboard,2,112.83
2757,2023-09-02,Tokyo-04,Phone,3,822.76
2758,2023-04-15,Tokyo-04,Cables,4,13.75
2759,2023-07-05,NYC-02,TV,5,1588.0
2760,2023-10-06,Paris-05,Phone,7,761.6
2761,2023-10-06,London-01,Mouse,5,27.25
2762,2023-06-05,Paris-05,Laptop,7,1278.49
2763,2023-04-06,London-01,Cables,4,14.16
2764,2023-03-20,NYC-02,Mouse,6,22.08
2765,2023-06-02,Berlin-03,Keyboard,4,110.36
2766,2023-10-01,London-01,Keyboard,1,113.06
2767,2023-02-10,Tokyo-04,TV,1,1479.99
2768,2023-09-21,London-01,Cables,6,14.32
2769,2023-11-29,London-01,Phone,3,786.33
2770,2023-11-05,Tokyo-04,Phone,6,696.04
2771,2023-01-22,Tokyo-04,Mouse,7,25.91
2772,2023-02-19,Berlin-03,Mouse,4,26.2
2773,2023-09-10,Tokyo-04,Cables,4,14.9
2774,2023-02-05,Paris-05,TV,2,1506.27
2775,2023-09-28,Berlin-03,Cables,9,12.77
2776,2023-10-22,Paris-05,Cables,9,14.78
2777,2023-04-24,NYC-02,Phone,4,722.78
2778,2023-06-09,London-01,TV,5,1305.04
2779,2023-02-12,NYC-02,Cables,8,16.38
2780,2023-02-21,Berlin-03,Laptop,3,1323.3
2781,2023-02-18,NYC-02,Monitor,1,293.2
2782,2023-07-14,NYC-02,Phone,9,826.43
2783,2023-02-25,Tokyo-04,Keyboard,9,88.37
2784,2023-07-16,Tokyo-04,Cables,7,16.77
2785,2023-06-26,London-01,Mouse,1,28.37
2786,2023-04-14,London-01,TV,4,1707.88
2787,2023-11-13,Berlin-03,Cables,6,16.06
2788,2023-06-01,Paris-05,Phone,5,893.68
2789,2023-08-23,Tokyo-04,Monitor,5,255.46
2790,2023-12-03,Paris-05,TV,5,1491.32
2791,2023-06-11,Berlin-03,Laptop,3,1190.58
2792,2023-03-09,Tokyo-04,Mouse,7,0.0
2793,2023-09-20,Paris-05,Phone,1,853.7
2794,2023-08-12,Berlin-03,Phone,4,867.56
2795,2023-12-08,London-01,Mouse,6,23.62
2796,2023-05-26,Paris-05,Mouse,9,27.45
2797,2023-06-29,NYC-02,Phone,3,789.58
2798,2023-06-16,Paris-05,Cables,2,16.82
2799,2023-10-19,London-01,Laptop,5,1322.96
2800,2023-05-30,Berlin-03,Cables,2,13.56
2801,2023-08-03,NYC-02,Keyboard,1,105.78
2802,2023-03-22,London-01,Mouse,1,26.2
2803,2023-05-21,Tokyo-04,Mouse,9,23.5
2804,2023-06-22,Tokyo-04,Mouse,9,24.37
2805,2023-12-09,NYC-02,TV,8,1494.33
2806,2023-10-20,London-01,Cables,9,15.68
2807,2023-10-23,Berlin-03,TV,3,1487.35
2808,2023-10-30,London-01,Monitor,7,263.73
2809,2023-09-28,London-01,Laptop,4,1075.17
2810,2023-01-10,Tokyo-04,Mouse,7,24.09
2811,2023-02-10,London-01,Mouse,7,24.29
2812,2023-03-08,London-01,Phone,4,806.29
2813,2023-08-05,Berlin-03,Mouse,1,26.88
2814,2023-01-05,Paris-05,Laptop,6,1103.78
2815,2023-01-17,NYC-02,Laptop,1,1046.87
2816,2023-10-24,NYC-02,Keyboard,8,90.44
2817,2023-08-24,London-01,TV,4,1537.07
2818,2023-01-11,Tokyo-04,Laptop,1,1118.41
2819,2023-05-27,Paris-05,Phone,8,711.9
2820,2023-02-24,Berlin-03,Cables,2,16.43
2821,2023-03-02,NYC-02,Cables,7,17.2
2822,2023-07-14,Paris-05,Cables,7,15.02
2823,2023-12-27,Paris-05,Cables,2,12.91
2824,2023-09-20,NYC-02,Laptop,9,1063.5
2825,2023-04-09,Berlin-03,Monitor,6,336.9
2826,2023-08-03,NYC-02,TV,7,1712.95
2827,2023-01-29,Paris-05,Monitor,4,275.81
2828,2023-02-21,Paris-05,Keyboard,5,107.64
2829,2023-02-21,London-01,Phone,6,721.84
2830,2023-04-26,Tokyo-04,Monitor,8,279.47
2831,2023-03-06,Tokyo-04,Monitor,7,295.81
2832,2023-01-16,Paris-05,Phone,1,847.39
2833,2023-01-28,London-01,Laptop,3,1155.62
2834,2023-12-22,Berlin-03,Phone,1,0.0
2835,2023-03-24,Paris-05,Mouse,6,25.64
2836,2023-01-24,Berlin-03,Keyboard,9,106.53
2837,2023-02-04,Berlin-03,TV,2,1364.96
2838,2023-02-13,Paris-05,Mouse,6,28.44
2839,2023-10-13,Berlin-03,Mouse,3,24.09
2840,2023-05-20,Tokyo-04,Cables,9,17.24
2841,2023-02-12,Berlin-03,Laptop,3,1216.02
2842,2023-12-17,London-01,Mouse,5,22.17
2843,2023-06-11,Berlin-03,Monitor,4,285.38
2844,2023-08-22,Paris-05,Mouse,2,25.08
2845,2023-02-23,Paris-05,Laptop,7,1129.66
2846,2023-05-25,Tokyo-04,Cables,1,16.45
2847,2023-01-11,Paris-05,Mouse,3,21.54
2848,2023-11-03,Tokyo-04,Monitor,9,337.57
2849,2023-05-19,Berlin-03,TV,4,1440.31
2850,2023-04-10,London-01,TV,7,1705.8
2851,2023-12-13,NYC-02,Keyboard,7,110.75
2852,2023-11-17,NYC-02,Cables,1,16.61
2853,2023-07-11,London-01,Mouse,7,26.72
2854,2023-04-14,Tokyo-04,Mouse,9,22.17
2855,2023-10-08,Berlin-03,Laptop,3,1317.5
2856,2023-09-07,Paris-05,Phone,9,698.43
2857,2023-01-27,London-01,TV,7,1537.78
2858,2023-04-29,Paris-05,Phone,1,831.26
2859,2023-01-31,Tokyo-04,Keyboard,2,106.95
2860,2023-01-25,Berlin-03,TV,2,1350.44
2861,2023-05-22,Paris-05,Mouse,3,22.89
2862,2023-07-12,Paris-05,Cables,6,16.57
2863,2023-08-23,Berlin-03,Keyboard,4,100.62
2864,2023-09-13,Tokyo-04,Mouse,6,24.45
2865,2023-06-05,Berlin-03,Mouse,5,26.36
2866,2023-04-06,Tokyo-04,Mouse,5,25.8
2867,2023-11-02,Tokyo-04,Mouse,2,25.0
2868,2023-05-03,NYC-02,TV,4,1505.09
2869,2023-09-12,Tokyo-04,TV,8,1656.2
2870,2023-06-01,Tokyo-04,Cables,4,17.0
2871,2023-06-29,Paris-05,Laptop,5,1194.71
2872,2023-06-03,Paris-05,Laptop,6,1245.51
2873,2023-12-08,NYC-02,Cables,2,16.4
2874,2023-12-09,NYC-02,Laptop,6,1209.12
2875,2023-03-11,Tokyo-04,Monitor,6,331.54
2876,2023-03-07,NYC-02,Cables,8,15.16
2877,2023-06-18,London-01,Keyboard,4,92.13
2878,2023-04-02,NYC-02,Mouse,5,21.63
2879,2023-06-26,London-01,Monitor,1,322.23
2880,2023-12-16,Tokyo-04,Cables,5,14.7
2881,2023-01-23,London-01,Monitor,4,284.18
2882,2023-07-07,Berlin-03,Laptop,6,1331.52
2883,2023-12-27,NYC-02,Mouse,4,22.47
2884,2023-02-05,Paris-05,Mouse,9,22.65
2885,2023-09-15,Tokyo-04,Keyboard,4,93.99
2886,2023-02-23,Tokyo-04,TV,7,1475.46
2887,2023-10-06,Berlin-03,Phone,9,856.82
2888,2023-01-25,NYC-02,Cables,8,15.24
2889,2023-05-04,Paris-05,Mouse,8,24.23
2890,2023-10-29,NYC-02,TV,6,1322.27
2891,2023-10-25,Berlin-03,TV,9,1583.12
2892,2023-05-26,NYC-02,Laptop,1,1263.26
2893,2023-07-01,London-01,Phone,1,736.14
2894,2023-01-31,Berlin-03,Laptop,9,1160.92
2895,2023-09-11,London-01,Keyboard,6,110.14
2896,2023-03-09,Paris-05,Keyboard,8,93.82
2897,2023-12-25,London-01,Laptop,6,1125.81
2898,2023-03-01,London-01,Mouse,6,24.64
2899,2023-01-28,Berlin-03,Phone,2,712.3
2900,2023-09-25,Paris-05,Mouse,8,21.57
2901,2023-12-27,NYC-02,Cables,1,14.8
2902,2023-11-22,Tokyo-04,Phone,7,841.6
2903,2023-04-05,Paris-05,TV,3,1582.37
2904,2023-01-08,Berlin-03,Keyboard,7,114.74
2905,2023-06-15,Berlin-03,Laptop,7,1363.01
2906,2023-03-26,Tokyo-04,Cables,4,16.83
2907,2023-10-16,NYC-02,Cables,1,15.36
2908,2023-01-02,London-01,Cables,8,16.6
2909,2023-11-24,Tokyo-04,Laptop,2,1329.81
2910,2023-11-23,NYC-02,Mouse,3,23.27
2911,2023-02-05,Berlin-03,TV,3,1544.72
2912,2023-07-30,Berlin-03,Monitor,8,295.38
2913,2023-08-23,Tokyo-04,Keyboard,9,94.71
2914,2023-11-17,NYC-02,Keyboard,2,98.06
2915,2023-06-26,Paris-05,Monitor,3,270.08
2916,2023-02-19,Paris-05,Mouse,5,21.65
2917,2023-06-12,UNKNOWN,Monitor,3,294.28
2918,2023-05-01,NYC-02,Laptop,8,1241.05
2919,2023-06-19,Berlin-03,Phone,4,717.73
2920,2023-08-13,London-01,Mouse,5,28.0
2921,2023-02-20,NYC-02,Keyboard,8,98.22
2922,2023-01-28,London-01,TV,8,1333.65
2923,2023-05-28,Tokyo-04,Phone,7,825.1
2924,2023-09-27,Paris-05,TV,5,1506.19
2925,2023-10-02,London-01,Keyboard,8,108.11
2926,2023-08-16,Tokyo-04,Cables,8,13.85
2927,2023-09-14,Berlin-03,Phone,6,730.18
2928,2023-07-23,London-01,Phone,3,851.61
2929,2023-02-15,Paris-05,Phone,1,783.59
2930,2023-02-06,Paris-05,Keyboard,4,88.39
2931,2023-12-28,Paris-05,Monitor,4,336.61
2932,2023-06-08,Berlin-03,TV,7,1529.94
2933,2023-10-03,London-01,Cables,2,17.16
2934,2023-12-07,Berlin-03,Keyboard,7,86.54
2935,2023-06-13,Paris-05,TV,3,1578.45
2936,2023-07-20,Tokyo-04,Laptop,6,1078.98
2937,2023-12-11,London-01,Phone,8,850.12
2938,2023-11-22,Tokyo-04,Monitor,2,326.05
2939,2023-03-04,London-01,TV,4,1290.62
2940,2023-08-26,London-01,Phone,2,751.49
2941,2023-03-30,NYC-02,Laptop,8,1328.19
2942,2023-03-19,Tokyo-04,Cables,3,16.11
2943,2023-04-13,London-01,Monitor,7,336.35
2944,2023-05-23,London-01,Phone,8,905.09
2945,2023-12-20,NYC-02,Keyboard,7,96.66
2946,2023-08-03,London-01,Keyboard,7,107.09
2947,2023-09-16,London-01,TV,7,1563.53
2948,2023-09-18,Tokyo-04,Cables,4,13.62
2949,2023-04-15,Paris-05,Mouse,9,28.42
2950,2023-01-16,Tokyo-04,Mouse,5,25.76
2951,2023-04-14,Paris-05,Mouse,6,22.44
2952,2023-09-02,Paris-05,Mouse,2,23.57
2953,2023-09-04,NYC-02,Keyboard,3,91.09
2954,2023-10-27,London-01,Laptop,4,1347.96
2955,2023-08-29,Berlin-03,TV,4,1298.24
2956,2023-08-10,UNKNOWN,Keyboard,3,106.64
2957,2023-11-09,London-01,Phone,3,783.05
2958,2023-05-17,London-01,TV,9,1530.34
2959,2023-04-20,London-01,Phone,7,892.82
2960,2023-07-24,Berlin-03,Phone,5,899.41
2961,2023-04-15,Berlin-03,Mouse,7,28.61
2962,2023-05-18,Paris-05,Cables,1,14.54
2963,2023-10-16,Tokyo-04,Phone,7,798.65
2964,2023-12-06,Tokyo-04,Phone,6,893.51
2965,2023-03-31,NYC-02,Cables,7,12.89
2966,2023-09-17,Tokyo-04,Phone,1,820.88
2967,2023-07-11,Tokyo-04,Phone,6,831.0
2968,2023-07-08,London-01,Phone,3,776.07
2969,2023-02-03,Berlin-03,Cables,2,15.98
2970,2023-03-13,NYC-02,TV,9,1314.01
2971,2023-12-14,London-01,Mouse,7,21.42
2972,2023-03-23,London-01,Laptop,3,1235.62
2973,2023-01-18,Tokyo-04,Keyboard,1,90.59
2974,2023-09-21,London-01,Phone,4,805.47
2975,2023-02-02,NYC-02,TV,1,1578.15
2976,2023-02-06,Tokyo-04,Mouse,5,27.08
2977,2023-03-08,London-01,Cables,4,14.56
2978,2023-03-25,Paris-05,Monitor,4,337.46
2979,2023-10-06,Tokyo-04,Cables,7,14.03
2980,2023-11-29,Tokyo-04,Mouse,5,24.72
2981,2023-05-17,Berlin-03,Monitor,6,312.54
2982,2023-08-20,NYC-02,Keyboard,8,92.76
2983,2023-06-22,London-01,Phone,3,786.42
2984,2023-08-19,Berlin-03,Cables,1,16.81
2985,2023-02-25,Tokyo-04,Laptop,9,1256.82
2986,2023-07-16,Paris-05,Mouse,3,24.74
2987,2023-05-01,Tokyo-04,Keyboard,8,100.37
2988,2023-03-22,Berlin-03,Keyboard,5,93.41
2989,2023-08-05,Paris-05,Monitor,1,0.0
2990,2023-08-16,Berlin-03,Mouse,8,28.09
2991,2023-04-06,Paris-05,Phone,6,883.56
2992,2023-02-03,Paris-05,Phone,7,915.67
2993,2023-06-17,London-01,Phone,3,859.2
2994,2023-02-22,London-01,Phone,8,725.47
2995,2023-10-03,London-01,Cables,8,16.76
2996,2023-05-08,London-01,Laptop,5,1176.43
2997,2023-08-21,London-01,Keyboard,5,85.58
2998,2023-01-12,Tokyo-04,Keyboard,9,104.69
2999,2023-05-28,Tokyo-04,Laptop,4,1113.45
3000,2023-04-16,London-01,Keyboard,3,103.74
3001,2023-02-06,NYC-02,Cables,8,16.02
3002,2023-03-05,Tokyo-04,Keyboard,7,90.3
3003,2023-06-12,Paris-05,Phone,5,747.54
3004,2023-11-05,NYC-02,Cables,9,14.04
3005,2023-06-14,Tokyo-04,TV,2,1653.2
3006,2023-12-25,Paris-05,Keyboard,5,114.42
3007,2023-10-30,Berlin-03,Keyboard,2,89.52
3008,2023-04-10,London-01,Cables,6,16.44
3009,2023-02-19,Tokyo-04,Mouse,3,23.5
3010,2023-07-06,NYC-02,Cables,1,16.83
3011,2023-01-22,Berlin-03,Phone,5,882.78
3012,2023-02-12,Tokyo-04,Keyboard,2,95.8
3013,2023-10-08,Berlin-03,Monitor,3,279.65
3014,2023-07-10,Berlin-03,Keyboard,1,87.49
3015,2023-07-20,NYC-02,Keyboard,2,95.77
3016,2023-08-12,Paris-05,Laptop,5,1030.96
3017,2023-11-28,Berlin-03,Monitor,4,301.95
3018,2023-04-19,NYC-02,Monitor,8,275.1
3019,2023-05-14,Paris-05,Laptop,7,1026.98
3020,2023-10-03,Paris-05,Monitor,3,309.22
3021,2023-05-05,London-01,Mouse,5,24.61
3022,2023-01-16,Berlin-03,Phone,8,811.02
3023,2023-10-06,Paris-05,Mouse,5,24.93
3024,2023-02-18,Paris-05,Keyboard,3,107.08
3025,2023-08-16,Paris-05,Monitor,6,0.0
3026,2023-09-21,Tokyo-04,Laptop,5,1146.25
3027,2023-03-31,London-01,Cables,5,14.15
3028,2023-06-20,NYC-02,Cables,3,17.07
3029,2023-12-13,NYC-02,TV,6,1376.55
3030,2023-07-25,London-01,Monitor,1,286.36
3031,2023-10-15,Paris-05,Monitor,3,307.3
3032,2023-08-16,NYC-02,Laptop,4,1347.24
3033,2023-11-22,NYC-02,Mouse,2,22.67
3034,2023-05-16,Paris-05,Laptop,1,1136.79
3035,2023-02-14,London-01,Laptop,7,1040.68
3036,2023-09-06,Paris-05,Laptop,8,1134.62
3037,2023-01-28,NYC-02,TV,6,1600.49
3038,2023-09-06,NYC-02,Phone,1,693.22
3039,2023-10-19,London-01,Laptop,7,1113.27
3040,2023-03-31,Berlin-03,Cables,4,16.2
3041,2023-03-09,Paris-05,Monitor,5,266.35
3042,2023-04-24,NYC-02,Monitor,2,280.93
3043,2023-11-06,Berlin-03,Phone,5,781.77
3044,2023-09-24,Paris-05,Laptop,9,1237.38
3045,2023-02-09,Tokyo-04,Laptop,2,1252.25
3046,2023-03-09,London-01,Phone,7,762.32
3047,2023-11-12,London-01,Monitor,8,307.43
3048,2023-06-27,Paris-05,Phone,2,681.46
3049,2023-08-23,NYC-02,Cables,6,13.79
3050,2023-06-19,London-01,Laptop,7,1193.83
3051,2023-02-03,NYC-02,Laptop,9,1207.56
3052,2023-10-05,Paris-05,Phone,9,690.53
3053,2023-02-28,Berlin-03,Laptop,6,1127.43
3054,2023-01-04,London-01,Laptop,7,1034.22
3055,2023-11-18,Paris-05,Monitor,8,256.08
3056,2023-08-11,Tokyo-04,TV,8,1430.92
3057,2023-02-03,NYC-02,Cables,9,0.0
3058,2023-12-01,London-01,Monitor,4,342.92
3059,2023-06-09,London-01,Keyboard,7,104.21
3060,2023-11-16,NYC-02,Cables,1,16.05
3061,2023-04-21,Paris-05,Mouse,3,28.15
3062,2023-11-03,NYC-02,Mouse,2,25.72
3063,2023-02-18,Berlin-03,Laptop,9,1269.07
3064,2023-04-12,Berlin-03,TV,2,1603.77
3065,2023-04-19,Paris-05,Keyboard,4,87.97
3066,2023-08-12,Berlin-03,TV,6,1603.53
3067,2023-05-27,Paris-05,Phone,7,810.33
3068,2023-12-27,London-01,TV,1,1600.47
3069,2023-10-28,Berlin-03,Cables,5,13.28
3070,2023-02-12,London-01,Keyboard,7,96.77
3071,2023-02-16,Berlin-03,TV,4,1327.03
3072,2023-12-21,Paris-05,Phone,9,907.75
3073,2023-10-02,London-01,Mouse,7,28.4
3074,2023-07-06,Tokyo-04,Monitor,3,331.15
3075,2023-08-28,Tokyo-04,Mouse,1,24.87
3076,2023-07-05,Berlin-03,Monitor,8,309.94
3077,2023-01-31,Tokyo-04,Monitor,7,282.62
3078,2023-10-29,London-01,Monitor,2,299.73
3079,2023-09-05,London-01,Phone,6,806.13
3080,2023-02-26,London-01,TV,5,1518.72
3081,2023-09-15,London-01,TV,8,1423.26
3082,2023-04-23,Paris-05,Laptop,9,1249.41
3083,2023-03-03,Tokyo-04,Monitor,9,324.63
3084,2023-08-02,Tokyo-04,Keyboard,5,96.85
3085,2023-09-30,NYC-02,Keyboard,9,109.66
3086,2023-01-17,London-01,Keyboard,7,109.45
3087,2023-08-14,London-01,TV,3,1695.11
3088,2023-12-12,Paris-05,Monitor,5,322.96
3089,2023-12-19,Paris-05,Cables,8,13.4
3090,2023-03-21,Berlin-03,Keyboard,9,98.73
3091,2023-06-21,London-01,Keyboard,4,91.0
3092,2023-09-12,NYC-02,TV,7,1289.29
3093,2023-07-14,Paris-05,Cables,8,15.06
3094,2023-01-16,London-01,Monitor,4,324.64
3095,2023-11-26,Paris-05,Laptop,4,1142.76
3096,2023-11-04,Paris-05,TV,8,1299.1
3097,2023-02-07,Tokyo-04,Keyboard,5,99.03
3098,2023-07-19,Paris-05,Cables,4,14.81
3099,2023-03-27,Tokyo-04,Cables,3,15.49
3100,2023-11-10,NYC-02,TV,7,1387.93
3101,2023-11-30,Berlin-03,Keyboard,8,112.15
3102,2023-07-12,London-01,Cables,1,15.53
3103,2023-11-27,NYC-02,TV,4,1395.82
3104,2023-11-17,London-01,Mouse,3,25.67
3105,2023-10-01,NYC-02,Monitor,7,290.31
3106,2023-09-01,Paris-05,Monitor,7,344.81
3107,2023-08-26,UNKNOWN,Mouse,4,28.67
3108,2023-08-24,London-01,Laptop,5,1052.94
3109,2023-05-19,Tokyo-04,Phone,7,801.89
3110,2023-07-14,Tokyo-04,Laptop,4,1032.84
3111,2023-01-18,London-01,TV,9,1550.66
3112,2023-06-25,Tokyo-04,Keyboard,4,106.93
3113,2023-01-09,London-01,Phone,7,740.44
3114,2023-05-01,Berlin-03,Cables,6,13.15
3115,2023-09-01,Paris-05,Cables,4,14.02
3116,2023-09-11,Tokyo-04,TV,3,1621.01
3117,2023-03-17,Tokyo-04,Phone,5,841.97
3118,2023-09-29,London-01,Keyboard,3,91.29
3119,2023-09-27,NYC-02,Keyboard,8,92.65
3120,2023-03-17,Tokyo-04,Monitor,7,309.23
3121,2023-12-26,NYC-02,Mouse,6,26.46
3122,2023-12-14,London-01,Monitor,7,289.47
3123,2023-02-13,UNKNOWN,Laptop,4,1152.03
3124,2023-02-02,NYC-02,Phone,6,892.78
3125,2023-10-24,Paris-05,Monitor,5,312.63
3126,2023-10-13,Paris-05,Keyboard,8,88.6
3127,2023-05-23,NYC-02,Laptop,5,1235.85
3128,2023-06-01,Paris-05,Keyboard,2,92.32
3129,2023-02-18,NYC-02,Laptop,6,1298.51
3130,2023-11-26,Berlin-03,Mouse,3,25.12
3131,2023-04-07,Tokyo-04,Laptop,8,1042.49
3132,2023-08-21,Berlin-03,Phone,1,802.41
3133,2023-12-31,Tokyo-04,Mouse,9,23.24
3134,2023-01-11,Paris-05,Mouse,9,22.04
3135,2023-06-10,Paris-05,Monitor,8,263.02
3136,2023-07-28,NYC-02,TV,7,1563.6
3137,2023-09-22,Paris-05,Cables,7,17.2
3138,2023-10-01,NYC-02,Monitor,4,307.78
3139,2023-05-06,Paris-05,Mouse,2,0.0
3140,2023-03-13,NYC-02,Cables,5,14.9
3141,2023-06-01,Tokyo-04,Phone,3,905.12
3142,2023-02-24,Paris-05,TV,2,1684.65
3143,2023-01-17,London-01,Monitor,3,276.34
3144,2023-06-01,NYC-02,Keyboard,7,110.36
3145,2023-09-16,London-01,Cables,2,16.74
3146,2023-01-23,Tokyo-04,Mouse,6,23.19
3147,2023-10-13,Paris-05,Keyboard,4,110.55
3148,2023-02-19,London-01,Laptop,2,1207.33
3149,2023-02-28,Tokyo-04,Cables,6,16.41
3150,2023-01-06,Paris-05,Keyboard,7,88.38
3151,2023-07-29,Paris-05,Monitor,9,288.43
3152,2023-10-06,Tokyo-04,Mouse,1,21.84
3153,2023-12-24,London-01,Cables,3,16.66
3154,2023-09-03,NYC-02,Monitor,1,337.7
3155,2023-03-10,Tokyo-04,Cables,6,15.55
3156,2023-04-14,Paris-05,Mouse,3,27.93
3157,2023-04-06,Paris-05,Laptop,1,1365.75
3158,2023-10-25,Paris-05,Phone,6,687.51
3159,2023-03-15,Paris-05,Phone,6,737.47
3160,2023-12-26,Berlin-03,Cables,3,13.05
3161,2023-02-22,London-01,Cables,1,15.73
3162,2023-12-18,Paris-05,Cables,2,15.5
3163,2023-04-17,NYC-02,TV,9,1298.29
3164,2023-11-19,Tokyo-04,Mouse,8,28.11
3165,2023-05-28,NYC-02,Phone,6,813.11
3166,2023-10-04,Paris-05,Monitor,7,337.46
3167,2023-11-30,Berlin-03,Keyboard,7,111.58
3168,2023-05-19,Berlin-03,Monitor,4,324.04
3169,2023-01-03,Berlin-03,Cables,8,15.15
3170,2023-05-30,Tokyo-04,TV,3,1292.61
3171,2023-09-27,Paris-05,TV,2,1585.42
3172,2023-04-03,Paris-05,TV,1,1502.81
3173,2023-10-19,London-01,Laptop,9,1110.73
3174,2023-08-16,London-01,Phone,8,828.35
3175,2023-07-24,Tokyo-04,Keyboard,3,97.28
3176,2023-04-01,Paris-05,TV,5,1488.61
3177,2023-02-15,Paris-05,Monitor,8,260.05
3178,2023-06-28,Paris-05,Keyboard,9,109.54
3179,2023-11-29,Tokyo-04,Phone,7,889.94
3180,2023-07-11,Tokyo-04,TV,4,1484.04
3181,2023-05-28,Tokyo-04,Monitor,3,325.59
3182,2023-03-12,Paris-05,Monitor,9,342.76
3183,2023-05-19,Tokyo-04,Monitor,7,259.85
3184,2023-03-10,Paris-05,Mouse,5,28.3
3185,2023-06-15,NYC-02,Keyboard,9,108.93
3186,2023-01-17,Berlin-03,Mouse,3,21.26
3187,2023-04-13,London-01,Laptop,2,1031.46
3188,2023-06-22,London-01,Laptop,2,1181.25
3189,2023-01-14,Berlin-03,Phone,5,813.71
3190,2023-06-08,Paris-05,Monitor,1,266.47
3191,2023-04-07,NYC-02,Keyboard,6,106.64
3192,2023-01-30,Berlin-03,Laptop,9,1192.12
3193,2023-05-08,Berlin-03,Monitor,7,341.57
3194,2023-07-08,Paris-05,Phone,4,866.88
3195,2023-02-01,London-01,Laptop,1,1041.51
3196,2023-12-08,NYC-02,Monitor,4,341.45
3197,2023-08-08,Tokyo-04,Phone,6,832.18
3198,2023-11-25,Tokyo-04,Mouse,6,22.88
3199,2023-09-29,London-01,TV,4,1632.31
3200,2023-04-10,Paris-05,Cables,6,16.68
3201,2023-03-12,Tokyo-04,Mouse,9,27.4
3202,2023-10-29,NYC-02,Laptop,2,0.0
3203,2023-02-04,Paris-05,TV,3,1590.98
3204,2023-11-14,NYC-02,Laptop,2,1137.46
3205,2023-07-03,Berlin-03,Cables,1,14.33
3206,2023-01-24,NYC-02,Laptop,6,1216.41
3207,2023-11-06,London-01,Keyboard,5,106.6
3208,2023-04-27,Tokyo-04,Monitor,3,296.61
3209,2023-08-11,Tokyo-04,Keyboard,5,102.39
3210,2023-04-21,London-01,Mouse,5,25.66
3211,2023-03-07,NYC-02,Keyboard,2,88.15
3212,2023-11-27,Tokyo-04,Monitor,2,324.07
3213,2023-08-05,Tokyo-04,Laptop,1,1308.83
3214,2023-07-07,NYC-02,Laptop,1,1300.1
3215,2023-04-09,NYC-02,TV,7,1402.91
3216,2023-03-05,NYC-02,TV,9,1688.64
3217,2023-03-06,Tokyo-04,Laptop,8,1331.23
3218,2023-02-25,London-01,Mouse,7,26.04
3219,2023-06-27,Tokyo-04,Monitor,4,272.86
3220,2023-10-13,Paris-05,Cables,6,15.09
3221,2023-05-18,Berlin-03,Phone,8,734.64
3222,2023-05-31,NYC-02,Keyboard,4,104.45
3223,2023-10-05,Paris-05,Monitor,9,289.25
3224,2023-06-02,Paris-05,Mouse,4,25.01
3225,2023-04-03,Berlin-03,Phone,2,820.95
3226,2023-08-07,Tokyo-04,Monitor,4,324.93
3227,2023-01-16,London-01,Monitor,7,292.91
3228,2023-08-11,Tokyo-04,Monitor,8,280.5
3229,2023-04-16,Berlin-03,Phone,9,856.66
3230,2023-06-07,NYC-02,Phone,9,695.35
3231,2023-05-29,Paris-05,Cables,1,15.73
3232,2023-09-20,London-01,Mouse,3,26.39
3233,2023-03-29,Tokyo-04,Monitor,3,319.23
3234,2023-01-27,Berlin-03,TV,6,1453.14
3235,2023-12-04,Paris-05,Cables,4,15.92
3236,2023-11-17,NYC-02,Cables,3,16.74
3237,2023-02-27,NYC-02,Mouse,5,22.2
3238,2023-10-28,NYC-02,Mouse,7,27.62
3239,2023-10-15,Berlin-03,Phone,6,887.78
3240,2023-12-18,Tokyo-04,Phone,4,745.98
3241,2023-11-14,Berlin-03,Laptop,2,1180.27
3242,2023-12-01,London-01,Cables,2,15.45
3243,2023-06-11,Paris-05,Keyboard,8,111.03
3244,2023-10-03,London-01,Monitor,5,340.52
3245,2023-02-22,NYC-02,Monitor,1,285.07
3246,2023-07-19,Tokyo-04,Laptop,6,1227.4
3247,2023-12-20,NYC-02,TV,8,1291.06
3248,2023-11-09,Paris-05,TV,8,1615.49
3249,2023-07-20,Paris-05,Monitor,9,327.34
3250,2023-12-24,Paris-05,Phone,5,686.99
3251,2023-07-18,Tokyo-04,TV,1,1447.62
3252,2023-07-18,Berlin-03,Keyboard,7,100.7
3253,2023-06-18,London-01,Cables,4,13.25
3254,2023-08-22,Tokyo-04,Laptop,7,1141.16
3255,2023-12-12,Paris-05,Phone,7,781.46
3256,2023-12-29,Tokyo-04,Monitor,2,310.46
3257,2023-04-09,Tokyo-04,Laptop,8,1265.91
3258,2023-11-01,NYC-02,Phone,3,706.75
3259,2023-06-30,Tokyo-04,Mouse,2,26.78
3260,2023-10-09,London-01,TV,1,1488.53
3261,2023-10-04,Paris-05,TV,6,1515.51
3262,2023-06-11,Tokyo-04,Keyboard,7,113.7
3263,2023-12-30,Berlin-03,Monitor,2,282.41
3264,2023-04-14,London-01,Cables,3,17.18
3265,2023-05-22,NYC-02,Mouse,2,27.44
3266,2023-03-05,NYC-02,Mouse,9,22.43
3267,2023-06-16,Tokyo-04,Cables,7,15.21
3268,2023-09-07,UNKNOWN,Laptop,7,1169.46
3269,2023-08-01,Berlin-03,Laptop,2,1130.69
3270,2023-12-27,London-01,Monitor,9,320.11
3271,2023-01-18,Berlin-03,TV,8,1306.39
3272,2023-02-12,Tokyo-04,Cables,3,0.0
3273,2023-07-09,Paris-05,TV,3,1437.79
3274,2023-01-17,London-01,Keyboard,4,109.59
3275,2023-07-21,NYC-02,Cables,4,15.37
3276,2023-08-12,Paris-05,Mouse,8,25.8
3277,2023-10-18,Tokyo-04,Phone,6,912.62
3278,2023-03-20,Berlin-03,Monitor,5,266.27
3279,2023-01-16,Tokyo-04,Keyboard,8,91.15
3280,2023-07-20,NYC-02,Laptop,4,1202.5
3281,2023-09-13,London-01,Laptop,7,1250.46
3282,2023-04-13,London-01,Cables,5,14.94
3283,2023-02-10,London-01,Phone,3,866.88
3284,2023-03-12,Berlin-03,Mouse,3,24.8
3285,2023-11-10,NYC-02,Monitor,3,283.4
3286,2023-01-30,Berlin-03,Laptop,2,1275.82
3287,2023-09-27,Berlin-03,Phone,6,799.65
3288,2023-11-29,Berlin-03,Keyboard,6,104.83
3289,2023-01-19,London-01,TV,2,1521.99
3290,2023-02-28,Paris-05,Monitor,3,257.9
3291,2023-01-27,Paris-05,Mouse,6,23.94
3292,2023-01-02,Paris-05,Cables,8,14.45
3293,2023-09-23,Tokyo-04,Cables,8,15.13
3294,2023-05-26,London-01,Mouse,7,23.16
3295,2023-02-16,Paris-05,Laptop,9,1231.27
3296,2023-10-22,Paris-05,Keyboard,9,85.89
3297,2023-12-12,Tokyo-04,Phone,8,726.23
3298,2023-01-25,Paris-05,Monitor,8,259.49
3299,2023-04-02,London-01,Monitor,6,262.54
3300,2023-08-06,Tokyo-04,Mouse,8,22.63
3301,2023-11-06,Paris-05,Keyboard,6,89.01
3302,2023-05-15,Paris-05,Mouse,6,28.14
3303,2023-11-26,Paris-05,Keyboard,6,95.68
3304,2023-09-28,NYC-02,Mouse,9,23.56
3305,2023-08-08,Berlin-03,Keyboard,7,108.56
3306,2023-11-14,Tokyo-04,TV,9,1579.35
3307,2023-07-15,Tokyo-04,Laptop,4,1311.51
3308,2023-03-09,NYC-02,Keyboard,2,96.33
3309,2023-10-21,Berlin-03,Keyboard,9,96.4
3310,2023-03-03,Berlin-03,Monitor,5,263.71
3311,2023-03-24,Berlin-03,Keyboard,4,95.37
3312,2023-11-08,Berlin-03,Monitor,6,257.95
3313,2023-05-17,Berlin-03,Monitor,8,314.85
3314,2023-04-14,Paris-05,Monitor,7,280.5
3315,2023-07-12,Tokyo-04,Cables,9,13.85
3316,2023-11-02,Berlin-03,Cables,3,13.9
3317,2023-09-11,Tokyo-04,Cables,2,15.57
3318,2023-01-18,London-01,Cables,6,15.55
3319,2023-06-12,Paris-05,TV,1,1614.86
3320,2023-02-15,London-01,Phone,4,880.03
3321,2023-11-20,Tokyo-04,Cables,2,14.96
3322,2023-09-13,Paris-05,Mouse,5,22.63
3323,2023-11-13,Tokyo-04,Monitor,1,296.57
3324,2023-07-06,London-01,Laptop,7,1317.9
3325,2023-07-08,Berlin-03,Mouse,1,22.69
3326,2023-06-21,Berlin-03,Laptop,6,1341.67
3327,2023-03-13,Tokyo-04,TV,5,1556.16
3328,2023-02-18,Berlin-03,Keyboard,9,86.1
3329,2023-12-02,Paris-05,Phone,1,779.86
3330,2023-04-11,London-01,TV,3,1276.74
3331,2023-11-17,Berlin-03,Phone,1,737.95
3332,2023-06-27,NYC-02,Phone,1,909.86
3333,2023-11-18,London-01,Cables,1,14.02
3334,2023-03-02,Tokyo-04,Laptop,9,1345.33
3335,2023-05-19,Paris-05,Mouse,5,23.3
3336,2023-08-30,Paris-05,Cables,1,15.02
3337,2023-08-10,NYC-02,Cables,9,15.11
3338,2023-09-26,UNKNOWN,Keyboard,4,111.17
3339,2023-06-24,London-01,Phone,7,827.09
3340,2023-11-16,London-01,Keyboard,4,91.07
3341,2023-08-25,Berlin-03,Keyboard,8,91.86
3342,2023-02-27,London-01,Keyboard,8,89.45
3343,2023-04-26,NYC-02,Mouse,7,28.04
3344,2023-04-26,Tokyo-04,TV,9,1363.61
3345,2023-11-06,Tokyo-04,Monitor,7,341.02
3346,2023-01-13,London-01,Laptop,9,1233.49
3347,2023-01-21,Berlin-03,Phone,5,746.98
3348,2023-05-14,London-01,Laptop,9,1324.99
3349,2023-11-17,London-01,Monitor,3,289.21
3350,2023-09-23,London-01,Monitor,1,301.95
3351,2023-07-31,Tokyo-04,Keyboard,5,94.1
3352,2023-05-07,NYC-02,Mouse,4,25.69
3353,2023-07-12,Berlin-03,Phone,2,0.0
3354,2023-12-15,Paris-05,Phone,4,691.58
3355,2023-03-08,NYC-02,Cables,7,15.85
3356,2023-03-17,Berlin-03,Monitor,3,303.3
3357,2023-03-20,Berlin-03,Keyboard,4,113.62
3358,2023-03-07,NYC-02,Monitor,9,328.85
3359,2023-05-31,NYC-02,TV,4,1632.92
3360,2023-04-15,London-01,Laptop,1,1378.98
3361,2023-06-27,Berlin-03,Cables,7,16.31
3362,2023-04-27,Tokyo-04,Mouse,4,24.96
3363,2023-04-16,Tokyo-04,Laptop,6,1051.91
3364,2023-09-24,Paris-05,Monitor,7,296.96
3365,2023-05-29,NYC-02,Laptop,4,1086.25
3366,2023-11-17,Tokyo-04,Laptop,9,1279.24
3367,2023-04-11,Tokyo-04,Cables,9,16.72
3368,2023-10-22,London-01,Mouse,2,0.0
3369,2023-03-03,NYC-02,Monitor,8,333.65
3370,2023-06-26,NYC-02,Mouse,5,28.65
3371,2023-05-31,London-01,TV,7,1567.14
3372,2023-05-12,Tokyo-04,Mouse,6,23.49
3373,2023-07-07,NYC-02,TV,2,1408.33
3374,2023-01-26,London-01,Laptop,5,1341.43
3375,2023-10-11,London-01,TV,2,1527.81
3376,2023-04-08,NYC-02,Phone,8,754.42
3377,2023-03-20,London-01,TV,6,1540.2
3378,2023-10-15,NYC-02,Mouse,6,26.95
3379,2023-04-02,Paris-05,TV,9,1394.87
3380,2023-01-31,Paris-05,Cables,9,13.35
3381,2023-08-05,NYC-02,Laptop,5,1310.0
3382,2023-04-20,Berlin-03,Phone,2,845.53
3383,2023-05-06,London-01,Phone,2,695.15
3384,2023-01-27,Berlin-03,Phone,6,881.76
3385,2023-04-08,Berlin-03,Monitor,3,339.34
3386,2023-12-17,NYC-02,Mouse,8,23.63
3387,2023-05-16,NYC-02,Laptop,3,1306.58
3388,2023-02-13,Berlin-03,Mouse,8,23.55
3389,2023-12-22,London-01,Mouse,4,28.39
3390,2023-09-26,Tokyo-04,Phone,2,822.33
3391,2023-12-14,Tokyo-04,Cables,1,13.3
3392,2023-04-27,London-01,Monitor,2,335.86
3393,2023-10-30,London-01,TV,1,1576.12
3394,2023-04-13,London-01,Monitor,6,336.19
3395,2023-07-15,Berlin-03,Monitor,3,259.69
3396,2023-07-04,London-01,Laptop,2,1379.77
3397,2023-05-12,London-01,Monitor,7,311.67
3398,2023-02-21,NYC-02,Mouse,8,26.04
3399,2023-10-24,NYC-02,Keyboard,2,87.31
3400,2023-04-13,London-01,Phone,1,772.03
3401,2023-05-18,London-01,Keyboard,4,103.12
3402,2023-09-03,London-01,Laptop,4,1102.31
3403,2023-08-14,Paris-05,Mouse,7,24.78
3404,2023-04-03,Berlin-03,Mouse,3,22.91
3405,2023-09-02,NYC-02,Cables,2,15.58
3406,2023-02-06,Tokyo-04,Laptop,4,1265.86
3407,2023-05-11,UNKNOWN,Laptop,7,1183.67
3408,2023-10-08,Berlin-03,Monitor,8,281.53
3409,2023-10-25,London-01,Keyboard,3,91.43
3410,2023-06-15,Tokyo-04,Keyboard,5,112.39
3411,2023-12-01,London-01,Mouse,7,22.66
3412,2023-02-14,Berlin-03,Monitor,4,329.54
3413,2023-10-05,London-01,TV,3,1593.53
3414,2023-12-15,Berlin-03,Monitor,7,263.67
3415,2023-06-25,Berlin-03,Phone,9,813.53
3416,2023-12-22,Paris-05,Keyboard,6,110.62
3417,2023-03-09,Berlin-03,Mouse,2,24.34
3418,2023-05-09,Tokyo-04,TV,3,1305.63
3419,2023-04-16,NYC-02,Keyboard,9,87.1
3420,2023-09-12,Berlin-03,Cables,7,13.9
3421,2023-02-28,NYC-02,Mouse,8,24.33
3422,2023-06-18,NYC-02,Keyboard,7,102.65
3423,2023-01-17,Berlin-03,TV,2,1611.42
3424,2023-06-21,Berlin-03,Phone,3,706.74
3425,2023-10-12,Paris-05,Keyboard,1,107.86
3426,2023-07-11,NYC-02,Laptop,3,1161.0
3427,2023-07-28,NYC-02,Monitor,8,335.97
3428,2023-05-13,London-01,Cables,9,15.05
3429,2023-11-10,Tokyo-04,Monitor,8,316.02
3430,2023-01-12,London-01,Mouse,4,21.63
3431,2023-02-27,Berlin-03,Monitor,5,338.91
3432,2023-02-13,London-01,Monitor,5,302.02
3433,2023-08-17,Paris-05,Mouse,9,24.94
3434,2023-09-19,Tokyo-04,Cables,8,16.32
3435,2023-12-05,Tokyo-04,Phone,5,782.58
3436,2023-02-13,London-01,Laptop,6,1241.04
3437,2023-04-21,Tokyo-04,Laptop,4,1284.7
3438,2023-02-22,Berlin-03,TV,5,1453.4
3439,2023-10-11,Berlin-03,Monitor,8,330.98
3440,2023-07-05,Tokyo-04,Phone,4,826.84
3441,2023-09-24,UNKNOWN,Keyboard,9,107.29
3442,2023-06-13,NYC-02,Cables,7,15.87
3443,2023-12-17,Tokyo-04,Laptop,6,1311.13
3444,2023-11-25,Paris-05,Monitor,5,328.27
3445,2023-03-18,Paris-05,Keyboard,8,113.89
3446,2023-01-01,NYC-02,Mouse,1,24.4
3447,2023-07-27,London-01,Phone,9,805.39
3448,2023-12-13,London-01,Cables,7,14.41
3449,2023-01-06,Paris-05,Keyboard,8,94.24
3450,2023-08-07,Tokyo-04,Laptop,8,1304.69
3451,2023-11-18,NYC-02,Laptop,7,1327.92
3452,2023-02-25,Tokyo-04,Phone,1,693.78
3453,2023-09-08,London-01,Phone,7,896.26
3454,2023-06-29,London-01,Mouse,8,28.55
3455,2023-03-17,NYC-02,Mouse,7,25.4
3456,2023-05-26,Paris-05,Keyboard,9,88.5
3457,2023-10-17,Tokyo-04,Keyboard,1,113.59
3458,2023-04-16,Tokyo-04,Phone,9,681.3
3459,2023-05-13,NYC-02,Monitor,4,321.76
3460,2023-07-18,Paris-05,Laptop,5,1060.77
3461,2023-12-29,London-01,Phone,1,823.39
3462,2023-12-23,Berlin-03,Keyboard,5,106.14
3463,2023-08-14,Berlin-03,Laptop,8,1213.39
3464,2023-02-28,Tokyo-04,Laptop,1,1253.5
3465,2023-04-19,NYC-02,Cables,6,16.2
3466,2023-12-05,NYC-02,Cables,5,14.74
3467,2023-01-26,Berlin-03,Keyboard,6,90.21
3468,2023-10-10,Berlin-03,Monitor,4,320.62
3469,2023-12-06,London-01,Monitor,2,319.23
3470,2023-09-15,NYC-02,TV,1,1654.87
3471,2023-07-27,Tokyo-04,Monitor,1,287.64
3472,2023-01-13,NYC-02,TV,8,1647.76
3473,2023-02-20,Tokyo-04,Mouse,7,26.99
3474,2023-10-16,NYC-02,TV,8,1388.55
3475,2023-05-09,NYC-02,TV,9,1406.37
3476,2023-06-22,NYC-02,TV,1,1358.33
3477,2023-05-25,Tokyo-04,Cables,1,15.09
3478,2023-12-28,Tokyo-04,Phone,9,834.63
3479,2023-07-22,Berlin-03,Monitor,7,283.55
3480,2023-01-06,London-01,Cables,9,15.66
3481,2023-07-03,London-01,Mouse,3,27.55
3482,2023-07-04,London-01,Mouse,3,28.69
3483,2023-07-08,London-01,Laptop,9,1030.77
3484,2023-03-07,London-01,TV,8,1614.28
3485,2023-10-14,London-01,Phone,1,904.28
3486,2023-08-22,NYC-02,Mouse,4,23.74
3487,2023-06-30,Berlin-03,TV,5,1523.27
3488,2023-03-09,NYC-02,Mouse,1,25.8
3489,2023-12-19,Tokyo-04,Phone,7,883.75
3490,2023-03-30,Berlin-03,Cables,6,14.36
3491,2023-04-16,London-01,Laptop,2,1049.45
3492,2023-12-29,Berlin-03,Mouse,6,0.0
3493,2023-03-03,Paris-05,Monitor,8,314.2
3494,2023-05-03,Paris-05,Mouse,6,25.25
3495,2023-09-19,Tokyo-04,Laptop,9,1268.53
3496,2023-11-19,London-01,Monitor,1,329.98
3497,2023-10-03,London-01,Keyboard,3,111.47
3498,2023-07-16,Berlin-03,Mouse,8,28.63
3499,2023-09-20,NYC-02,Mouse,2,28.41
3500,2023-03-20,Berlin-03,Laptop,2,1110.71
3501,2023-12-05,NYC-02,Phone,7,806.09
3502,2023-07-20,NYC-02,TV,6,1681.22
3503,2023-10-24,London-01,Laptop,7,1097.92
3504,2023-03-09,Paris-05,Cables,2,16.78
3505,2023-11-09,London-01,Keyboard,2,110.61
3506,2023-04-22,Berlin-03,Laptop,5,1025.88
3507,2023-12-27,Paris-05,Keyboard,3,91.72
3508,2023-12-12,NYC-02,Phone,7,828.75
3509,2023-04-03,London-01,Laptop,4,1228.25
3510,2023-01-07,Tokyo-04,TV,2,1561.77
3511,2023-06-08,Paris-05,Laptop,4,1101.89
3512,2023-07-08,London-01,Phone,3,761.32
3513,2023-08-04,Berlin-03,Cables,2,15.63
3514,2023-09-16,Paris-05,TV,2,1581.53
3515,2023-04-25,NYC-02,Cables,1,14.06
3516,2023-08-04,London-01,Phone,4,886.99
3517,2023-05-17,Paris-05,Mouse,3,28.02
3518,2023-11-17,NYC-02,Mouse,8,27.99
3519,2023-09-02,Paris-05,Phone,8,869.45
3520,2023-07-13,Tokyo-04,TV,1,1712.09
3521,2023-05-15,London-01,Laptop,9,1352.35
3522,2023-01-06,NYC-02,Phone,8,869.93
3523,2023-03-21,Berlin-03,Monitor,9,263.98
3524,2023-10-16,London-01,Monitor,3,331.79
3525,2023-10-21,Paris-05,Phone,9,847.71
3526,2023-02-18,Berlin-03,Laptop,1,1297.06
3527,2023-03-15,Paris-05,Phone,4,889.88
3528,2023-02-16,London-01,Mouse,5,25.56
3529,2023-09-04,NYC-02,Laptop,4,1100.53
3530,2023-04-19,London-01,Cables,6,13.11
3531,2023-04-05,Paris-05,Laptop,2,1093.21
3532,2023-06-30,Paris-05,Keyboard,3,104.17
3533,2023-07-12,London-01,Cables,7,13.6
3534,2023-12-07,NYC-02,Laptop,9,1077.56
3535,2023-06-13,Tokyo-04,Phone,4,734.1
3536,2023-03-19,NYC-02,Keyboard,2,92.99
3537,2023-06-27,Berlin-03,Keyboard,4,104.88
3538,2023-09-05,London-01,Cables,1,16.78
3539,2023-02-28,Tokyo-04,Monitor,6,304.81
3540,2023-03-27,London-01,Phone,8,789.18
3541,2023-01-21,London-01,Keyboard,7,87.28
3542,2023-09-21,NYC-02,TV,5,1500.36
3543,2023-05-04,London-01,Laptop,9,1228.81
3544,2023-08-31,Paris-05,TV,6,1291.12
3545,2023-10-24,UNKNOWN,Keyboard,7,110.13
3546,2023-05-25,Tokyo-04,Keyboard,7,98.3
3547,2023-04-29,Tokyo-04,Monitor,3,299.45
3548,2023-04-16,Paris-05,Monitor,9,298.63
3549,2023-03-15,London-01,TV,2,1300.11
3550,2023-07-17,Tokyo-04,Keyboard,3,93.56
3551,2023-08-14,Tokyo-04,Mouse,3,21.62
3552,2023-10-08,Tokyo-04,Mouse,6,22.73
3553,2023-07-13,London-01,Cables,8,13.04
3554,2023-06-08,Berlin-03,Cables,7,15.92
3555,2023-02-22,NYC-02,Laptop,9,1177.24
3556,2023-05-02,Paris-05,Monitor,4,290.85
3557,2023-03-19,Tokyo-04,Mouse,6,21.49
3558,2023-08-28,Tokyo-04,Laptop,4,1362.55
3559,2023-06-04,London-01,Mouse,7,22.23
3560,2023-01-08,Paris-05,TV,1,1629.91
3561,2023-03-08,Berlin-03,TV,3,1458.92
3562,2023-10-02,London-01,Keyboard,1,106.87
3563,2023-02-23,Paris-05,Phone,3,824.96
3564,2023-02-20,London-01,Mouse,7,26.05
3565,2023-03-24,NYC-02,Laptop,2,1363.53
3566,2023-08-26,NYC-02,TV,7,1712.22
3567,2023-06-25,Paris-05,Laptop,2,1037.69
3568,2023-11-12,Paris-05,Monitor,8,309.53
3569,2023-05-20,Paris-05,TV,6,1341.36
3570,2023-12-27,Paris-05,Keyboard,2,100.25
3571,2023-01-04,NYC-02,Keyboard,1,105.09
3572,2023-07-30,NYC-02,Laptop,4,1066.27
3573,2023-04-06,Tokyo-04,TV,3,1284.0
3574,2023-08-31,Tokyo-04,Mouse,3,21.4
3575,2023-04-21,Paris-05,Laptop,6,1077.91
3576,2023-06-17,Tokyo-04,TV,5,1462.25
3577,2023-12-20,NYC-02,Monitor,5,298.98
3578,2023-11-25,Berlin-03,Phone,3,842.39
3579,2023-10-31,Paris-05,Phone,3,748.43
3580,2023-01-24,NYC-02,Mouse,2,26.86
3581,2023-03-07,London-01,Mouse,2,26.35
3582,2023-06-03,Berlin-03,Cables,6,16.88
3583,2023-06-28,Tokyo-04,Keyboard,3,114.01
3584,2023-01-09,NYC-02,Keyboard,9,105.67
3585,2023-05-06,Paris-05,Keyboard,4,111.38
3586,2023-08-26,Berlin-03,Monitor,5,338.52
3587,2023-07-23,Paris-05,Cables,5,12.97
3588,2023-11-22,Paris-05,Monitor,8,294.03
3589,2023-01-11,Berlin-03,Mouse,7,22.41
3590,2023-06-05,London-01,Laptop,4,1082.71
3591,2023-06-25,NYC-02,Phone,3,793.01
3592,2023-01-24,Berlin-03,Laptop,8,1271.69
3593,2023-12-07,London-01,Laptop,9,1055.91
3594,2023-09-25,London-01,Mouse,1,21.98
3595,2023-08-21,Paris-05,Monitor,2,324.86
3596,2023-06-03,Berlin-03,Monitor,8,260.73
3597,2023-02-26,Berlin-03,Keyboard,8,91.02
3598,2023-06-29,Paris-05,Mouse,2,21.74
3599,2023-04-13,London-01,Phone,7,853.97
3600,2023-04-21,NYC-02,Cables,4,16.08
3601,2023-07-04,NYC-02,Monitor,7,308.25
3602,2023-09-12,NYC-02,Laptop,3,1142.38
3603,2023-09-22,Paris-05,Cables,6,16.7
3604,2023-10-22,Berlin-03,Laptop,3,1226.93
3605,2023-05-22,NYC-02,Laptop,6,1277.85
3606,2023-07-09,Tokyo-04,Monitor,8,328.59
3607,2023-06-14,London-01,TV,6,1320.57
3608,2023-08-29,Tokyo-04,Laptop,3,1026.99
3609,2023-04-01,Paris-05,Cables,7,15.98
3610,2023-03-17,NYC-02,Cables,4,13.63
3611,2023-07-22,Berlin-03,Keyboard,1,107.93
3612,2023-07-28,Berlin-03,Keyboard,3,97.82
3613,2023-03-21,NYC-02,Cables,9,14.64
3614,2023-02-07,Tokyo-04,Cables,5,16.23
3615,2023-09-03,London-01,TV,4,1602.01
3616,2023-11-29,Tokyo-04,Cables,8,16.12
3617,2023-07-25,Paris-05,Keyboard,4,93.04
3618,2023-10-02,Paris-05,Monitor,8,342.2
3619,2023-08-06,NYC-02,Keyboard,4,88.88
3620,2023-12-31,Berlin-03,Mouse,3,25.97
3621,2023-11-06,Berlin-03,Monitor,8,273.17
3622,2023-09-15,NYC-02,Cables,3,14.35
3623,2023-03-29,London-01,Cables,8,14.98
3624,2023-11-02,Paris-05,Laptop,9,1230.98
3625,2023-11-25,London-01,Cables,4,16.07
3626,2023-02-06,NYC-02,Laptop,9,1327.04
3627,2023-01-13,Tokyo-04,Mouse,6,26.08
3628,2023-12-19,Berlin-03,Phone,4,865.19
3629,2023-10-27,Berlin-03,Mouse,3,23.06
3630,2023-04-15,London-01,Mouse,2,28.59
3631,2023-03-28,London-01,TV,8,1299.5
3632,2023-03-18,NYC-02,Cables,9,15.27
3633,2023-11-26,NYC-02,Keyboard,7,94.17
3634,2023-01-21,Tokyo-04,Laptop,5,1325.04
3635,2023-10-22,Paris-05,Monitor,4,342.18
3636,2023-06-22,Tokyo-04,Phone,4,908.61
3637,2023-07-11,Berlin-03,Phone,8,730.62
3638,2023-01-21,Paris-05,Keyboard,4,86.57
3639,2023-05-28,Paris-05,TV,5,1440.94
3640,2023-03-29,Berlin-03,Monitor,5,329.81
3641,2023-08-15,NYC-02,Mouse,7,0.0
3642,2023-11-24,Paris-05,Monitor,9,275.91
3643,2023-07-09,London-01,Laptop,8,1157.87
3644,2023-03-27,Tokyo-04,Cables,5,15.07
3645,2023-12-15,NYC-02,Cables,6,14.03
3646,2023-01-20,Tokyo-04,Laptop,9,1275.43
3647,2023-04-12,London-01,Monitor,8,336.6
3648,2023-06-19,Tokyo-04,TV,3,1287.89
3649,2023-10-22,NYC-02,TV,9,1410.32
3650,2023-06-22,Tokyo-04,Keyboard,5,86.16
3651,2023-10-23,Tokyo-04,TV,7,1623.48
3652,2023-11-24,London-01,Laptop,1,1307.33
3653,2023-11-14,London-01,Laptop,7,1100.67
3654,2023-07-27,NYC-02,TV,8,1478.99
3655,2023-06-28,Berlin-03,Keyboard,4,90.7
3656,2023-10-04,Tokyo-04,Keyboard,4,108.84
3657,2023-05-04,London-01,Laptop,1,1147.78
3658,2023-07-17,Paris-05,TV,8,1609.91
3659,2023-09-01,NYC-02,Mouse,7,22.85
3660,2023-07-12,Paris-05,Cables,2,13.26
3661,2023-11-12,London-01,Keyboard,8,96.23
3662,2023-08-08,Paris-05,Cables,6,14.77
3663,2023-02-18,Paris-05,Keyboard,6,108.47
3664,2023-10-23,Paris-05,Monitor,1,275.73
3665,2023-07-16,Paris-05,Monitor,8,307.38
3666,2023-12-09,Tokyo-04,TV,4,1553.9
3667,2023-11-27,London-01,TV,7,1524.59
3668,2023-01-31,Berlin-03,Laptop,8,1350.57
3669,2023-11-27,London-01,Laptop,8,1034.43
3670,2023-03-23,Paris-05,TV,5,1590.92
3671,2023-09-04,London-01,TV,5,1541.9
3672,2023-10-06,Berlin-03,Monitor,9,309.01
3673,2023-10-29,Berlin-03,Phone,7,0.0
3674,2023-11-15,Paris-05,Mouse,2,27.09
3675,2023-07-21,Tokyo-04,Keyboard,7,91.29
3676,2023-12-09,Berlin-03,TV,2,1512.13
3677,2023-06-04,Tokyo-04,Phone,3,839.49
3678,2023-07-18,Paris-05,Laptop,2,1354.79
3679,2023-01-01,London-01,Cables,6,13.81
3680,2023-10-28,NYC-02,Mouse,8,24.19
3681,2023-04-19,Berlin-03,Monitor,9,283.41
3682,2023-01-04,NYC-02,Mouse,8,22.46
3683,2023-05-11,London-01,Keyboard,1,92.78
3684,2023-03-18,NYC-02,Mouse,9,27.2
3685,2023-04-28,Berlin-03,Keyboard,7,108.65
3686,2023-02-05,Tokyo-04,TV,5,1324.65
3687,2023-06-12,NYC-02,Monitor,8,296.49
3688,2023-07-24,Tokyo-04,Mouse,4,22.97
3689,2023-11-20,Berlin-03,Phone,5,891.52
3690,2023-08-02,NYC-02,Monitor,7,267.65
3691,2023-07-06,London-01,Keyboard,6,89.66
3692,2023-04-23,NYC-02,Keyboard,8,88.16
3693,2023-02-24,Tokyo-04,Keyboard,4,101.18
3694,2023-11-09,Tokyo-04,TV,1,1304.51
3695,2023-10-18,NYC-02,Cables,4,15.97
3696,2023-10-17,Berlin-03,Keyboard,2,97.07
3697,2023-01-18,NYC-02,Mouse,6,24.75
3698,2023-07-05,Berlin-03,Keyboard,3,97.42
3699,2023-02-04,Tokyo-04,Laptop,5,1106.28
3700,2023-10-12,Tokyo-04,Mouse,8,28.01
3701,2023-10-11,Paris-05,Cables,3,16.73
3702,2023-01-20,NYC-02,Laptop,5,1299.05
3703,2023-10-08,London-01,Laptop,2,1153.76
3704,2023-08-01,Tokyo-04,Monitor,4,322.62
3705,2023-04-15,NYC-02,TV,2,1331.08
3706,2023-11-21,Tokyo-04,TV,6,1557.07
3707,2023-09-19,Tokyo-04,Laptop,5,1325.55
3708,2023-11-08,Tokyo-04,Keyboard,4,106.98
3709,2023-07-03,London-01,Cables,8,13.48
3710,2023-07-29,London-01,Mouse,7,22.84
3711,2023-09-01,London-01,Monitor,9,0.0
3712,2023-02-10,London-01,Mouse,4,25.55
3713,2023-05-19,Tokyo-04,Laptop,7,1027.17
3714,2023-07-07,Paris-05,Mouse,1,26.45
3715,2023-11-29,London-01,Laptop,6,1317.39
3716,2023-01-07,NYC-02,Monitor,9,276.02
3717,2023-04-28,London-01,TV,4,1399.36
3718,2023-02-27,London-01,Laptop,2,1345.31
3719,2023-11-17,Tokyo-04,Phone,8,771.77
3720,2023-07-05,Tokyo-04,Phone,2,891.74
3721,2023-04-16,Berlin-03,Keyboard,5,97.17
3722,2023-01-16,Berlin-03,Cables,9,15.5
3723,2023-04-10,Tokyo-04,Cables,8,14.94
3724,2023-01-08,Tokyo-04,Mouse,9,22.32
3725,2023-09-22,Berlin-03,Keyboard,9,98.88
3726,2023-02-11,London-01,Laptop,1,1351.38
3727,2023-12-06,NYC-02,TV,4,1634.07
3728,2023-05-06,Paris-05,Phone,9,917.23
3729,2023-10-16,Tokyo-04,Monitor,2,262.41
3730,2023-08-06,London-01,Mouse,7,26.25
3731,2023-01-30,NYC-02,Mouse,5,25.98
3732,2023-09-17,Tokyo-04,TV,7,1711.44
3733,2023-09-06,Paris-05,Keyboard,1,111.46
3734,2023-08-05,London-01,Cables,1,16.73
3735,2023-07-10,London-01,Laptop,5,1259.72
3736,2023-07-21,London-01,Laptop,4,1194.0
3737,2023-04-04,Berlin-03,Mouse,2,24.22
3738,2023-05-06,London-01,Cables,3,13.79
3739,2023-03-26,Tokyo-04,TV,7,1675.35
3740,2023-06-24,Paris-05,Keyboard,7,106.74
3741,2023-02-27,Paris-05,Monitor,5,328.87
3742,2023-02-25,Paris-05,Keyboard,9,109.69
3743,2023-03-31,Tokyo-04,TV,9,1538.15
3744,2023-07-19,Paris-05,TV,3,1531.81
3745,2023-05-13,London-01,Cables,2,15.28
3746,2023-01-06,NYC-02,Mouse,3,23.38
3747,2023-10-06,London-01,Cables,3,15.7
3748,2023-01-01,London-01,Cables,6,15.3
3749,2023-03-20,UNKNOWN,Monitor,8,305.98
3750,2023-12-23,Tokyo-04,Monitor,9,285.05
3751,2023-05-03,Paris-05,Mouse,5,24.63
3752,2023-07-22,Paris-05,TV,6,1624.97
3753,2023-09-13,Berlin-03,Phone,1,766.72
3754,2023-12-02,Berlin-03,Mouse,4,23.71
3755,2023-11-25,Berlin-03,Laptop,8,1289.58
3756,2023-06-20,London-01,Laptop,6,1335.74
3757,2023-07-18,Berlin-03,Keyboard,3,90.59
3758,2023-09-19,Berlin-03,Mouse,9,21.71
3759,2023-12-24,Berlin-03,Keyboard,4,98.53
3760,2023-03-25,Berlin-03,Phone,7,803.3
3761,2023-01-12,NYC-02,Laptop,3,1349.96
3762,2023-10-08,London-01,Keyboard,7,111.83
3763,2023-09-21,Paris-05,Cables,8,13.31
3764,2023-06-23,Berlin-03,Keyboard,6,105.49
3765,2023-07-08,Tokyo-04,TV,6,1650.97
3766,2023-08-17,Tokyo-04,Phone,1,825.39
3767,2023-11-13,NYC-02,Laptop,6,1102.8
3768,2023-07-08,Berlin-03,Monitor,1,259.17
3769,2023-10-15,Berlin-03,Cables,4,16.96
3770,2023-11-23,London-01,Cables,2,16.85
3771,2023-10-11,Paris-05,Phone,9,764.78
3772,2023-02-23,Paris-05,Monitor,6,294.86
3773,2023-08-08,Berlin-03,Keyboard,6,114.57
3774,2023-05-22,NYC-02,Keyboard,8,100.65
3775,2023-11-12,Paris-05,Monitor,3,332.19
3776,2023-08-05,Tokyo-04,Phone,4,727.84
3777,2023-02-19,Berlin-03,Laptop,7,1024.0
3778,2023-09-02,Paris-05,Phone,3,783.64
3779,2023-08-28,Tokyo-04,Laptop,3,1244.53
3780,2023-03-23,Paris-05,Laptop,4,1119.65
3781,2023-10-24,Berlin-03,TV,7,1604.98
3782,2023-04-01,London-01,Mouse,8,0.0
3783,2023-02-19,Paris-05,Mouse,8,26.95
3784,2023-06-04,Paris-05,Mouse,4,25.91
3785,2023-11-24,Tokyo-04,Laptop,1,1363.32
3786,2023-03-23,London-01,Keyboard,1,87.21
3787,2023-10-03,Paris-05,Monitor,2,280.77
3788,2023-04-07,Paris-05,Keyboard,1,101.0
3789,2023-02-05,Berlin-03,TV,9,1336.47
3790,2023-07-25,Berlin-03,Keyboard,8,114.66
3791,2023-06-13,Berlin-03,TV,7,1351.57
3792,2023-04-20,Berlin-03,Laptop,1,1120.26
3793,2023-07-27,Paris-05,Mouse,9,21.84
3794,2023-12-11,Paris-05,Keyboard,9,105.23
3795,2023-09-15,Tokyo-04,Keyboard,5,107.38
3796,2023-06-11,Paris-05,Keyboard,1,100.28
3797,2023-01-24,UNKNOWN,Keyboard,8,102.83
3798,2023-08-09,London-01,Monitor,1,327.79
3799,2023-04-02,UNKNOWN,Monitor,7,295.52
3800,2023-10-11,London-01,Monitor,8,268.97
3801,2023-12-19,Paris-05,Cables,9,13.81
3802,2023-02-01,Berlin-03,Monitor,8,295.1
3803,2023-05-10,Paris-05,Monitor,8,335.4
3804,2023-02-14,London-01,Cables,1,16.51
3805,2023-10-25,NYC-02,Monitor,4,296.05
3806,2023-05-01,Paris-05,TV,9,1614.83
3807,2023-04-17,Paris-05,Laptop,2,1363.6
3808,2023-12-07,London-01,Phone,4,713.09
3809,2023-08-19,Paris-05,Keyboard,7,89.84
3810,2023-02-17,London-01,Phone,2,715.47
3811,2023-09-26,Paris-05,Keyboard,4,103.83
3812,2023-06-16,Tokyo-04,Monitor,8,282.25
3813,2023-03-25,Paris-05,TV,6,1311.01
3814,2023-04-07,Paris-05,Keyboard,1,91.55
3815,2023-10-22,NYC-02,Laptop,4,0.0
3816,2023-01-22,NYC-02,Cables,1,16.34
3817,2023-10-06,Berlin-03,Keyboard,6,112.6
3818,2023-07-03,NYC-02,Phone,2,818.13
3819,2023-08-11,Tokyo-04,Keyboard,4,113.94
3820,2023-09-18,London-01,Phone,3,748.44
3821,2023-06-29,Paris-05,Cables,5,15.29
3822,2023-08-04,NYC-02,Cables,1,14.86
3823,2023-06-07,Berlin-03,TV,5,1548.51
3824,2023-12-29,Berlin-03,Laptop,9,1032.45
3825,2023-11-05,Paris-05,Cables,8,13.49
3826,2023-05-18,NYC-02,TV,7,1649.28
3827,2023-10-26,Paris-05,TV,8,1544.41
3828,2023-01-19,Tokyo-04,Phone,3,896.22
3829,2023-09-02,Paris-05,Mouse,9,27.3
3830,2023-12-26,Tokyo-04,Laptop,4,1345.21
3831,2023-07-23,Tokyo-04,Keyboard,6,106.62
3832,2023-03-18,Berlin-03,TV,3,1478.71
3833,2023-01-13,NYC-02,Cables,6,14.05
3834,2023-05-02,Tokyo-04,Keyboard,4,94.9
3835,2023-04-28,NYC-02,TV,5,1283.38
3836,2023-12-27,Tokyo-04,Keyboard,5,110.89
3837,2023-08-20,Berlin-03,Mouse,1,26.7
3838,2023-12-06,Berlin-03,Mouse,3,26.32
3839,2023-06-23,Paris-05,TV,5,1614.94
3840,2023-12-26,Paris-05,Phone,6,774.52
3841,2023-02-06,NYC-02,Laptop,5,1329.95
3842,2023-10-20,Tokyo-04,Mouse,7,27.28
3843,2023-08-04,Paris-05,Cables,3,13.41
3844,2023-01-11,Tokyo-04,Keyboard,1,94.4
3845,2023-05-31,Tokyo-04,Mouse,1,23.54
3846,2023-06-16,Tokyo-04,TV,3,1549.74
3847,2023-04-30,NYC-02,Mouse,6,24.85
3848,2023-08-01,Berlin-03,TV,9,1677.58
3849,2023-03-19,UNKNOWN,Cables,4,13.42
3850,2023-11-29,Berlin-03,Keyboard,7,105.43
3851,2023-08-13,Tokyo-04,Keyboard,7,98.92
3852,2023-09-19,London-01,Cables,4,17.14
3853,2023-08-25,Tokyo-04,Phone,9,727.69
3854,2023-03-18,Paris-05,Monitor,2,322.16
3855,2023-08-09,Tokyo-04,Cables,8,13.86
3856,2023-10-05,NYC-02,Monitor,7,256.34
3857,2023-09-09,Berlin-03,Mouse,2,24.65
3858,2023-01-20,Berlin-03,Monitor,1,309.46
3859,2023-10-18,London-01,TV,9,1314.04
3860,2023-11-04,Berlin-03,Mouse,5,22.58
3861,2023-05-06,Tokyo-04,Cables,9,17.21
3862,2023-05-01,Paris-05,Laptop,6,1092.8
3863,2023-06-02,Berlin-03,Laptop,5,1221.34
3864,2023-07-31,London-01,TV,3,1278.02
3865,2023-05-02,Tokyo-04,TV,3,1547.57
3866,2023-02-27,Paris-05,Keyboard,6,101.85
3867,2023-01-03,NYC-02,Laptop,4,1375.69
3868,2023-05-24,London-01,Mouse,2,25.43
3869,2023-05-13,London-01,Mouse,4,21.32
3870,2023-05-26,NYC-02,Mouse,3,23.73
3871,2023-08-16,Tokyo-04,TV,6,1517.19
3872,2023-10-27,London-01,Cables,8,14.84
3873,2023-09-12,NYC-02,Cables,1,13.26
3874,2023-05-10,London-01,Mouse,5,26.9
3875,2023-05-09,Berlin-03,TV,2,1368.18
3876,2023-01-20,Paris-05,TV,7,1506.09
3877,2023-10-22,Tokyo-04,Cables,3,17.18
3878,2023-08-23,Berlin-03,Keyboard,4,94.32
3879,2023-05-25,Paris-05,Mouse,2,21.4
3880,2023-11-08,London-01,Mouse,6,26.68
3881,2023-10-08,London-01,TV,4,1712.9
3882,2023-09-12,Berlin-03,Laptop,2,1198.46
3883,2023-05-09,Tokyo-04,Mouse,1,28.11
3884,2023-03-28,NYC-02,TV,8,1331.22
3885,2023-08-16,NYC-02,Mouse,2,25.93
3886,2023-11-07,NYC-02,TV,2,1352.64
3887,2023-12-26,NYC-02,Monitor,5,266.02
3888,2023-06-11,Paris-05,Monitor,8,318.74
3889,2023-07-31,London-01,Phone,1,821.11
3890,2023-10-22,Berlin-03,Phone,1,802.61
3891,2023-07-25,Berlin-03,Mouse,7,26.84
3892,2023-01-26,Berlin-03,Monitor,2,292.75
3893,2023-11-04,London-01,Mouse,5,23.67
3894,2023-01-22,Paris-05,Keyboard,7,104.7
3895,2023-06-26,Tokyo-04,Laptop,9,1095.32
3896,2023-09-26,NYC-02,Cables,6,16.67
3897,2023-04-22,Paris-05,Monitor,6,315.66
3898,2023-10-02,Tokyo-04,Keyboard,5,111.84
3899,2023-02-14,NYC-02,Cables,1,14.55
3900,2023-06-25,London-01,Keyboard,8,109.96
3901,2023-09-02,Tokyo-04,Mouse,5,24.75
3902,2023-11-19,Berlin-03,Keyboard,2,102.25
3903,2023-06-28,Tokyo-04,Laptop,1,1258.99
3904,2023-03-28,London-01,Keyboard,9,107.94
3905,2023-03-19,Paris-05,Monitor,4,333.78
3906,2023-07-11,Paris-05,Mouse,3,27.9
3907,2023-04-19,NYC-02,Cables,8,16.39
3908,2023-09-23,Tokyo-04,Laptop,9,1056.07
3909,2023-12-04,London-01,Laptop,6,1117.38
3910,2023-08-03,London-01,Keyboard,2,114.66
3911,2023-07-28,London-01,TV,8,0.0
3912,2023-08-13,Tokyo-04,Keyboard,9,101.84
3913,2023-11-14,NYC-02,Monitor,4,296.57
3914,2023-03-03,NYC-02,Mouse,9,25.86
3915,2023-11-20,NYC-02,Keyboard,5,94.78
3916,2023-02-18,NYC-02,Cables,4,14.32
3917,2023-01-13,Paris-05,Cables,2,12.98
3918,2023-12-16,Tokyo-04,Mouse,7,24.14
3919,2023-03-28,NYC-02,Cables,8,14.98
3920,2023-02-17,London-01,Monitor,6,285.57
3921,2023-01-22,Tokyo-04,TV,2,1646.82
3922,2023-07-05,Paris-05,Cables,4,13.31
3923,2023-01-27,NYC-02,Cables,2,13.48
3924,2023-01-19,Tokyo-04,Mouse,5,27.87
3925,2023-04-24,Berlin-03,Cables,2,13.32
3926,2023-07-22,Berlin-03,Laptop,8,1368.59
3927,2023-02-17,London-01,Monitor,1,339.12
3928,2023-01-03,London-01,Keyboard,6,103.5
3929,2023-04-29,Berlin-03,Monitor,8,267.77
3930,2023-04-07,Paris-05,Laptop,2,1254.22
3931,2023-02-13,Berlin-03,Mouse,5,21.89
3932,2023-12-10,Paris-05,Mouse,9,22.92
3933,2023-03-20,Berlin-03,Laptop,9,1068.92
3934,2023-03-02,UNKNOWN,TV,2,1654.3
3935,2023-02-14,Berlin-03,Cables,8,13.23
3936,2023-10-11,Paris-05,Mouse,6,28.29
3937,2023-05-30,London-01,Monitor,8,284.36
3938,2023-08-20,Berlin-03,Laptop,2,1326.57
3939,2023-11-18,Berlin-03,Mouse,6,27.15
3940,2023-07-06,London-01,Phone,5,705.81
3941,2023-05-10,Berlin-03,Keyboard,7,96.86
3942,2023-08-04,Tokyo-04,Keyboard,5,94.4
3943,2023-08-10,Berlin-03,Cables,3,16.36
3944,2023-10-19,Tokyo-04,Phone,8,856.36
3945,2023-12-05,NYC-02,Mouse,9,22.28
3946,2023-06-28,Tokyo-04,Keyboard,8,112.02
3947,2023-05-03,Berlin-03,Keyboard,8,93.6
3948,2023-03-15,Berlin-03,Monitor,9,255.56
3949,2023-05-14,London-01,Laptop,5,1182.89
3950,2023-06-24,Berlin-03,TV,2,1289.11
3951,2023-08-08,Paris-05,TV,4,1570.05
3952,2023-06-22,London-01,Keyboard,3,95.52
3953,2023-12-05,London-01,Laptop,7,1103.75
3954,2023-04-02,NYC-02,Keyboard,3,101.05
3955,2023-09-18,Tokyo-04,Phone,9,784.89
3956,2023-07-02,London-01,Monitor,6,321.75
3957,2023-01-25,London-01,Cables,8,14.84
3958,2023-06-11,Berlin-03,Keyboard,6,93.25
3959,2023-12-18,NYC-02,Laptop,8,1269.08
3960,2023-09-06,London-01,Monitor,5,307.11
3961,2023-03-27,Berlin-03,Mouse,6,24.29
3962,2023-09-25,London-01,Phone,1,740.71
3963,2023-01-01,Tokyo-04,Phone,8,915.02
3964,2023-12-18,Tokyo-04,Monitor,2,263.79
3965,2023-02-08,Berlin-03,Mouse,6,25.8
3966,2023-02-19,Paris-05,Phone,1,827.7
3967,2023-01-22,Paris-05,Laptop,1,1327.74
3968,2023-07-16,NYC-02,TV,3,1506.66
3969,2023-07-23,Berlin-03,Keyboard,6,89.04
3970,2023-12-19,Berlin-03,Laptop,8,1228.71
3971,2023-02-09,Tokyo-04,Mouse,7,25.66
3972,2023-02-02,Paris-05,Cables,4,15.16
3973,2023-02-22,Berlin-03,Keyboard,4,89.99
3974,2023-12-05,London-01,Mouse,1,23.01
3975,2023-01-23,Paris-05,TV,9,1641.72
3976,2023-04-10,Berlin-03,Keyboard,6,96.62
3977,2023-11-07,Tokyo-04,Laptop,7,1330.35
3978,2023-06-23,Paris-05,Phone,1,820.82
3979,2023-11-14,NYC-02,TV,4,1452.11
3980,2023-10-09,Paris-05,Mouse,6,27.26
3981,2023-11-10,Berlin-03,TV,7,1682.17
3982,2023-10-06,Berlin-03,Keyboard,7,94.43
3983,2023-07-02,London-01,Mouse,2,25.69
3984,2023-03-29,Berlin-03,TV,7,1349.25
3985,2023-10-12,Berlin-03,Phone,7,733.33
3986,2023-05-14,NYC-02,Cables,1,14.5
3987,2023-12-17,Berlin-03,Keyboard,4,96.53
3988,2023-02-04,Berlin-03,Keyboard,5,95.38
3989,2023-03-10,NYC-02,Monitor,7,280.27
3990,2023-06-16,Paris-05,Keyboard,6,105.98
3991,2023-02-03,Tokyo-04,Mouse,1,24.88
3992,2023-02-13,London-01,Laptop,7,1142.97
3993,2023-01-28,Berlin-03,TV,7,1635.07
3994,2023-03-26,Berlin-03,Cables,9,14.79
3995,2023-09-15,London-01,Phone,7,717.44
3996,2023-06-02,Tokyo-04,TV,8,1383.92
3997,2023-06-30,Paris-05,Mouse,8,22.89
3998,2023-09-30,Berlin-03,Cables,9,16.41
3999,2023-02-01,Berlin-03,Laptop,8,1030.57
4000,2023-02-13,NYC-02,Monitor,1,306.47
4001,2023-08-16,Berlin-03,TV,7,1530.82
4002,2023-03-21,Paris-05,Keyboard,8,110.91
4003,2023-09-04,Tokyo-04,Cables,5,15.33
4004,2023-07-14,Paris-05,Cables,4,15.35
4005,2023-01-13,Paris-05,TV,4,1611.61
4006,2023-11-25,Tokyo-04,Cables,5,14.85
4007,2023-11-21,Tokyo-04,Monitor,7,297.37
4008,2023-05-06,London-01,Phone,7,831.92
4009,2023-12-07,Paris-05,Phone,3,827.53
4010,2023-07-16,Berlin-03,Monitor,5,336.2
4011,2023-03-18,London-01,Cables,3,15.41
4012,2023-09-15,London-01,TV,3,1696.81
4013,2023-04-25,Paris-05,Cables,9,16.21
4014,2023-09-21,NYC-02,Monitor,3,267.9
4015,2023-01-09,Berlin-03,Phone,7,745.51
4016,2023-03-23,NYC-02,Monitor,9,331.12
4017,2023-06-17,Berlin-03,Phone,8,738.99
4018,2023-03-23,NYC-02,TV,8,1598.64
4019,2023-09-27,NYC-02,Phone,8,719.47
4020,2023-08-06,Paris-05,Phone,7,888.96
4021,2023-11-25,London-01,Keyboard,8,106.09
4022,2023-07-30,Tokyo-04,Mouse,8,21.8
4023,2023-08-09,Tokyo-04,Monitor,9,257.45
4024,2023-06-26,Berlin-03,Laptop,2,1292.88
4025,2023-10-06,NYC-02,Cables,3,16.57
4026,2023-06-16,London-01,Laptop,2,1049.51
4027,2023-05-11,London-01,Phone,4,701.28
4028,2023-02-18,Paris-05,Cables,9,13.92
4029,2023-02-07,Tokyo-04,Cables,3,15.15
4030,2023-06-28,Berlin-03,Phone,3,807.18
4031,2023-04-21,Berlin-03,Phone,7,725.93
4032,2023-12-27,Tokyo-04,Laptop,9,1157.07
4033,2023-07-28,Tokyo-04,Mouse,4,26.45
4034,2023-09-27,Berlin-03,Monitor,5,269.79
4035,2023-02-23,NYC-02,Phone,7,714.19
4036,2023-04-14,London-01,Laptop,6,1135.27
4037,2023-05-03,Paris-05,Cables,1,17.17
4038,2023-02-02,Paris-05,Phone,2,751.02
4039,2023-10-12,Berlin-03,Mouse,1,27.64
4040,2023-07-24,London-01,Mouse,8,22.58
4041,2023-01-28,NYC-02,Phone,5,858.15
4042,2023-03-03,Paris-05,Mouse,7,23.78
4043,2023-02-08,Berlin-03,Mouse,7,26.95
4044,2023-03-02,London-01,Keyboard,8,110.11
4045,2023-10-05,Berlin-03,Monitor,3,255.17
4046,2023-04-18,Tokyo-04,Laptop,1,1252.68
4047,2023-07-10,Berlin-03,Phone,4,832.54
4048,2023-07-09,Berlin-03,Laptop,4,1126.04
4049,2023-11-01,NYC-02,Mouse,3,27.59
4050,2023-02-05,London-01,TV,6,1624.25
4051,2023-10-19,London-01,Phone,8,842.34
4052,2023-04-22,NYC-02,Phone,5,716.62
4053,2023-12-12,Tokyo-04,Keyboard,5,87.06
4054,2023-08-28,Tokyo-04,TV,1,1702.82
4055,2023-07-14,Tokyo-04,Phone,8,759.43
4056,2023-08-13,NYC-02,Keyboard,2,114.87
4057,2023-11-10,NYC-02,Mouse,3,25.58
4058,2023-04-15,Paris-05,Monitor,5,287.94
4059,2023-10-31,Tokyo-04,Phone,7,705.77
4060,2023-05-06,London-01,Cables,3,14.12
4061,2023-03-19,Tokyo-04,Monitor,6,292.95
4062,2023-06-21,Tokyo-04,Keyboard,1,102.22
4063,2023-03-29,Tokyo-04,Cables,3,15.49
4064,2023-11-08,NYC-02,Mouse,9,22.3
4065,2023-05-26,London-01,Laptop,2,1058.56
4066,2023-09-18,Paris-05,Mouse,7,23.78
4067,2023-02-24,NYC-02,Monitor,5,303.28
4068,2023-02-24,Berlin-03,Mouse,3,24.14
4069,2023-09-06,NYC-02,Mouse,4,24.12
4070,2023-10-13,Paris-05,Phone,6,757.14
4071,2023-10-16,Tokyo-04,Phone,4,852.29
4072,2023-05-13,London-01,Laptop,8,1080.39
4073,2023-04-04,Tokyo-04,Monitor,5,273.07
4074,2023-07-06,Paris-05,Keyboard,5,101.32
4075,2023-04-05,NYC-02,Monitor,6,335.35
4076,2023-08-16,Berlin-03,TV,7,1444.65
4077,2023-06-18,London-01,Laptop,1,1252.4
4078,2023-07-14,London-01,Monitor,5,304.16
4079,2023-09-12,NYC-02,Phone,2,823.27
4080,2023-06-13,Paris-05,Cables,9,16.85
4081,2023-04-24,Paris-05,Mouse,5,21.77
4082,2023-09-29,Paris-05,TV,8,1667.57
4083,2023-06-06,Tokyo-04,Laptop,5,1261.9
4084,2023-12-16,Berlin-03,Laptop,7,1084.91
4085,2023-02-12,UNKNOWN,Mouse,4,26.58
4086,2023-09-07,Tokyo-04,Laptop,1,1044.63
4087,2023-09-25,Tokyo-04,Laptop,1,1329.98
4088,2023-12-24,London-01,Laptop,6,1172.5
4089,2023-10-02,Tokyo-04,Monitor,8,339.6
4090,2023-11-07,Tokyo-04,Cables,2,15.64
4091,2023-02-01,NYC-02,TV,1,1425.2
4092,2023-12-11,Paris-05,Monitor,6,260.07
4093,2023-05-09,NYC-02,TV,1,1697.15
4094,2023-01-05,Paris-05,Laptop,6,1349.26
4095,2023-06-25,Tokyo-04,Phone,3,901.06
4096,2023-03-25,NYC-02,Mouse,2,22.64
4097,2023-10-01,Paris-05,Keyboard,6,96.07
4098,2023-02-18,Paris-05,Mouse,1,24.02
4099,2023-07-31,Paris-05,Keyboard,4,97.38
4100,2023-09-01,Tokyo-04,Cables,5,14.95
4101,2023-06-01,Tokyo-04,Laptop,2,1375.52
4102,2023-12-27,London-01,Mouse,1,25.33
4103,2023-04-09,NYC-02,Keyboard,5,94.41
4104,2023-06-26,NYC-02,Laptop,8,1223.54
4105,2023-06-01,Berlin-03,TV,6,1433.84
4106,2023-03-10,Tokyo-04,Keyboard,4,92.15
4107,2023-07-31,UNKNOWN,Monitor,1,304.88
4108,2023-11-16,Berlin-03,Mouse,2,24.67
4109,2023-05-14,Paris-05,Cables,8,15.44
4110,2023-10-06,NYC-02,Monitor,9,277.43
4111,2023-10-29,Paris-05,Phone,4,906.95
4112,2023-07-16,Tokyo-04,Cables,2,14.52
4113,2023-07-02,Paris-05,Mouse,7,24.74
4114,2023-07-31,NYC-02,TV,5,1689.1
4115,2023-12-12,London-01,Laptop,3,1328.42
4116,2023-01-24,Berlin-03,Cables,9,13.51
4117,2023-03-11,London-01,Laptop,1,1039.06
4118,2023-11-08,NYC-02,TV,6,1663.48
4119,2023-06-06,Paris-05,Mouse,5,21.59
4120,2023-12-18,NYC-02,Monitor,8,272.88
4121,2023-07-12,Tokyo-04,Laptop,1,1256.99
4122,2023-07-13,NYC-02,Phone,2,891.09
4123,2023-01-06,London-01,Phone,2,896.55
4124,2023-09-19,London-01,Cables,2,16.6
4125,2023-06-10,NYC-02,Keyboard,6,85.89
4126,2023-03-21,Paris-05,Phone,5,697.67
4127,2023-07-20,Tokyo-04,Cables,2,15.35
4128,2023-07-12,Paris-05,TV,7,1473.29
4129,2023-07-07,Berlin-03,Monitor,9,258.99
4130,2023-05-10,Tokyo-04,TV,1,1701.82
4131,2023-08-26,Paris-05,Phone,3,776.69
4132,2023-03-23,Berlin-03,Phone,9,828.62
4133,2023-04-13,Paris-05,Phone,9,917.94
4134,2023-10-10,NYC-02,Monitor,1,300.23
4135,2023-01-16,Paris-05,Mouse,6,22.93
4136,2023-10-29,London-01,Mouse,9,22.04
4137,2023-07-15,Berlin-03,Monitor,2,262.53
4138,2023-02-26,Berlin-03,Mouse,2,26.72
4139,2023-01-13,NYC-02,Monitor,1,291.29
4140,2023-02-22,London-01,Phone,1,908.88
4141,2023-07-30,Paris-05,TV,8,1550.72
4142,2023-12-01,Berlin-03,Cables,9,13.64
4143,2023-12-07,London-01,Phone,2,892.58
4144,2023-06-17,London-01,Monitor,8,302.61
4145,2023-01-05,Tokyo-04,TV,7,1373.62
4146,2023-10-03,London-01,Cables,2,16.85
4147,2023-11-18,Paris-05,TV,1,1636.01
4148,2023-05-15,Berlin-03,Laptop,6,1139.98
4149,2023-09-27,Tokyo-04,Phone,9,711.31
4150,2023-08-25,Tokyo-04,Mouse,1,27.34
4151,2023-04-21,London-01,Cables,9,17.08
4152,2023-02-25,NYC-02,Monitor,7,295.56
4153,2023-02-28,Tokyo-04,TV,5,1450.9
4154,2023-07-26,London-01,TV,9,1454.41
4155,2023-01-13,Paris-05,TV,9,1601.94
4156,2023-08-01,Paris-05,Keyboard,3,97.32
4157,2023-02-17,NYC-02,TV,5,1301.83
4158,2023-04-02,Paris-05,TV,8,1463.64
4159,2023-07-13,NYC-02,Monitor,9,276.03
4160,2023-10-20,London-01,Monitor,6,331.33
4161,2023-11-06,Berlin-03,Cables,7,16.01
4162,2023-06-08,London-01,Cables,8,13.7
4163,2023-02-01,Berlin-03,Cables,7,13.31
4164,2023-12-19,NYC-02,Keyboard,2,91.43
4165,2023-08-30,Berlin-03,Monitor,4,279.1
4166,2023-02-23,Paris-05,Monitor,9,290.15
4167,2023-08-05,NYC-02,Mouse,1,26.31
4168,2023-01-11,NYC-02,Monitor,6,270.38
4169,2023-08-10,Berlin-03,Monitor,6,334.85
4170,2023-12-09,Tokyo-04,Keyboard,4,95.21
4171,2023-11-06,London-01,Laptop,2,1309.1
4172,2023-05-28,Paris-05,Laptop,3,1020.69
4173,2023-05-24,Berlin-03,Keyboard,5,104.49
4174,2023-07-15,Tokyo-04,Laptop,3,1363.58
4175,2023-02-06,London-01,Cables,2,14.85
4176,2023-02-06,Tokyo-04,Laptop,5,1241.49
4177,2023-08-14,NYC-02,Laptop,2,1023.78
4178,2023-05-25,Berlin-03,Phone,7,844.38
4179,2023-07-22,Paris-05,TV,8,1618.74
4180,2023-05-31,Berlin-03,Phone,2,767.71
4181,2023-10-05,Paris-05,Cables,8,13.83
4182,2023-05-12,Berlin-03,Keyboard,2,109.0
4183,2023-08-22,Tokyo-04,Monitor,9,290.24
4184,2023-08-28,Tokyo-04,Monitor,7,317.41
4185,2023-04-01,Paris-05,TV,4,1469.73
4186,2023-06-02,NYC-02,Mouse,3,23.52
4187,2023-03-17,Tokyo-04,Mouse,2,28.28
4188,2023-02-22,Tokyo-04,Mouse,2,25.26
4189,2023-11-24,NYC-02,Mouse,3,24.02
4190,2023-04-26,Tokyo-04,TV,7,1595.42
4191,2023-12-31,NYC-02,TV,6,1285.34
4192,2023-09-11,NYC-02,Cables,7,15.71
4193,2023-03-24,Tokyo-04,Phone,1,0.0
4194,2023-07-06,Berlin-03,Keyboard,2,104.14
4195,2023-07-09,Paris-05,TV,1,1560.68
4196,2023-03-20,London-01,Monitor,2,341.85
4197,2023-07-03,Tokyo-04,Laptop,7,1090.84
4198,2023-09-26,Tokyo-04,Cables,2,13.65
4199,2023-03-10,NYC-02,TV,6,1483.59
4200,2023-09-16,Paris-05,Laptop,1,1296.96
4201,2023-04-16,Tokyo-04,Cables,1,13.69
4202,2023-12-23,Paris-05,Mouse,2,26.66
4203,2023-08-21,NYC-02,TV,7,1401.33
4204,2023-02-16,Tokyo-04,Monitor,2,328.95
4205,2023-12-13,Berlin-03,Mouse,5,26.46
4206,2023-12-18,Tokyo-04,Mouse,2,27.11
4207,2023-05-09,Berlin-03,Cables,6,15.79
4208,2023-12-07,Tokyo-04,Laptop,5,1093.21
4209,2023-11-30,London-01,Keyboard,6,85.67
4210,2023-12-19,NYC-02,Laptop,1,1219.28
4211,2023-10-02,London-01,Monitor,2,258.68
4212,2023-01-01,Berlin-03,TV,9,1433.9
4213,2023-07-19,NYC-02,Monitor,4,267.26
4214,2023-07-31,Berlin-03,Phone,4,733.18
4215,2023-07-16,Berlin-03,TV,8,1486.33
4216,2023-04-29,Tokyo-04,Laptop,8,1131.32
4217,2023-06-14,NYC-02,Laptop,9,1062.6
4218,2023-10-12,London-01,Mouse,1,24.18
4219,2023-09-19,Tokyo-04,Phone,7,725.48
4220,2023-01-08,Berlin-03,TV,8,1687.75
4221,2023-10-03,NYC-02,Cables,7,17.16
4222,2023-03-25,NYC-02,TV,3,1311.08
4223,2023-06-05,NYC-02,Phone,1,751.1
4224,2023-01-18,Paris-05,Cables,7,15.81
4225,2023-11-10,Paris-05,Mouse,7,27.14
4226,2023-01-01,Berlin-03,Monitor,4,338.86
4227,2023-08-04,Paris-05,Phone,4,760.94
4228,2023-06-02,Paris-05,Monitor,7,265.97
4229,2023-06-06,Berlin-03,Laptop,6,1351.85
4230,2023-08-03,NYC-02,Phone,4,888.93
4231,2023-06-03,Berlin-03,Mouse,9,23.72
4232,2023-06-02,London-01,Laptop,7,1272.8
4233,2023-11-05,Tokyo-04,TV,8,1369.03
4234,2023-10-26,Tokyo-04,Laptop,2,1194.57
4235,2023-11-13,London-01,TV,5,1600.58
4236,2023-05-27,Paris-05,Keyboard,4,101.17
4237,2023-02-04,NYC-02,Phone,7,744.16
4238,2023-03-08,London-01,Mouse,2,25.11
4239,2023-11-21,Tokyo-04,Monitor,4,334.79
4240,2023-04-19,NYC-02,Mouse,5,22.35
4241,2023-02-23,Paris-05,Phone,9,731.84
4242,2023-07-31,Berlin-03,Mouse,8,26.99
4243,2023-09-03,London-01,Keyboard,9,91.27
4244,2023-02-10,Paris-05,TV,4,1501.27
4245,2023-09-04,Tokyo-04,Cables,1,14.05
4246,2023-02-02,Tokyo-04,Cables,4,13.01
4247,2023-05-11,NYC-02,Laptop,5,1262.98
4248,2023-01-26,Berlin-03,Laptop,9,1123.88
4249,2023-03-19,NYC-02,Keyboard,4,109.28
4250,2023-09-14,NYC-02,Cables,6,13.77
4251,2023-03-31,London-01,Laptop,1,1360.21
4252,2023-08-12,Paris-05,Monitor,5,303.74
4253,2023-07-15,Tokyo-04,Cables,8,0.0
4254,2023-09-19,Berlin-03,Laptop,5,1063.18
4255,2023-08-11,London-01,Cables,6,16.75
4256,2023-06-19,Paris-05,TV,9,1486.5
4257,2023-11-19,Paris-05,TV,3,1397.38
4258,2023-08-21,Berlin-03,Monitor,8,276.66
4259,2023-01-03,London-01,Monitor,5,336.61
4260,2023-07-08,NYC-02,Monitor,6,286.72
4261,2023-08-11,Tokyo-04,Monitor,5,338.46
4262,2023-03-23,NYC-02,Phone,2,819.03
4263,2023-07-30,Tokyo-04,TV,8,1642.98
4264,2023-07-06,Tokyo-04,Mouse,7,22.87
4265,2023-12-03,London-01,Monitor,2,318.69
4266,2023-06-20,Paris-05,Phone,2,883.53
4267,2023-09-27,Berlin-03,Cables,7,17.08
4268,2023-09-03,Tokyo-04,Keyboard,7,86.3
4269,2023-05-20,NYC-02,Mouse,1,25.06
4270,2023-01-10,NYC-02,Cables,1,16.17
4271,2023-10-12,London-01,Monitor,9,321.23
4272,2023-10-06,Paris-05,Keyboard,8,113.96
4273,2023-08-30,NYC-02,Phone,7,823.99
4274,2023-11-22,London-01,Laptop,7,1099.64
4275,2023-11-11,Berlin-03,Keyboard,6,111.61
4276,2023-10-08,NYC-02,Cables,1,13.94
4277,2023-02-19,Paris-05,TV,9,1328.66
4278,2023-03-05,Tokyo-04,Monitor,7,273.57
4279,2023-11-06,London-01,Cables,3,15.02
4280,2023-11-13,Paris-05,Laptop,1,1202.34
4281,2023-03-25,Paris-05,Mouse,5,23.81
4282,2023-04-21,London-01,Laptop,2,1324.64
4283,2023-06-20,Paris-05,Laptop,2,1334.65
4284,2023-06-08,Tokyo-04,Mouse,8,27.9
4285,2023-03-05,Berlin-03,Laptop,3,1222.09
4286,2023-09-27,Tokyo-04,Laptop,6,1101.06
4287,2023-07-27,London-01,Mouse,1,21.61
4288,2023-05-01,NYC-02,Phone,1,875.33
4289,2023-07-15,Paris-05,TV,3,1278.99
4290,2023-01-06,Paris-05,Cables,8,16.8
4291,2023-01-12,London-01,Laptop,1,1366.81
4292,2023-03-30,London-01,TV,3,1455.53
4293,2023-03-23,Paris-05,Laptop,6,1167.66
4294,2023-07-04,Tokyo-04,Laptop,5,1058.22
4295,2023-07-10,Tokyo-04,Laptop,6,1274.14
4296,2023-07-12,Paris-05,Keyboard,7,93.99
4297,2023-03-26,NYC-02,Cables,6,13.97
4298,2023-02-16,London-01,Keyboard,7,109.45
4299,2023-08-19,Tokyo-04,Keyboard,6,101.57
4300,2023-10-27,Berlin-03,Cables,9,16.54
4301,2023-06-28,NYC-02,Laptop,3,1348.73
4302,2023-10-27,Tokyo-04,Mouse,1,23.82
4303,2023-04-19,NYC-02,Mouse,3,25.07
4304,2023-09-17,Paris-05,Monitor,6,283.31
4305,2023-06-29,Paris-05,Mouse,6,21.86
4306,2023-04-27,Tokyo-04,TV,2,1595.44
4307,2023-05-06,Berlin-03,Laptop,5,1156.75
4308,2023-03-17,Berlin-03,Phone,7,908.63
4309,2023-05-07,Paris-05,Phone,9,786.71
4310,2023-09-07,NYC-02,TV,3,1281.74
4311,2023-08-05,Berlin-03,Phone,8,700.26
4312,2023-01-09,NYC-02,Phone,4,828.27
4313,2023-07-09,Tokyo-04,Monitor,4,335.9
4314,2023-03-31,NYC-02,Laptop,3,1151.23
4315,2023-06-26,Tokyo-04,Monitor,3,315.43
4316,2023-09-17,Tokyo-04,Keyboard,8,85.6
4317,2023-01-15,London-01,Cables,5,13.08
4318,2023-12-12,Berlin-03,Mouse,5,23.48
4319,2023-11-10,Tokyo-04,Mouse,5,23.1
4320,2023-02-14,London-01,TV,1,1282.87
4321,2023-09-07,Tokyo-04,Mouse,1,26.44
4322,2023-08-24,Tokyo-04,Phone,4,750.34
4323,2023-08-10,Paris-05,Keyboard,5,104.02
4324,2023-09-25,Berlin-03,Keyboard,4,91.93
4325,2023-10-05,Berlin-03,Mouse,8,23.51
4326,2023-08-16,Tokyo-04,Laptop,4,1141.43
4327,2023-06-21,Paris-05,Laptop,6,1125.03
4328,2023-10-06,Berlin-03,Cables,8,13.95
4329,2023-08-08,Berlin-03,TV,7,1439.19
4330,2023-05-09,NYC-02,Mouse,7,23.37
4331,2023-10-09,London-01,Keyboard,8,102.67
4332,2023-04-14,Paris-05,Laptop,7,1183.77
4333,2023-02-28,NYC-02,Phone,9,720.82
4334,2023-11-25,London-01,Phone,6,749.62
4335,2023-02-28,Paris-05,Cables,4,15.35
4336,2023-11-30,Tokyo-04,Monitor,8,271.69
4337,2023-01-08,Berlin-03,Cables,5,13.58
4338,2023-02-19,Paris-05,Phone,4,846.1
4339,2023-03-22,Paris-05,Phone,3,862.68
4340,2023-03-07,Paris-05,Laptop,8,1042.24
4341,2023-08-20,Paris-05,Laptop,2,1024.45
4342,2023-10-28,NYC-02,Keyboard,5,108.45
4343,2023-01-12,Berlin-03,Laptop,9,1158.93
4344,2023-01-28,Tokyo-04,Monitor,4,331.79
4345,2023-07-18,Tokyo-04,Monitor,4,341.03
4346,2023-03-29,Paris-05,Mouse,6,21.69
4347,2023-11-07,London-01,Phone,4,875.43
4348,2023-10-28,London-01,Laptop,3,1131.24
4349,2023-05-22,Paris-05,Cables,5,14.8
4350,2023-07-02,London-01,Monitor,8,330.06
4351,2023-05-23,Tokyo-04,Laptop,6,1361.39
4352,2023-05-25,Berlin-03,Cables,5,14.03
4353,2023-02-23,NYC-02,Monitor,1,315.71
4354,2023-07-13,London-01,Cables,1,15.4
4355,2023-05-30,NYC-02,Monitor,1,341.23
4356,2023-08-12,Berlin-03,Keyboard,8,106.33
4357,2023-02-11,Paris-05,Keyboard,2,98.71
4358,2023-07-05,Berlin-03,TV,5,1329.41
4359,2023-09-19,NYC-02,Phone,8,825.97
4360,2023-09-02,London-01,Keyboard,7,104.31
4361,2023-09-05,London-01,Cables,1,15.1
4362,2023-03-12,Tokyo-04,Laptop,4,1170.24
4363,2023-05-20,London-01,Cables,7,13.5
4364,2023-02-19,London-01,Keyboard,5,89.8
4365,2023-03-23,Tokyo-04,Mouse,7,22.09
4366,2023-04-30,London-01,TV,1,1363.46
4367,2023-03-21,Berlin-03,Cables,4,13.59
4368,2023-01-08,Berlin-03,Cables,1,13.54
4369,2023-11-13,NYC-02,Keyboard,2,113.26
4370,2023-10-17,Berlin-03,TV,6,1525.93
4371,2023-12-18,Paris-05,Phone,8,873.37
4372,2023-06-27,Tokyo-04,Keyboard,4,107.09
4373,2023-01-30,Tokyo-04,Mouse,9,25.3
4374,2023-10-12,Tokyo-04,Phone,3,737.1
4375,2023-03-29,London-01,TV,3,1564.68
4376,2023-08-05,London-01,Laptop,8,1112.51
4377,2023-12-02,Paris-05,Laptop,5,1294.64
4378,2023-07-29,Paris-05,Monitor,7,289.16
4379,2023-08-30,Tokyo-04,TV,2,1477.74
4380,2023-05-10,Tokyo-04,Keyboard,5,97.46
4381,2023-02-04,Paris-05,Cables,8,15.92
4382,2023-04-01,Tokyo-04,Cables,8,13.37
4383,2023-12-15,Tokyo-04,Phone,5,689.01
4384,2023-07-26,London-01,TV,3,1697.42
4385,2023-09-21,Tokyo-04,TV,9,1702.98
4386,2023-10-02,Berlin-03,TV,1,1340.1
4387,2023-04-15,London-01,Cables,9,12.81
4388,2023-10-26,Paris-05,Phone,7,684.85
4389,2023-11-17,London-01,Keyboard,5,90.98
4390,2023-01-28,Paris-05,Mouse,6,22.81
4391,2023-08-27,Tokyo-04,Phone,3,713.85
4392,2023-07-22,Paris-05,Keyboard,1,85.54
4393,2023-10-20,NYC-02,Cables,6,14.97
4394,2023-08-26,Tokyo-04,Keyboard,6,101.14
4395,2023-09-07,Tokyo-04,Keyboard,6,85.15
4396,2023-08-18,Tokyo-04,TV,6,1699.38
4397,2023-03-30,Berlin-03,Mouse,4,0.0
4398,2023-12-27,Paris-05,Laptop,6,1055.95
4399,2023-12-26,London-01,Cables,9,14.73
4400,2023-07-09,Berlin-03,Phone,9,744.76
4401,2023-11-05,NYC-02,Mouse,3,28.58
4402,2023-02-28,Berlin-03,Monitor,6,343.37
4403,2023-10-14,NYC-02,Phone,3,804.84
4404,2023-01-27,NYC-02,Phone,6,831.61
4405,2023-03-31,Paris-05,Phone,5,703.58
4406,2023-09-26,Berlin-03,Cables,6,14.95
4407,2023-07-05,Berlin-03,Cables,9,15.26
4408,2023-03-08,Berlin-03,Phone,4,705.69
4409,2023-03-27,Tokyo-04,Monitor,6,306.09
4410,2023-09-12,London-01,Laptop,8,1048.5
4411,2023-03-23,Berlin-03,TV,9,1501.57
4412,2023-07-25,NYC-02,Mouse,9,28.01
4413,2023-10-15,NYC-02,Cables,9,15.54
4414,2023-02-05,Paris-05,Mouse,3,23.95
4415,2023-07-16,London-01,Laptop,5,1371.21
4416,2023-10-03,London-01,Phone,2,730.49
4417,2023-08-26,London-01,TV,8,1544.54
4418,2023-01-19,Paris-05,Monitor,2,256.13
4419,2023-04-20,NYC-02,Phone,7,905.23
4420,2023-05-04,London-01,Monitor,4,273.15
4421,2023-07-14,London-01,Phone,4,747.36
4422,2023-10-18,Berlin-03,Keyboard,9,104.12
4423,2023-08-06,Berlin-03,Monitor,3,342.98
4424,2023-02-04,UNKNOWN,TV,9,1401.91
4425,2023-01-30,NYC-02,TV,1,1541.83
4426,2023-08-25,London-01,Keyboard,3,85.23
4427,2023-01-08,London-01,Phone,8,759.52
4428,2023-05-11,NYC-02,Laptop,7,1326.03
4429,2023-11-25,London-01,Cables,7,13.16
4430,2023-10-28,Paris-05,Phone,6,831.69
4431,2023-12-14,Paris-05,Cables,2,15.51
4432,2023-09-25,London-01,Cables,4,16.77
4433,2023-09-11,Tokyo-04,Mouse,6,23.85
4434,2023-07-27,Paris-05,Phone,5,759.14
4435,2023-07-25,Tokyo-04,Monitor,1,291.8
4436,2023-07-29,Berlin-03,Mouse,1,24.4
4437,2023-06-16,Paris-05,Phone,2,818.43
4438,2023-08-15,Paris-05,Keyboard,4,93.89
4439,2023-02-16,London-01,Monitor,4,265.23
4440,2023-08-02,London-01,Keyboard,6,92.52
4441,2023-07-21,Tokyo-04,Laptop,2,1221.15
4442,2023-11-12,Berlin-03,Monitor,8,334.61
4443,2023-07-22,London-01,Laptop,9,1359.25
4444,2023-10-05,London-01,Cables,9,16.97
4445,2023-06-22,London-01,Cables,7,15.7
4446,2023-03-15,London-01,Phone,7,716.0
4447,2023-11-01,Berlin-03,Mouse,4,22.88
4448,2023-04-17,NYC-02,Phone,5,900.49
4449,2023-07-09,Tokyo-04,Cables,9,13.6
4450,2023-06-23,Tokyo-04,Phone,4,897.73
4451,2023-10-19,Paris-05,Mouse,8,25.32
4452,2023-05-02,Berlin-03,TV,1,1426.79
4453,2023-03-02,London-01,Mouse,4,25.47
4454,2023-09-11,Berlin-03,Mouse,1,24.38
4455,2023-01-23,London-01,Monitor,9,332.44
4456,2023-06-13,Paris-05,Laptop,7,1066.05
4457,2023-11-05,Paris-05,Laptop,4,1091.46
4458,2023-06-09,Paris-05,Mouse,1,23.85
4459,2023-12-18,Berlin-03,Monitor,1,309.19
4460,2023-06-16,Paris-05,Phone,2,892.64
4461,2023-06-03,NYC-02,Mouse,8,23.36
4462,2023-02-16,Berlin-03,Laptop,5,1261.51
4463,2023-07-09,Paris-05,Phone,1,897.43
4464,2023-02-20,NYC-02,Mouse,6,23.92
4465,2023-05-04,Paris-05,Cables,9,0.0
4466,2023-06-18,NYC-02,Laptop,3,1131.36
4467,2023-06-07,NYC-02,Mouse,7,0.0
4468,2023-10-03,Berlin-03,Monitor,8,340.33
4469,2023-05-08,Paris-05,Laptop,3,1269.55
4470,2023-05-08,Tokyo-04,Keyboard,8,85.9
4471,2023-05-30,London-01,Mouse,1,27.68
4472,2023-03-30,London-01,Mouse,8,24.32
4473,2023-08-05,NYC-02,Mouse,3,26.1
4474,2023-04-15,London-01,Laptop,3,1244.21
4475,2023-08-07,Tokyo-04,Monitor,7,329.64
4476,2023-05-26,Paris-05,Keyboard,1,106.01
4477,2023-09-16,Paris-05,Cables,8,14.77
4478,2023-11-23,Paris-05,Laptop,5,1348.61
4479,2023-04-07,London-01,Laptop,9,1222.82
4480,2023-11-21,Paris-05,Phone,6,900.42
4481,2023-11-05,Berlin-03,Mouse,8,27.42
4482,2023-08-15,Tokyo-04,Cables,1,14.69
4483,2023-10-03,Paris-05,Monitor,7,281.89
4484,2023-12-18,Berlin-03,Keyboard,8,85.16
4485,2023-06-30,Berlin-03,Monitor,8,292.52
4486,2023-03-12,Paris-05,Laptop,1,1229.6
4487,2023-09-12,Berlin-03,Laptop,7,1163.93
4488,2023-07-23,London-01,TV,6,1573.75
4489,2023-08-24,Berlin-03,Mouse,2,21.9
4490,2023-06-12,Tokyo-04,Monitor,5,323.92
4491,2023-12-06,London-01,Mouse,3,28.38
4492,2023-03-28,Tokyo-04,TV,9,1580.53
4493,2023-03-16,Berlin-03,Phone,2,762.78
4494,2023-06-11,Tokyo-04,Phone,1,736.02
4495,2023-11-11,Tokyo-04,Phone,7,773.45
4496,2023-12-14,London-01,Mouse,9,23.83
4497,2023-12-06,NYC-02,Monitor,8,292.36
4498,2023-02-20,Paris-05,Monitor,4,293.26
4499,2023-11-23,London-01,TV,6,1453.11
4500,2023-05-31,Tokyo-04,Keyboard,8,100.71
4501,2023-07-24,London-01,Laptop,2,1328.03
4502,2023-07-09,Tokyo-04,Mouse,9,22.13
4503,2023-11-27,London-01,TV,8,1363.28
4504,2023-02-23,Berlin-03,Cables,9,13.92
4505,2023-06-06,Berlin-03,Laptop,7,1240.96
4506,2023-06-30,Paris-05,TV,9,1632.25
4507,2023-12-25,Berlin-03,Monitor,3,314.64
4508,2023-04-07,London-01,Monitor,8,336.92
4509,2023-07-25,Berlin-03,TV,1,1423.92
4510,2023-08-21,Paris-05,Mouse,8,25.9
4511,2023-11-28,London-01,Laptop,7,0.0
4512,2023-11-25,London-01,Laptop,4,1254.95
4513,2023-09-15,Paris-05,Laptop,7,1313.33
4514,2023-02-05,NYC-02,TV,2,1494.84
4515,2023-09-29,London-01,Cables,5,13.77
4516,2023-04-06,London-01,Monitor,8,330.96
4517,2023-04-23,NYC-02,Monitor,8,288.09
4518,2023-02-02,London-01,Mouse,3,26.07
4519,2023-11-22,London-01,Monitor,7,293.85
4520,2023-05-04,Berlin-03,Phone,4,884.62
4521,2023-03-08,Paris-05,TV,9,1506.56
4522,2023-04-27,Berlin-03,Mouse,2,26.82
4523,2023-04-28,Tokyo-04,Mouse,5,26.36
4524,2023-03-01,London-01,Laptop,9,1117.62
4525,2023-08-17,Tokyo-04,Cables,5,15.56
4526,2023-06-28,Paris-05,Keyboard,7,94.54
4527,2023-02-17,Paris-05,TV,9,1356.2
4528,2023-10-28,London-01,Phone,9,900.33
4529,2023-11-16,Paris-05,Monitor,7,313.98
4530,2023-06-21,Tokyo-04,Cables,4,15.78
4531,2023-01-05,Paris-05,Mouse,5,22.33
4532,2023-05-26,London-01,TV,9,1513.77
4533,2023-08-08,NYC-02,Phone,3,704.43
4534,2023-07-02,Tokyo-04,Keyboard,3,102.87
4535,2023-09-29,London-01,TV,3,1504.1
4536,2023-09-29,London-01,Laptop,2,1200.42
4537,2023-02-24,NYC-02,Monitor,5,344.0
4538,2023-12-22,Berlin-03,Mouse,8,27.31
4539,2023-11-03,Berlin-03,Keyboard,9,90.92
4540,2023-06-16,Berlin-03,Laptop,8,1350.95
4541,2023-02-20,Tokyo-04,TV,8,1538.74
4542,2023-05-12,London-01,Monitor,9,342.09
4543,2023-11-01,London-01,Keyboard,2,103.88
4544,2023-03-28,Berlin-03,Keyboard,9,91.13
4545,2023-03-21,NYC-02,Monitor,9,284.19
4546,2023-11-25,Paris-05,Phone,1,710.59
4547,2023-04-15,NYC-02,Keyboard,9,102.62
4548,2023-12-02,Tokyo-04,Phone,1,814.44
4549,2023-08-01,NYC-02,Cables,1,14.35
4550,2023-03-16,London-01,TV,8,1488.28
4551,2023-09-23,Paris-05,Keyboard,9,87.21
4552,2023-09-01,NYC-02,Monitor,5,336.58
4553,2023-09-22,Berlin-03,Keyboard,7,86.97
4554,2023-10-19,Paris-05,Cables,1,15.96
4555,2023-09-26,Berlin-03,Phone,2,718.07
4556,2023-04-07,NYC-02,Cables,4,16.44
4557,2023-06-23,London-01,Monitor,5,313.99
4558,2023-10-30,NYC-02,TV,4,1353.5
4559,2023-02-02,London-01,Laptop,7,1199.49
4560,2023-09-23,NYC-02,Phone,4,812.39
4561,2023-03-30,London-01,Phone,3,726.31
4562,2023-06-13,Paris-05,Cables,3,15.59
4563,2023-03-24,Tokyo-04,Phone,5,895.27
4564,2023-03-31,London-01,Laptop,8,1112.76
4565,2023-04-25,London-01,Monitor,8,336.29
4566,2023-10-08,Tokyo-04,Monitor,3,340.76
4567,2023-05-07,Paris-05,Mouse,2,25.51
4568,2023-10-16,Tokyo-04,Cables,4,16.96
4569,2023-06-21,Tokyo-04,Mouse,8,21.61
4570,2023-11-23,NYC-02,Laptop,4,1307.67
4571,2023-11-23,NYC-02,Mouse,8,27.48
4572,2023-03-01,Paris-05,Phone,5,795.39
4573,2023-02-17,NYC-02,TV,6,1661.0
4574,2023-01-11,NYC-02,Cables,8,15.76
4575,2023-01-16,Tokyo-04,Keyboard,3,92.74
4576,2023-10-02,Paris-05,Keyboard,7,0.0
4577,2023-12-01,NYC-02,Cables,7,15.78
4578,2023-05-10,Berlin-03,Phone,7,802.61
4579,2023-12-20,NYC-02,Mouse,8,26.26
4580,2023-12-26,Paris-05,Monitor,1,274.45
4581,2023-10-20,London-01,Monitor,8,329.18
4582,2023-05-30,Berlin-03,TV,9,1645.13
4583,2023-10-06,Paris-05,Cables,3,16.66
4584,2023-01-19,Paris-05,Keyboard,7,88.41
4585,2023-07-31,London-01,Laptop,2,1022.35
4586,2023-12-09,Tokyo-04,Phone,1,885.7
4587,2023-02-24,Tokyo-04,Keyboard,3,106.02
4588,2023-04-27,London-01,Monitor,1,327.33
4589,2023-10-26,Paris-05,Laptop,8,1194.15
4590,2023-03-28,Paris-05,Phone,6,742.14
4591,2023-08-22,Berlin-03,Mouse,7,26.97
4592,2023-09-05,Paris-05,Laptop,3,1319.15
4593,2023-09-03,Paris-05,Laptop,7,1240.17
4594,2023-11-19,London-01,Phone,4,712.79
4595,2023-09-13,NYC-02,Phone,6,867.41
4596,2023-09-19,Tokyo-04,Phone,6,794.74
4597,2023-06-26,Berlin-03,Phone,3,790.31
4598,2023-03-26,Tokyo-04,Keyboard,7,97.84
4599,2023-12-14,Paris-05,Mouse,5,28.33
4600,2023-08-01,Berlin-03,Phone,3,710.01
4601,2023-07-15,London-01,Laptop,1,1037.36
4602,2023-10-08,Paris-05,Phone,4,831.2
4603,2023-06-06,NYC-02,TV,5,1362.77
4604,2023-05-12,London-01,Keyboard,1,109.3
4605,2023-04-30,Tokyo-04,Laptop,7,1232.84
4606,2023-01-02,Berlin-03,Laptop,9,1091.9
4607,2023-03-24,Berlin-03,Mouse,4,21.99
4608,2023-08-30,Tokyo-04,Mouse,9,26.59
4609,2023-12-18,London-01,Keyboard,9,103.19
4610,2023-09-26,NYC-02,Monitor,3,279.05
4611,2023-02-03,NYC-02,Mouse,3,22.07
4612,2023-03-14,NYC-02,Laptop,4,1057.61
4613,2023-08-10,Tokyo-04,Mouse,9,27.99
4614,2023-04-21,NYC-02,Laptop,2,1241.83
4615,2023-12-18,Tokyo-04,Laptop,5,1093.11
4616,2023-07-22,Berlin-03,Phone,7,821.0
4617,2023-03-03,Paris-05,TV,9,1302.82
4618,2023-05-10,Berlin-03,TV,3,1436.77
4619,2023-01-01,Tokyo-04,TV,3,1376.61
4620,2023-08-06,NYC-02,Keyboard,4,103.11
4621,2023-05-14,Tokyo-04,TV,3,1701.54
4622,2023-03-08,Berlin-03,Mouse,4,24.92
4623,2023-04-27,Tokyo-04,Cables,4,15.26
4624,2023-06-20,Berlin-03,Mouse,5,26.29
4625,2023-02-19,Paris-05,Monitor,3,285.13
4626,2023-02-16,Tokyo-04,Monitor,2,268.06
4627,2023-05-21,Tokyo-04,Keyboard,7,111.91
4628,2023-04-19,London-01,Mouse,1,22.11
4629,2023-03-16,Tokyo-04,Keyboard,6,95.68
4630,2023-05-17,NYC-02,Monitor,2,302.79
4631,2023-10-31,London-01,Cables,5,13.59
4632,2023-04-29,Berlin-03,Cables,5,13.89
4633,2023-06-10,Tokyo-04,Keyboard,6,106.12
4634,2023-10-08,Berlin-03,TV,8,1579.18
4635,2023-03-09,UNKNOWN,Mouse,4,28.51
4636,2023-06-22,Paris-05,Monitor,1,326.28
4637,2023-01-08,London-01,Monitor,3,302.4
4638,2023-10-21,Berlin-03,Mouse,5,22.59
4639,2023-06-09,Tokyo-04,Laptop,5,1362.97
4640,2023-09-21,London-01,Laptop,8,1363.46
4641,2023-02-16,Paris-05,Mouse,5,28.68
4642,2023-11-05,Tokyo-04,Cables,2,13.55
4643,2023-07-21,Tokyo-04,Laptop,9,1204.46
4644,2023-07-30,Tokyo-04,Mouse,6,25.19
4645,2023-05-09,Berlin-03,Phone,9,861.37
4646,2023-02-24,Paris-05,TV,5,1358.51
4647,2023-02-08,Paris-05,Cables,3,14.63
4648,2023-06-22,NYC-02,TV,6,1323.52
4649,2023-07-18,Berlin-03,Keyboard,4,112.84
4650,2023-01-21,Berlin-03,Cables,5,13.47
4651,2023-04-04,London-01,Phone,4,878.95
4652,2023-05-23,Tokyo-04,Phone,2,882.14
4653,2023-10-12,Paris-05,TV,8,1366.27
4654,2023-11-08,London-01,TV,6,1337.61
4655,2023-06-10,Tokyo-04,Monitor,6,332.36
4656,2023-10-05,Berlin-03,Laptop,6,1181.75
4657,2023-07-03,Tokyo-04,Monitor,7,330.29
4658,2023-12-27,NYC-02,Mouse,7,28.51
4659,2023-09-01,Tokyo-04,TV,1,1512.77
4660,2023-08-09,NYC-02,Keyboard,2,105.26
4661,2023-11-15,Tokyo-04,Keyboard,3,108.89
4662,2023-02-26,Paris-05,Mouse,7,27.39
4663,2023-12-11,Paris-05,Monitor,5,341.25
4664,2023-05-22,Berlin-03,Monitor,2,308.99
4665,2023-02-15,Paris-05,Monitor,2,278.97
4666,2023-01-22,NYC-02,Laptop,9,1342.36
4667,2023-07-31,Paris-05,Mouse,2,26.44
4668,2023-03-24,NYC-02,Phone,6,792.8
4669,2023-06-14,Berlin-03,Laptop,7,1059.41
4670,2023-04-29,Paris-05,Laptop,7,1288.82
4671,2023-06-05,Berlin-03,Cables,2,14.53
4672,2023-10-28,Tokyo-04,Laptop,7,1356.05
4673,2023-09-27,Berlin-03,Phone,1,831.79
4674,2023-12-16,London-01,Mouse,5,26.0
4675,2023-03-22,London-01,Laptop,9,1338.48
4676,2023-05-28,UNKNOWN,Cables,8,14.3
4677,2023-05-11,Berlin-03,Monitor,7,263.99
4678,2023-01-27,Tokyo-04,Keyboard,7,107.77
4679,2023-02-06,London-01,Keyboard,3,106.92
4680,2023-01-16,Berlin-03,Phone,9,862.9
4681,2023-03-21,Paris-05,Laptop,8,1114.98
4682,2023-01-07,Berlin-03,TV,9,1356.38
4683,2023-07-30,London-01,Keyboard,3,88.85
4684,2023-04-25,Tokyo-04,Keyboard,2,103.19
4685,2023-06-14,London-01,Phone,6,838.72
4686,2023-07-06,Berlin-03,Phone,1,715.44
4687,2023-09-10,Paris-05,Cables,8,13.52
4688,2023-07-14,Tokyo-04,Mouse,3,25.24
4689,2023-04-18,Berlin-03,TV,4,1638.1
4690,2023-06-11,NYC-02,Mouse,2,23.34
4691,2023-03-14,Tokyo-04,Phone,3,0.0
4692,2023-10-02,Berlin-03,Phone,7,759.32
4693,2023-08-01,London-01,Mouse,4,28.67
4694,2023-01-11,NYC-02,Cables,7,13.66
4695,2023-04-07,London-01,Monitor,6,319.12
4696,2023-06-19,London-01,Monitor,4,337.74
4697,2023-07-28,Berlin-03,Cables,7,16.5
4698,2023-11-03,London-01,Keyboard,8,101.98
4699,2023-03-17,Paris-05,Keyboard,8,99.41
4700,2023-11-17,London-01,Phone,5,735.59
4701,2023-10-24,Paris-05,TV,9,1524.43
4702,2023-10-18,NYC-02,Mouse,6,28.22
4703,2023-02-05,Berlin-03,Cables,9,16.58
4704,2023-01-01,Paris-05,Mouse,7,25.7
4705,2023-12-11,Paris-05,Mouse,7,21.77
4706,2023-08-07,Tokyo-04,Cables,6,16.65
4707,2023-12-23,Tokyo-04,Laptop,1,1376.92
4708,2023-09-30,Paris-05,Monitor,3,327.53
4709,2023-10-28,Berlin-03,Mouse,1,27.15
4710,2023-01-12,London-01,Cables,8,14.15
4711,2023-08-08,London-01,Laptop,9,1069.44
4712,2023-11-19,Paris-05,Cables,5,13.71
4713,2023-10-04,NYC-02,Mouse,9,23.03
4714,2023-06-11,NYC-02,Cables,4,14.6
4715,2023-12-24,Paris-05,Cables,3,16.26
4716,2023-07-25,NYC-02,Monitor,2,279.68
4717,2023-07-13,Berlin-03,Cables,1,12.81
4718,2023-04-15,Paris-05,Keyboard,4,107.77
4719,2023-05-15,Paris-05,Laptop,2,1088.21
4720,2023-02-26,Berlin-03,Mouse,8,26.12
4721,2023-11-14,Paris-05,Mouse,5,25.14
4722,2023-04-12,UNKNOWN,Mouse,6,22.28
4723,2023-09-16,Tokyo-04,Monitor,6,335.52
4724,2023-04-05,Berlin-03,TV,1,1327.4
4725,2023-12-30,London-01,Cables,6,13.97
4726,2023-02-23,Tokyo-04,Cables,3,16.49
4727,2023-03-06,London-01,Mouse,3,26.45
4728,2023-04-19,Paris-05,Laptop,9,1079.98
4729,2023-09-29,London-01,Cables,3,13.13
4730,2023-02-14,NYC-02,Keyboard,1,110.74
4731,2023-04-22,London-01,Cables,2,15.65
4732,2023-08-15,Tokyo-04,Cables,1,14.34
4733,2023-02-25,Berlin-03,TV,5,1566.49
4734,2023-11-07,NYC-02,Monitor,8,324.46
4735,2023-03-10,London-01,Keyboard,5,97.82
4736,2023-09-21,London-01,Mouse,5,22.27
4737,2023-10-21,Paris-05,Mouse,3,27.19
4738,2023-12-12,London-01,Keyboard,7,101.4
4739,2023-04-06,Tokyo-04,Mouse,3,26.82
4740,2023-02-09,Tokyo-04,Mouse,5,24.12
4741,2023-07-25,Berlin-03,Monitor,4,304.82
4742,2023-04-06,Berlin-03,Cables,5,12.81
4743,2023-09-19,London-01,Laptop,8,1235.55
4744,2023-11-21,London-01,Monitor,3,300.81
4745,2023-03-09,Paris-05,Monitor,5,319.97
4746,2023-04-15,Berlin-03,Keyboard,9,114.0
4747,2023-07-31,Tokyo-04,Mouse,3,22.39
4748,2023-10-14,London-01,Mouse,5,24.61
4749,2023-07-02,London-01,TV,9,1373.86
4750,2023-07-05,Paris-05,TV,9,1670.39
4751,2023-08-26,NYC-02,Laptop,3,1139.02
4752,2023-06-25,NYC-02,Laptop,6,1339.86
4753,2023-11-02,Paris-05,Phone,3,703.83
4754,2023-10-25,Paris-05,Phone,4,794.28
4755,2023-09-13,Paris-05,Keyboard,9,102.04
4756,2023-05-02,UNKNOWN,Laptop,2,1182.86
4757,2023-08-18,Tokyo-04,Phone,9,756.09
4758,2023-05-28,Tokyo-04,Mouse,9,23.61
4759,2023-08-07,Paris-05,Laptop,5,1334.65
4760,2023-07-31,Tokyo-04,Cables,8,15.98
4761,2023-09-17,Berlin-03,Keyboard,4,101.11
4762,2023-07-12,London-01,Phone,1,870.51
4763,2023-01-19,London-01,Laptop,6,1116.09
4764,2023-10-05,London-01,Cables,7,15.19
4765,2023-07-01,Berlin-03,Cables,9,15.46
4766,2023-11-03,NYC-02,Monitor,5,293.54
4767,2023-09-08,Paris-05,Laptop,3,1128.57
4768,2023-05-05,Paris-05,Laptop,8,1296.99
4769,2023-06-16,London-01,Laptop,7,1161.93
4770,2023-02-28,London-01,Laptop,6,1057.66
4771,2023-04-04,NYC-02,Keyboard,1,97.02
4772,2023-11-28,Tokyo-04,Cables,4,17.23
4773,2023-06-15,London-01,Keyboard,5,98.08
4774,2023-11-14,NYC-02,Monitor,4,331.58
4775,2023-04-03,London-01,Monitor,6,312.28
4776,2023-10-31,Paris-05,Cables,3,13.81
4777,2023-01-01,Tokyo-04,Cables,1,16.35
4778,2023-03-03,Tokyo-04,Keyboard,9,107.65
4779,2023-10-22,Tokyo-04,Keyboard,6,91.16
4780,2023-02-13,Tokyo-04,Monitor,4,270.76
4781,2023-01-26,London-01,Phone,6,784.4
4782,2023-03-20,Paris-05,TV,3,1357.22
4783,2023-04-07,Paris-05,Cables,9,14.93
4784,2023-05-08,London-01,Laptop,8,1203.24
4785,2023-09-08,London-01,TV,1,1487.58
4786,2023-12-29,London-01,Cables,7,13.74
4787,2023-07-18,Tokyo-04,Laptop,5,1261.46
4788,2023-05-23,Berlin-03,Mouse,9,23.31
4789,2023-11-30,Berlin-03,Monitor,1,290.91
4790,2023-04-10,Paris-05,Monitor,4,332.37
4791,2023-09-12,NYC-02,Mouse,9,21.55
4792,2023-08-01,Tokyo-04,Keyboard,2,101.21
4793,2023-01-28,NYC-02,Cables,4,14.24
4794,2023-01-29,Berlin-03,Keyboard,8,109.38
4795,2023-08-14,Berlin-03,Cables,7,13.63
4796,2023-06-11,Berlin-03,Monitor,3,260.11
4797,2023-10-24,London-01,Phone,7,908.7
4798,2023-08-11,Tokyo-04,Keyboard,2,98.6
4799,2023-05-29,NYC-02,Mouse,2,24.76
4800,2023-09-29,Berlin-03,Mouse,8,23.96
4801,2023-10-15,Paris-05,Laptop,6,1304.07
4802,2023-08-28,Tokyo-04,Mouse,1,26.81
4803,2023-05-15,Tokyo-04,Phone,5,891.94
4804,2023-09-30,Paris-05,Monitor,5,341.71
4805,2023-11-11,NYC-02,Cables,8,13.77
4806,2023-03-07,Paris-05,Keyboard,8,108.56
4807,2023-06-15,NYC-02,Laptop,4,1377.49
4808,2023-12-29,NYC-02,Phone,4,827.77
4809,2023-03-28,London-01,Keyboard,9,92.32
4810,2023-07-18,Paris-05,Monitor,5,343.09
4811,2023-11-24,London-01,Mouse,8,22.76
4812,2023-12-06,London-01,TV,1,1539.4
4813,2023-09-28,NYC-02,Cables,6,15.38
4814,2023-05-19,Tokyo-04,Keyboard,6,109.23
4815,2023-03-11,Berlin-03,Mouse,5,27.43
4816,2023-07-11,NYC-02,Monitor,5,289.56
4817,2023-09-20,Berlin-03,Phone,9,750.1
4818,2023-02-04,London-01,Monitor,7,305.57
4819,2023-04-22,Paris-05,Phone,8,700.61
4820,2023-09-25,Paris-05,Keyboard,7,114.57
4821,2023-09-13,Tokyo-04,Phone,2,765.69
4822,2023-10-14,Paris-05,Phone,7,685.03
4823,2023-05-26,London-01,Cables,5,14.06
4824,2023-02-27,UNKNOWN,Mouse,2,22.59
4825,2023-04-04,Berlin-03,Laptop,7,1317.6
4826,2023-06-10,Berlin-03,Mouse,4,28.57
4827,2023-09-13,Tokyo-04,Cables,2,14.52
4828,2023-07-16,NYC-02,Monitor,1,302.34
4829,2023-05-09,NYC-02,Keyboard,2,99.83
4830,2023-01-31,London-01,Phone,4,828.91
4831,2023-12-06,NYC-02,Cables,3,13.78
4832,2023-06-11,London-01,TV,4,1555.84
4833,2023-05-30,Tokyo-04,Phone,7,910.06
4834,2023-08-26,Paris-05,Monitor,5,330.97
4835,2023-04-06,Paris-05,Laptop,2,1281.16
4836,2023-09-28,Paris-05,Monitor,7,302.99
4837,2023-11-22,Paris-05,Laptop,4,1121.58
4838,2023-04-09,Tokyo-04,Cables,2,16.53
4839,2023-09-16,Tokyo-04,Monitor,6,326.31
4840,2023-12-16,Paris-05,Cables,2,13.9
4841,2023-01-14,NYC-02,Cables,9,12.93
4842,2023-06-25,Paris-05,Phone,5,819.9
4843,2023-01-05,Berlin-03,Monitor,6,285.24
4844,2023-05-29,London-01,Monitor,7,301.56
4845,2023-11-11,Paris-05,TV,6,1313.0
4846,2023-05-22,Tokyo-04,Phone,6,797.15
4847,2023-07-25,Tokyo-04,TV,9,1419.25
4848,2023-11-24,NYC-02,Cables,8,16.16
4849,2023-01-07,NYC-02,TV,2,1700.47
4850,2023-07-29,London-01,TV,3,1664.16
4851,2023-03-19,Berlin-03,Monitor,2,290.63
4852,2023-08-13,Berlin-03,TV,5,1283.57
4853,2023-12-04,NYC-02,Laptop,8,1256.03
4854,2023-02-28,Berlin-03,TV,4,1721.14
4855,2023-07-15,Berlin-03,Monitor,8,294.1
4856,2023-06-20,NYC-02,Monitor,7,272.7
4857,2023-10-18,Tokyo-04,Monitor,1,339.19
4858,2023-01-29,NYC-02,Phone,7,680.56
4859,2023-06-07,Paris-05,Monitor,8,309.16
4860,2023-04-14,Berlin-03,Mouse,9,22.21
4861,2023-06-08,London-01,Cables,4,14.37
4862,2023-03-29,London-01,Mouse,8,24.53
4863,2023-05-03,Paris-05,Monitor,8,303.95
4864,2023-12-27,NYC-02,Mouse,4,27.84
4865,2023-06-27,Tokyo-04,Phone,6,883.99
4866,2023-01-01,Paris-05,Mouse,3,22.08
4867,2023-04-26,NYC-02,Monitor,3,336.89
4868,2023-08-23,Berlin-03,Mouse,4,25.26
4869,2023-10-18,Paris-05,Mouse,1,22.78
4870,2023-01-29,London-01,Monitor,3,279.87
4871,2023-07-09,NYC-02,TV,7,1549.18
4872,2023-01-01,Berlin-03,Cables,8,15.19
4873,2023-12-31,Paris-05,Laptop,8,1055.17
4874,2023-11-08,Berlin-03,TV,6,0.0
4875,2023-09-10,Berlin-03,Mouse,5,23.02
4876,2023-05-28,Tokyo-04,Laptop,9,1079.32
4877,2023-11-04,Berlin-03,Laptop,5,1329.65
4878,2023-03-29,Tokyo-04,Monitor,2,341.58
4879,2023-05-14,London-01,Keyboard,3,86.31
4880,2023-01-27,Paris-05,Mouse,9,27.71
4881,2023-05-14,Tokyo-04,Mouse,6,22.41
4882,2023-04-09,Tokyo-04,Keyboard,6,96.22
4883,2023-11-01,London-01,Phone,4,723.91
4884,2023-04-30,Tokyo-04,TV,3,1458.64
4885,2023-11-07,NYC-02,Cables,2,17.04
4886,2023-09-09,Berlin-03,Keyboard,8,109.36
4887,2023-10-03,Paris-05,Keyboard,1,87.04
4888,2023-04-02,NYC-02,Keyboard,2,104.6
4889,2023-07-18,Berlin-03,Monitor,5,324.11
4890,2023-03-25,London-01,TV,6,1659.23
4891,2023-08-29,NYC-02,Laptop,8,1259.85
4892,2023-12-16,NYC-02,Laptop,5,1116.49
4893,2023-06-08,NYC-02,Monitor,5,328.73
4894,2023-01-02,NYC-02,Mouse,8,22.7
4895,2023-11-14,Berlin-03,Mouse,5,23.52
4896,2023-06-03,London-01,Monitor,5,292.07
4897,2023-05-18,NYC-02,Laptop,1,1133.78
4898,2023-03-10,London-01,TV,3,1615.04
4899,2023-03-09,NYC-02,Cables,5,14.53
4900,2023-08-31,Berlin-03,TV,9,1277.09
4901,2023-12-23,NYC-02,TV,4,1317.42
4902,2023-10-01,Berlin-03,Laptop,9,1312.93
4903,2023-04-24,Tokyo-04,Mouse,4,22.79
4904,2023-06-16,Berlin-03,Cables,5,14.0
4905,2023-03-29,Berlin-03,Monitor,4,314.53
4906,2023-11-19,London-01,Phone,7,774.4
4907,2023-01-18,Tokyo-04,Phone,3,881.17
4908,2023-12-29,NYC-02,Cables,9,15.28
4909,2023-09-01,Berlin-03,Keyboard,6,112.8
4910,2023-06-29,London-01,Monitor,7,264.15
4911,2023-06-26,Berlin-03,Cables,2,14.28
4912,2023-08-24,London-01,Cables,9,15.42
4913,2023-02-05,London-01,Cables,8,15.68
4914,2023-05-03,London-01,Monitor,1,286.59
4915,2023-12-16,Paris-05,Monitor,5,330.7
4916,2023-11-14,London-01,Cables,5,14.5
4917,2023-03-01,London-01,TV,9,1665.8
4918,2023-02-05,NYC-02,Laptop,6,1248.46
4919,2023-03-28,Paris-05,Laptop,9,1036.28
4920,2023-05-29,Paris-05,Monitor,8,322.89
4921,2023-07-14,Paris-05,Monitor,6,327.14
4922,2023-08-22,Tokyo-04,Monitor,6,303.37
4923,2023-04-09,Tokyo-04,Phone,3,899.08
4924,2023-09-03,Berlin-03,Monitor,3,306.54
4925,2023-03-13,Berlin-03,Phone,1,794.71
4926,2023-09-18,Paris-05,Phone,8,757.44
4927,2023-11-27,London-01,Laptop,1,1099.22
4928,2023-12-04,Paris-05,Monitor,7,335.15
4929,2023-08-21,Berlin-03,Mouse,3,25.21
4930,2023-07-18,NYC-02,Monitor,3,282.02
4931,2023-12-07,London-01,TV,2,1496.27
4932,2023-07-09,London-01,Phone,5,684.97
4933,2023-04-26,London-01,TV,5,1602.9
4934,2023-03-07,NYC-02,Keyboard,3,95.22
4935,2023-05-04,London-01,Laptop,6,1169.3
4936,2023-08-27,Berlin-03,TV,6,1457.52
4937,2023-04-01,Berlin-03,Mouse,5,28.32
4938,2023-10-01,NYC-02,Phone,4,733.07
4939,2023-07-05,Berlin-03,Keyboard,3,0.0
4940,2023-01-16,London-01,Phone,8,818.1
4941,2023-08-12,Paris-05,Keyboard,7,107.04
4942,2023-12-20,Tokyo-04,Laptop,2,1165.71
4943,2023-05-21,NYC-02,Cables,6,15.51
4944,2023-06-21,Paris-05,Monitor,9,299.7
4945,2023-05-05,Paris-05,Laptop,5,1357.46
4946,2023-03-09,London-01,TV,3,1403.17
4947,2023-05-15,Paris-05,Laptop,3,0.0
4948,2023-07-23,Paris-05,Monitor,3,289.11
4949,2023-03-21,Berlin-03,Phone,4,711.4
4950,2023-07-13,Berlin-03,TV,3,1392.74
4951,2023-11-07,Paris-05,TV,5,1609.87
4952,2023-01-12,Berlin-03,Laptop,1,1337.37
4953,2023-07-01,Tokyo-04,TV,9,1443.4
4954,2023-10-13,Berlin-03,Monitor,7,341.56
4955,2023-07-25,Tokyo-04,TV,8,1340.39
4956,2023-03-24,Berlin-03,Cables,9,12.96
4957,2023-11-11,Paris-05,Mouse,5,22.45
4958,2023-11-08,Berlin-03,Keyboard,9,91.12
4959,2023-09-18,NYC-02,Keyboard,4,114.33
4960,2023-05-27,NYC-02,Monitor,9,339.87
4961,2023-11-15,Tokyo-04,Cables,5,12.91
4962,2023-03-14,London-01,Monitor,7,268.76
4963,2023-04-04,Tokyo-04,Mouse,4,25.28
4964,2023-08-17,NYC-02,Mouse,8,24.86
4965,2023-10-21,NYC-02,TV,1,1496.56
4966,2023-08-04,London-01,TV,8,1631.88
4967,2023-05-06,London-01,Monitor,4,326.67
4968,2023-05-11,NYC-02,Keyboard,6,101.92
4969,2023-09-26,Tokyo-04,Mouse,7,28.75
4970,2023-03-26,Berlin-03,Laptop,3,1339.91
4971,2023-12-10,Tokyo-04,Keyboard,1,102.04
4972,2023-06-13,London-01,Laptop,7,1036.24
4973,2023-05-16,Tokyo-04,TV,4,1376.1
4974,2023-05-03,London-01,Phone,7,879.8
4975,2023-11-07,Tokyo-04,Laptop,4,1330.67
4976,2023-05-11,Berlin-03,Monitor,6,325.95
4977,2023-01-07,Berlin-03,Monitor,9,333.81
4978,2023-05-27,Paris-05,Laptop,9,0.0
4979,2023-03-08,Berlin-03,Mouse,6,27.72
4980,2023-03-02,Tokyo-04,Mouse,7,28.12
4981,2023-02-19,London-01,Mouse,9,21.78
4982,2023-02-06,NYC-02,Cables,9,13.64
4983,2023-05-10,London-01,Monitor,9,336.86
4984,2023-05-25,Tokyo-04,Monitor,4,265.64
4985,2023-09-05,London-01,TV,9,1373.17
4986,2023-01-01,London-01,TV,7,1473.47
4987,2023-07-23,London-01,Laptop,1,1096.2
4988,2023-10-27,UNKNOWN,Monitor,1,318.27
4989,2023-08-17,NYC-02,TV,1,1504.93
4990,2023-05-20,Tokyo-04,TV,8,1628.87
4991,2023-09-04,London-01,Keyboard,2,110.74
4992,2023-05-27,Berlin-03,Mouse,5,26.5
4993,2023-11-12,Paris-05,Cables,5,15.06
4994,2023-01-01,London-01,Phone,4,754.78
4995,2023-04-23,Berlin-03,Keyboard,1,99.53
4996,2023-06-15,Berlin-03,Phone,3,811.4
4997,2023-05-02,Tokyo-04,Laptop,8,1187.37
4998,2023-01-01,Tokyo-04,Phone,5,739.66
4999,2023-12-25,Paris-05,TV,6,1447.55
5000,2023-03-06,London-01,Keyboard,2,102.84
5001,2023-05-15,Berlin-03,Phone,8,765.78
5002,2023-12-05,NYC-02,TV,1,1538.1
5003,2023-09-11,Berlin-03,Mouse,1,26.54
5004,2023-04-02,Berlin-03,TV,8,1433.88
5005,2023-05-04,Paris-05,Keyboard,1,91.98
5006,2023-10-04,London-01,Laptop,1,1182.86
5007,2023-05-27,Tokyo-04,Cables,9,12.76
5008,2023-12-02,Berlin-03,Keyboard,4,95.26
5009,2023-08-06,Tokyo-04,Laptop,4,1127.0
5010,2023-11-29,Tokyo-04,Keyboard,8,112.78
5011,2023-08-05,Tokyo-04,Laptop,4,1375.07
5012,2023-08-24,Berlin-03,Monitor,6,336.99
5013,2023-11-14,Berlin-03,TV,8,1287.54
5014,2023-09-23,London-01,Mouse,9,27.68
5015,2023-05-13,NYC-02,TV,8,1345.41
5016,2023-04-22,Berlin-03,Cables,2,14.24
5017,2023-11-10,London-01,Laptop,6,1046.98
5018,2023-07-14,NYC-02,Keyboard,2,107.88
5019,2023-07-18,Tokyo-04,Keyboard,3,113.66
5020,2023-09-05,London-01,Laptop,5,1059.66
5021,2023-08-20,Paris-05,Keyboard,5,87.87
5022,2023-12-12,NYC-02,Monitor,4,344.0
5023,2023-08-12,Paris-05,Laptop,5,1338.12
5024,2023-07-12,Berlin-03,Monitor,8,344.75
5025,2023-03-11,Tokyo-04,TV,7,1443.42
5026,2023-08-12,Tokyo-04,Keyboard,1,113.04
5027,2023-03-06,London-01,Laptop,5,1088.75
5028,2023-12-15,Paris-05,Phone,1,872.5
5029,2023-02-13,Berlin-03,Cables,1,15.58
5030,2023-10-28,NYC-02,Monitor,9,338.8
5031,2023-09-14,London-01,Laptop,6,1194.69
5032,2023-12-26,NYC-02,TV,5,1410.24
5033,2023-04-24,NYC-02,TV,3,1566.61
5034,2023-08-11,NYC-02,Cables,8,13.47
5035,2023-05-28,Paris-05,Mouse,3,28.6
5036,2023-01-14,Paris-05,Phone,9,760.77
5037,2023-07-21,London-01,Laptop,8,1329.94
5038,2023-02-01,Berlin-03,Mouse,2,22.5
5039,2023-10-07,Paris-05,Laptop,1,1160.37
5040,2023-10-30,Tokyo-04,Phone,9,918.62
5041,2023-10-12,Berlin-03,Cables,6,16.96
5042,2023-07-15,UNKNOWN,Keyboard,9,97.38
5043,2023-05-05,Berlin-03,Monitor,8,338.66
5044,2023-01-20,NYC-02,Mouse,4,27.1
5045,2023-03-13,NYC-02,Keyboard,1,107.6
5046,2023-11-04,London-01,Phone,5,907.05
5047,2023-11-12,London-01,Phone,6,717.33
5048,2023-08-25,Paris-05,Monitor,3,288.72
5049,2023-07-27,London-01,Monitor,7,341.78
5050,2023-04-14,NYC-02,Monitor,8,276.6
5051,2023-04-14,London-01,Mouse,5,22.47
5052,2023-12-24,NYC-02,Laptop,1,1305.42
5053,2023-04-15,NYC-02,TV,7,1399.9
5054,2023-07-28,NYC-02,Keyboard,5,89.68
5055,2023-04-16,NYC-02,Mouse,8,26.05
5056,2023-05-18,Berlin-03,Keyboard,3,97.57
5057,2023-12-23,Berlin-03,Keyboard,2,98.45
5058,2023-07-21,Berlin-03,Phone,3,0.0
5059,2023-09-18,London-01,TV,5,1554.3
5060,2023-08-11,London-01,Mouse,9,28.56
5061,2023-09-23,Tokyo-04,Keyboard,4,110.49
5062,2023-08-08,Berlin-03,Phone,3,706.73
5063,2023-02-09,London-01,Cables,1,16.25
5064,2023-01-06,London-01,Phone,3,691.49
5065,2023-10-26,Tokyo-04,Monitor,1,264.09
5066,2023-05-07,Berlin-03,TV,7,1399.56
5067,2023-03-24,NYC-02,Keyboard,2,92.82
5068,2023-09-21,Berlin-03,Mouse,1,21.4
5069,2023-01-23,Paris-05,Keyboard,3,111.71
5070,2023-04-28,London-01,Phone,1,754.64
5071,2023-05-10,Berlin-03,Keyboard,7,92.25
5072,2023-02-25,London-01,Cables,9,16.81
5073,2023-04-23,London-01,Mouse,9,23.65
5074,2023-02-23,Berlin-03,Monitor,8,284.07
5075,2023-09-10,NYC-02,Monitor,1,288.91
5076,2023-08-01,Paris-05,Mouse,5,25.19
5077,2023-05-19,Tokyo-04,Keyboard,8,107.3
5078,2023-07-23,Paris-05,Keyboard,4,110.98
5079,2023-09-29,Paris-05,TV,1,1636.49
5080,2023-08-13,Berlin-03,TV,8,1280.74
5081,2023-07-28,NYC-02,TV,4,1723.19
5082,2023-05-24,Berlin-03,Phone,1,743.5
5083,2023-04-14,Berlin-03,TV,3,1632.43
5084,2023-02-10,London-01,Keyboard,4,88.65
5085,2023-07-31,Paris-05,Phone,1,776.11
5086,2023-03-18,Tokyo-04,Keyboard,7,108.95
5087,2023-10-15,NYC-02,Laptop,8,1048.09
5088,2023-09-09,Berlin-03,Cables,4,16.38
5089,2023-12-02,NYC-02,Cables,2,12.78
5090,2023-06-30,Berlin-03,Monitor,8,332.74
5091,2023-05-15,Berlin-03,Monitor,2,282.71
5092,2023-06-29,Paris-05,TV,7,1610.43
5093,2023-09-28,Tokyo-04,TV,9,1355.4
5094,2023-04-05,London-01,Cables,3,17.15
5095,2023-01-06,Paris-05,Laptop,6,1240.49
5096,2023-12-04,NYC-02,Phone,2,762.38
5097,2023-10-04,UNKNOWN,TV,6,1589.96
5098,2023-05-25,NYC-02,Keyboard,2,111.22
5099,2023-04-24,NYC-02,Phone,7,774.27
5100,2023-05-01,London-01,Keyboard,1,86.56
5101,2023-11-09,NYC-02,Monitor,8,279.98
5102,2023-10-15,NYC-02,Phone,2,896.47
5103,2023-09-28,London-01,TV,7,1558.93
5104,2023-09-16,Paris-05,Keyboard,8,86.72
5105,2023-04-27,Paris-05,Phone,9,909.91
5106,2023-10-09,Tokyo-04,TV,4,1275.73
5107,2023-06-21,Paris-05,Cables,7,15.21
5108,2023-08-19,Tokyo-04,Monitor,8,264.68
5109,2023-05-29,Tokyo-04,Cables,9,14.87
5110,2023-06-29,London-01,Laptop,9,1177.28
5111,2023-06-01,Berlin-03,Laptop,7,1077.49
5112,2023-03-19,Berlin-03,Laptop,3,1038.44
5113,2023-11-19,Berlin-03,TV,7,1629.17
5114,2023-12-22,London-01,Phone,7,716.18
5115,2023-05-05,NYC-02,Cables,4,14.72
5116,2023-11-05,Paris-05,Laptop,2,1372.23
5117,2023-10-28,Berlin-03,Monitor,9,280.47
5118,2023-12-14,Paris-05,Laptop,4,1093.88
5119,2023-07-23,Berlin-03,Cables,5,12.89
5120,2023-07-19,Paris-05,Phone,6,688.12
5121,2023-07-04,Paris-05,TV,8,1387.83
5122,2023-03-31,NYC-02,Cables,8,15.69
5123,2023-02-12,London-01,Phone,3,770.86
5124,2023-11-17,Tokyo-04,TV,8,1299.6
5125,2023-09-18,London-01,Cables,7,13.17
5126,2023-06-08,London-01,TV,3,1549.37
5127,2023-09-24,London-01,Monitor,5,298.76
5128,2023-06-24,Tokyo-04,Laptop,6,1316.69
5129,2023-07-02,Berlin-03,Keyboard,7,100.5
5130,2023-11-12,NYC-02,Keyboard,3,85.07
5131,2023-05-08,Tokyo-04,Phone,2,746.43
5132,2023-08-30,Tokyo-04,Keyboard,4,102.35
5133,2023-09-17,Tokyo-04,Cables,7,14.38
5134,2023-08-15,Tokyo-04,Cables,4,14.67
5135,2023-09-11,Berlin-03,Laptop,4,1266.29
5136,2023-12-05,Berlin-03,TV,4,1719.97
5137,2023-05-12,London-01,Laptop,8,1157.06
5138,2023-07-31,Paris-05,TV,7,1500.11
5139,2023-12-17,Tokyo-04,Monitor,8,320.75
5140,2023-11-26,London-01,Monitor,7,328.93
5141,2023-10-06,NYC-02,Cables,5,13.84
5142,2023-12-30,London-01,TV,1,1377.73
5143,2023-01-20,NYC-02,Laptop,8,1033.68
5144,2023-12-07,Berlin-03,TV,1,1399.67
5145,2023-06-29,UNKNOWN,Monitor,4,292.3
5146,2023-12-26,Berlin-03,Mouse,2,22.72
5147,2023-09-28,NYC-02,Laptop,6,1371.44
5148,2023-01-12,London-01,TV,2,1444.57
5149,2023-03-30,NYC-02,TV,9,1463.56
5150,2023-10-03,Berlin-03,Cables,5,13.74
5151,2023-07-27,NYC-02,Keyboard,6,85.01
5152,2023-07-06,Tokyo-04,Mouse,7,23.42
5153,2023-09-18,Paris-05,Laptop,1,1058.86
5154,2023-02-14,Berlin-03,Cables,1,15.27
5155,2023-03-19,NYC-02,Cables,5,14.51
5156,2023-08-26,NYC-02,Keyboard,7,91.26
5157,2023-03-20,NYC-02,Phone,2,810.25
5158,2023-07-26,Paris-05,Phone,8,824.93
5159,2023-06-20,NYC-02,TV,1,1331.01
5160,2023-11-01,London-01,Mouse,6,25.07
5161,2023-11-11,NYC-02,Keyboard,5,88.79
5162,2023-11-07,Berlin-03,TV,7,1375.73
5163,2023-10-19,Berlin-03,Phone,7,908.41
5164,2023-04-09,London-01,Keyboard,1,108.0
5165,2023-03-24,Paris-05,Phone,7,890.84
5166,2023-08-19,London-01,Phone,2,896.89
5167,2023-03-24,NYC-02,Cables,7,12.78
5168,2023-12-16,London-01,Keyboard,1,86.24
5169,2023-08-22,Berlin-03,Mouse,7,27.83
5170,2023-12-10,Berlin-03,Cables,1,14.75
5171,2023-08-29,Berlin-03,Laptop,4,1262.56
5172,2023-07-01,Tokyo-04,TV,4,1356.27
5173,2023-03-02,Berlin-03,Monitor,2,304.45
5174,2023-08-21,Paris-05,Mouse,1,23.95
5175,2023-04-05,UNKNOWN,Laptop,2,1342.09
5176,2023-10-06,NYC-02,Laptop,6,1265.66
5177,2023-08-11,Tokyo-04,Monitor,1,259.46
5178,2023-09-28,Paris-05,Cables,7,16.36
5179,2023-03-07,Tokyo-04,Monitor,5,288.69
5180,2023-12-24,NYC-02,Cables,4,17.19
5181,2023-10-09,Berlin-03,Cables,7,14.05
5182,2023-02-02,London-01,Laptop,2,1121.36
5183,2023-12-27,Paris-05,Cables,6,14.14
5184,2023-03-25,Paris-05,Monitor,4,283.87
5185,2023-09-17,London-01,TV,1,1540.91
5186,2023-08-24,London-01,Laptop,9,1328.81
5187,2023-02-19,Paris-05,Cables,2,14.05
5188,2023-05-18,NYC-02,Laptop,1,1103.06
5189,2023-05-11,Tokyo-04,Keyboard,7,113.8
5190,2023-05-06,Berlin-03,TV,2,1303.39
5191,2023-01-10,Berlin-03,TV,1,1717.9
5192,2023-07-03,London-01,Keyboard,2,87.99
5193,2023-11-08,London-01,Phone,2,895.0
5194,2023-06-16,Paris-05,TV,9,1328.11
5195,2023-06-09,Berlin-03,Monitor,8,0.0
5196,2023-12-03,Tokyo-04,Keyboard,6,94.93
5197,2023-01-19,Tokyo-04,TV,9,1672.77
5198,2023-09-03,London-01,Laptop,6,1238.74
5199,2023-03-02,Berlin-03,TV,3,1431.41
5200,2023-10-21,Tokyo-04,Cables,5,14.96
5201,2023-12-19,London-01,Laptop,3,1148.52
5202,2023-01-31,Tokyo-04,Monitor,2,276.21
5203,2023-03-12,London-01,Cables,6,13.73
5204,2023-03-07,Paris-05,Keyboard,2,87.09
5205,2023-03-17,NYC-02,TV,8,1296.08
5206,2023-08-16,Berlin-03,Phone,5,835.06
5207,2023-12-04,London-01,TV,7,1357.69
5208,2023-04-11,London-01,Laptop,8,1120.07
5209,2023-02-08,Paris-05,Mouse,1,28.32
5210,2023-11-02,London-01,Mouse,3,27.67
5211,2023-12-03,London-01,Monitor,9,338.8
5212,2023-04-12,NYC-02,Phone,9,819.77
5213,2023-10-22,London-01,Keyboard,4,106.35
5214,2023-08-06,Tokyo-04,Keyboard,3,93.13
5215,2023-01-01,Tokyo-04,Phone,5,761.32
5216,2023-08-20,London-01,TV,3,1440.62
5217,2023-05-24,Tokyo-04,Laptop,6,1138.19
5218,2023-08-08,Paris-05,Cables,2,17.06
5219,2023-06-25,NYC-02,TV,9,1664.33
5220,2023-04-09,London-01,Cables,3,15.98
5221,2023-07-27,Berlin-03,Laptop,6,1232.84
5222,2023-05-16,NYC-02,Cables,4,15.2
5223,2023-08-20,London-01,Cables,1,13.74
5224,2023-03-15,Paris-05,Monitor,5,339.23
5225,2023-02-15,Paris-05,Keyboard,5,89.97
5226,2023-09-10,London-01,Monitor,4,315.21
5227,2023-08-17,Tokyo-04,Keyboard,3,106.94
5228,2023-10-02,Paris-05,Laptop,1,1288.32
5229,2023-06-22,Berlin-03,Phone,4,902.54
5230,2023-06-28,Berlin-03,Phone,5,861.11
5231,2023-11-29,Paris-05,TV,3,1277.05
5232,2023-11-20,NYC-02,Phone,4,704.63
5233,2023-02-22,Tokyo-04,Phone,5,682.37
5234,2023-05-14,Berlin-03,Cables,2,17.24
5235,2023-05-21,London-01,Mouse,9,27.94
5236,2023-04-22,UNKNOWN,Keyboard,7,110.08
5237,2023-05-23,Tokyo-04,Monitor,6,295.74
5238,2023-10-28,London-01,Keyboard,2,101.46
5239,2023-10-29,Paris-05,Phone,9,779.83
5240,2023-08-10,London-01,Phone,5,774.14
5241,2023-04-26,Paris-05,Laptop,3,1289.4
5242,2023-10-12,NYC-02,Keyboard,6,94.15
5243,2023-02-05,Tokyo-04,Phone,7,841.36
5244,2023-07-21,Paris-05,Keyboard,3,98.79
5245,2023-08-16,Berlin-03,TV,9,1581.38
5246,2023-09-07,Berlin-03,Laptop,4,1031.68
5247,2023-04-12,Paris-05,Mouse,2,27.92
5248,2023-07-24,Berlin-03,TV,1,1666.06
5249,2023-05-29,NYC-02,Phone,5,810.9
5250,2023-09-08,Paris-05,Monitor,1,326.45
5251,2023-06-05,London-01,Laptop,2,1040.0
5252,2023-11-13,Berlin-03,Keyboard,4,97.33
5253,2023-12-23,Tokyo-04,Mouse,7,23.0
5254,2023-03-30,Berlin-03,Mouse,6,28.42
5255,2023-03-21,Tokyo-04,TV,4,1426.17
5256,2023-04-14,Paris-05,Phone,5,797.71
5257,2023-08-22,Paris-05,Keyboard,1,85.93
5258,2023-12-30,Tokyo-04,Phone,3,724.27
5259,2023-11-28,NYC-02,Keyboard,7,97.73
5260,2023-12-22,Tokyo-04,Cables,9,15.31
5261,2023-06-21,Paris-05,Mouse,5,21.84
5262,2023-04-24,NYC-02,Keyboard,2,96.3
5263,2023-06-11,Berlin-03,Phone,8,890.47
5264,2023-11-19,London-01,Keyboard,6,100.71
5265,2023-05-14,Paris-05,Phone,4,814.12
5266,2023-07-08,Tokyo-04,TV,6,1720.77
5267,2023-02-20,London-01,Phone,4,762.72
5268,2023-09-03,UNKNOWN,Keyboard,5,113.22
5269,2023-09-27,London-01,Laptop,8,1086.65
5270,2023-09-25,Tokyo-04,TV,7,1324.59
5271,2023-03-03,London-01,Keyboard,6,108.66
5272,2023-01-17,NYC-02,Monitor,9,340.6
5273,2023-02-26,Tokyo-04,Cables,5,15.23
5274,2023-10-12,London-01,Mouse,1,21.46
5275,2023-08-15,Paris-05,Phone,1,775.95
5276,2023-06-12,NYC-02,Mouse,9,27.6
5277,2023-04-21,NYC-02,Mouse,8,28.01
5278,2023-03-21,Berlin-03,Phone,3,788.95
5279,2023-02-15,Tokyo-04,TV,8,1723.17
5280,2023-05-07,Tokyo-04,Laptop,9,1226.85
5281,2023-06-17,Tokyo-04,Monitor,1,344.11
5282,2023-02-01,NYC-02,Phone,5,830.44
5283,2023-10-14,NYC-02,Phone,9,910.35
5284,2023-10-06,Berlin-03,Keyboard,9,91.19
5285,2023-12-13,Tokyo-04,Phone,6,813.62
5286,2023-06-03,London-01,Cables,7,14.69
5287,2023-04-21,Berlin-03,Monitor,1,292.44
5288,2023-08-30,Berlin-03,TV,9,1603.38
5289,2023-09-27,Berlin-03,Cables,8,15.3
5290,2023-06-14,Paris-05,Laptop,7,1088.42
5291,2023-12-12,Tokyo-04,TV,2,1683.61
5292,2023-12-28,Tokyo-04,Phone,7,734.35
5293,2023-07-03,Tokyo-04,Monitor,1,290.05
5294,2023-01-14,Berlin-03,Monitor,5,327.43
5295,2023-11-21,London-01,Mouse,4,27.74
5296,2023-01-11,Tokyo-04,Laptop,6,1160.45
5297,2023-03-27,UNKNOWN,Phone,5,733.03
5298,2023-11-13,Berlin-03,Keyboard,9,94.38
5299,2023-01-10,Tokyo-04,Mouse,9,21.46
5300,2023-08-19,Tokyo-04,Laptop,4,1224.29
5301,2023-01-12,London-01,TV,9,0.0
5302,2023-12-31,Tokyo-04,Laptop,9,1240.14
5303,2023-03-04,Tokyo-04,Monitor,2,290.5
5304,2023-12-21,NYC-02,TV,8,1621.63
5305,2023-07-02,London-01,Keyboard,2,112.19
5306,2023-03-28,Berlin-03,TV,4,1594.58
5307,2023-01-22,Tokyo-04,Cables,6,14.33
5308,2023-05-27,NYC-02,Monitor,3,279.97
5309,2023-12-06,London-01,Monitor,2,342.27
5310,2023-11-14,Tokyo-04,Monitor,2,331.03
5311,2023-01-19,NYC-02,Laptop,2,1284.33
5312,2023-04-12,NYC-02,Cables,5,15.72
5313,2023-09-10,NYC-02,TV,4,1589.67
5314,2023-06-12,NYC-02,Monitor,2,315.13
5315,2023-03-01,London-01,Cables,9,16.09
5316,2023-04-04,Berlin-03,Keyboard,5,103.47
5317,2023-03-04,Paris-05,Mouse,1,26.78
5318,2023-10-25,Paris-05,Keyboard,1,93.51
5319,2023-11-13,Paris-05,Keyboard,4,99.93
5320,2023-05-07,Paris-05,Cables,1,16.22
5321,2023-07-14,NYC-02,Mouse,5,22.6
5322,2023-04-09,Tokyo-04,Mouse,4,26.46
5323,2023-11-29,Berlin-03,Phone,4,918.51
5324,2023-03-23,Tokyo-04,Cables,4,15.59
5325,2023-10-29,Tokyo-04,Cables,8,13.1
5326,2023-01-28,Paris-05,Monitor,5,321.33
5327,2023-12-25,Berlin-03,Monitor,3,312.12
5328,2023-11-23,NYC-02,Keyboard,1,95.7
5329,2023-08-22,Paris-05,Monitor,1,308.4
5330,2023-12-05,Berlin-03,Phone,5,762.79
5331,2023-07-15,Berlin-03,Phone,5,866.74
5332,2023-04-03,NYC-02,TV,1,1281.37
5333,2023-10-21,Tokyo-04,Laptop,2,1076.88
5334,2023-05-24,NYC-02,Laptop,2,1161.34
5335,2023-07-22,Paris-05,Laptop,2,1088.03
5336,2023-03-24,Berlin-03,Monitor,5,327.52
5337,2023-04-13,Paris-05,Cables,4,17.17
5338,2023-06-17,Tokyo-04,Phone,5,743.59
5339,2023-09-08,Tokyo-04,Monitor,5,271.56
5340,2023-09-01,Berlin-03,Phone,3,798.41
5341,2023-06-15,Berlin-03,Mouse,7,0.0
5342,2023-04-16,Paris-05,Mouse,1,25.58
5343,2023-03-04,Berlin-03,Cables,7,16.82
5344,2023-06-06,Tokyo-04,Cables,6,13.16
5345,2023-07-29,Berlin-03,Monitor,7,262.99
5346,2023-10-06,Berlin-03,TV,4,1623.38
5347,2023-02-08,Paris-05,Monitor,9,266.45
5348,2023-02-05,London-01,Keyboard,4,93.78
5349,2023-05-29,London-01,Keyboard,9,91.95
5350,2023-01-19,Berlin-03,Cables,1,12.79
5351,2023-05-02,Paris-05,Phone,1,817.69
5352,2023-07-31,Tokyo-04,Monitor,7,309.14
5353,2023-09-09,London-01,Monitor,3,278.63
5354,2023-12-31,NYC-02,Mouse,7,26.47
5355,2023-09-16,Paris-05,Phone,4,758.73
5356,2023-05-23,NYC-02,Laptop,6,1222.45
5357,2023-11-10,Paris-05,TV,9,1600.46
5358,2023-08-21,Paris-05,Phone,9,884.43
5359,2023-08-24,Tokyo-04,Mouse,2,27.23
5360,2023-10-02,Berlin-03,Monitor,7,324.62
5361,2023-11-04,Berlin-03,Laptop,2,1237.25
5362,2023-08-17,Berlin-03,Monitor,7,282.04
5363,2023-10-18,Tokyo-04,Monitor,2,281.42
5364,2023-04-20,NYC-02,Laptop,7,1339.92
5365,2023-02-01,NYC-02,Keyboard,3,103.63
5366,2023-06-13,Paris-05,Monitor,9,344.75
5367,2023-12-11,Tokyo-04,Cables,8,14.84
5368,2023-07-16,Tokyo-04,Mouse,2,23.49
5369,2023-07-05,NYC-02,Laptop,1,1200.15
5370,2023-02-09,Paris-05,Phone,1,752.16
5371,2023-09-08,Tokyo-04,Keyboard,2,104.72
5372,2023-02-27,London-01,Phone,3,893.14
5373,2023-02-14,Paris-05,TV,9,1414.96
5374,2023-11-12,London-01,Laptop,8,1241.8
5375,2023-01-16,London-01,Laptop,2,1303.12
5376,2023-09-06,Berlin-03,TV,3,1568.56
5377,2023-01-01,NYC-02,Monitor,1,275.19
5378,2023-12-06,NYC-02,TV,6,1609.4
5379,2023-12-16,London-01,Keyboard,1,105.5
5380,2023-07-10,Paris-05,Monitor,4,304.62
5381,2023-12-23,NYC-02,Laptop,4,1282.65
5382,2023-02-25,Paris-05,TV,3,1371.92
5383,2023-01-29,NYC-02,Monitor,2,316.1
5384,2023-08-11,NYC-02,Phone,4,779.1
5385,2023-10-21,London-01,Laptop,2,1058.79
5386,2023-12-31,Paris-05,Laptop,5,1043.87
5387,2023-08-24,Tokyo-04,Mouse,3,28.17
5388,2023-12-04,Paris-05,Laptop,7,1110.5
5389,2023-07-16,Berlin-03,Monitor,4,275.51
5390,2023-01-02,NYC-02,TV,7,1488.22
5391,2023-06-18,Tokyo-04,Mouse,1,25.42
5392,2023-09-26,UNKNOWN,Laptop,3,1162.91
5393,2023-01-05,London-01,Monitor,5,316.3
5394,2023-03-08,Paris-05,Monitor,9,288.7
5395,2023-10-09,Paris-05,Monitor,3,338.59
5396,2023-09-02,Paris-05,Keyboard,5,102.93
5397,2023-06-27,Paris-05,Cables,9,15.36
5398,2023-09-19,UNKNOWN,Phone,2,890.39
5399,2023-06-10,Paris-05,Monitor,7,337.86
5400,2023-06-29,Tokyo-04,Mouse,9,25.87
5401,2023-10-19,Berlin-03,Phone,5,907.96
5402,2023-05-19,NYC-02,Cables,8,15.54
5403,2023-11-05,Berlin-03,Phone,1,852.25
5404,2023-10-17,Paris-05,Mouse,8,22.2
5405,2023-05-16,Paris-05,Phone,4,680.77
5406,2023-10-08,NYC-02,Cables,7,17.24
5407,2023-12-19,NYC-02,TV,1,1621.04
5408,2023-11-10,London-01,Monitor,6,343.59
5409,2023-12-03,NYC-02,Mouse,4,26.82
5410,2023-10-08,UNKNOWN,Phone,8,810.21
5411,2023-12-26,Berlin-03,Laptop,2,1299.48
5412,2023-10-10,Berlin-03,Phone,5,904.59
5413,2023-03-24,Paris-05,TV,1,1351.26
5414,2023-03-06,NYC-02,Laptop,9,1257.07
5415,2023-07-13,NYC-02,Keyboard,2,93.55
5416,2023-09-21,Paris-05,Cables,1,15.32
5417,2023-03-11,London-01,TV,1,1706.14
5418,2023-09-16,NYC-02,TV,5,1315.94
5419,2023-05-28,Paris-05,Phone,4,718.82
5420,2023-07-11,NYC-02,Laptop,2,1278.57
5421,2023-04-17,Paris-05,Laptop,8,1045.53
5422,2023-12-22,Paris-05,Cables,6,14.16
5423,2023-05-05,Tokyo-04,Cables,6,16.62
5424,2023-09-21,Tokyo-04,Phone,5,691.43
5425,2023-07-20,London-01,Laptop,5,1139.68
5426,2023-09-25,Berlin-03,Cables,1,13.06
5427,2023-10-06,London-01,Cables,3,15.55
5428,2023-04-18,NYC-02,Keyboard,2,102.67
5429,2023-10-30,Berlin-03,TV,1,1375.03
5430,2023-03-29,NYC-02,Phone,4,718.14
5431,2023-09-27,Paris-05,Phone,7,728.5
5432,2023-10-21,Tokyo-04,TV,9,1276.84
5433,2023-02-14,NYC-02,Laptop,3,1342.56
5434,2023-09-15,London-01,Laptop,1,1109.59
5435,2023-12-26,NYC-02,Mouse,6,21.5
5436,2023-12-22,London-01,Mouse,4,28.51
5437,2023-10-20,NYC-02,Phone,7,770.59
5438,2023-03-07,London-01,Mouse,4,26.62
5439,2023-02-20,Tokyo-04,Keyboard,4,106.46
5440,2023-04-01,Tokyo-04,Mouse,9,22.56
5441,2023-03-12,Berlin-03,Cables,9,12.76
5442,2023-01-17,London-01,Keyboard,5,104.38
5443,2023-02-19,Berlin-03,Mouse,3,26.69
5444,2023-04-09,NYC-02,TV,6,1504.89
5445,2023-07-16,London-01,Monitor,2,279.97
5446,2023-05-07,NYC-02,Keyboard,6,94.28
5447,2023-08-17,Paris-05,Monitor,1,341.38
5448,2023-03-06,Tokyo-04,Cables,2,14.52
5449,2023-10-06,Tokyo-04,Cables,7,15.99
5450,2023-08-21,Paris-05,Phone,6,706.85
5451,2023-05-30,Paris-05,Phone,1,848.26
5452,2023-10-13,London-01,Monitor,8,258.81
5453,2023-12-22,London-01,Monitor,2,303.81
5454,2023-03-23,London-01,Phone,9,814.24
5455,2023-10-11,Berlin-03,Cables,8,14.47
5456,2023-01-20,Paris-05,Monitor,5,330.98
5457,2023-10-15,NYC-02,Monitor,1,339.68
5458,2023-08-22,Tokyo-04,Phone,9,880.99
5459,2023-11-09,London-01,Keyboard,6,111.02
5460,2023-04-21,NYC-02,Keyboard,8,85.35
5461,2023-01-24,Paris-05,Mouse,2,26.55
5462,2023-06-24,London-01,Monitor,5,259.74
5463,2023-11-14,London-01,Laptop,1,1191.44
5464,2023-03-02,Tokyo-04,Phone,6,845.37
5465,2023-11-01,Paris-05,Laptop,8,1378.63
5466,2023-01-13,Paris-05,Cables,6,16.26
5467,2023-03-30,Berlin-03,Phone,3,766.17
5468,2023-05-14,Berlin-03,TV,8,1424.47
5469,2023-09-23,NYC-02,Cables,8,16.0
5470,2023-05-29,London-01,Mouse,1,26.71
5471,2023-07-27,London-01,Laptop,4,1245.69
5472,2023-03-16,Paris-05,Laptop,9,1300.75
5473,2023-06-21,NYC-02,Mouse,5,28.65
5474,2023-12-05,Berlin-03,TV,6,1635.8
5475,2023-05-01,Berlin-03,Mouse,4,23.68
5476,2023-07-30,Berlin-03,Mouse,2,27.43
5477,2023-06-23,London-01,Laptop,2,1159.69
5478,2023-11-10,Tokyo-04,Cables,4,16.78
5479,2023-10-15,NYC-02,Mouse,9,22.16
5480,2023-04-02,Berlin-03,Keyboard,9,86.58
5481,2023-12-06,London-01,Monitor,4,296.86
5482,2023-07-02,Tokyo-04,Laptop,3,1331.68
5483,2023-05-20,London-01,TV,4,1529.93
5484,2023-12-15,London-01,Phone,7,862.18
5485,2023-03-28,Tokyo-04,Keyboard,1,0.0
5486,2023-11-28,Paris-05,Monitor,4,260.6
5487,2023-10-15,Paris-05,Phone,3,687.73
5488,2023-09-17,Berlin-03,Mouse,5,22.07
5489,2023-09-06,Berlin-03,Cables,9,13.82
5490,2023-12-16,Paris-05,Laptop,8,1320.51
5491,2023-08-16,Paris-05,Mouse,1,26.34
5492,2023-06-19,Tokyo-04,Keyboard,1,109.46
5493,2023-06-12,Tokyo-04,Mouse,2,23.08
5494,2023-09-30,London-01,Monitor,8,282.5
5495,2023-11-18,Tokyo-04,Cables,4,14.53
5496,2023-04-27,NYC-02,Monitor,5,344.25
5497,2023-11-23,Tokyo-04,Laptop,4,1208.47
5498,2023-11-23,London-01,Laptop,4,1202.2
5499,2023-03-20,Tokyo-04,Laptop,8,1371.28
5500,2023-03-24,London-01,Monitor,3,288.23
5501,2023-01-18,Berlin-03,Cables,7,14.75
5502,2023-12-28,NYC-02,Mouse,8,28.04
5503,2023-11-22,Berlin-03,Mouse,9,23.22
5504,2023-03-15,London-01,Phone,7,884.49
5505,2023-05-19,UNKNOWN,Laptop,4,1034.81
5506,2023-04-20,Berlin-03,Phone,8,718.28
5507,2023-04-30,Berlin-03,Monitor,1,288.19
5508,2023-05-08,Paris-05,Mouse,4,25.05
5509,2023-11-01,Berlin-03,TV,3,1623.44
5510,2023-03-04,London-01,Laptop,5,1047.21
5511,2023-09-10,London-01,Keyboard,3,110.95
5512,2023-08-10,Paris-05,Laptop,5,1269.78
5513,2023-04-13,Tokyo-04,Monitor,4,333.21
5514,2023-03-30,Tokyo-04,Mouse,6,28.42
5515,2023-01-06,Tokyo-04,Mouse,7,24.51
5516,2023-06-05,NYC-02,Cables,4,15.56
5517,2023-06-14,Berlin-03,Cables,9,14.31
5518,2023-07-03,Paris-05,Cables,9,15.47
5519,2023-11-08,Paris-05,Phone,6,818.56
5520,2023-02-13,Berlin-03,Phone,4,713.04
5521,2023-07-22,NYC-02,Keyboard,1,98.82
5522,2023-03-25,NYC-02,Cables,8,13.01
5523,2023-02-16,Berlin-03,Keyboard,7,88.75
5524,2023-07-23,UNKNOWN,Monitor,5,304.45
5525,2023-08-07,Paris-05,Phone,2,855.08
5526,2023-10-25,Berlin-03,Mouse,8,25.3
5527,2023-07-06,London-01,Keyboard,6,93.44
5528,2023-11-21,Paris-05,Laptop,5,1305.68
5529,2023-06-30,London-01,Phone,3,692.18
5530,2023-01-16,Paris-05,TV,5,1497.98
5531,2023-08-11,Berlin-03,Cables,2,12.9
5532,2023-09-30,London-01,Laptop,9,1185.2
5533,2023-06-17,NYC-02,Laptop,1,1379.56
5534,2023-11-02,Berlin-03,Keyboard,5,95.36
5535,2023-04-21,London-01,Phone,4,685.74
5536,2023-12-19,Paris-05,TV,6,1632.96
5537,2023-04-30,London-01,Phone,9,764.11
5538,2023-02-11,Berlin-03,Phone,8,771.9
5539,2023-03-28,London-01,Phone,6,861.13
5540,2023-12-12,NYC-02,Cables,7,15.09
5541,2023-04-04,London-01,Laptop,1,1200.55
5542,2023-05-07,Berlin-03,Phone,4,828.06
5543,2023-04-09,London-01,TV,8,1480.32
5544,2023-09-15,London-01,Cables,2,14.58
5545,2023-01-27,Berlin-03,Cables,2,14.43
5546,2023-09-01,London-01,Phone,5,686.05
5547,2023-04-14,Paris-05,Phone,4,775.4
5548,2023-01-10,NYC-02,Cables,3,16.58
5549,2023-03-01,Berlin-03,Mouse,2,28.31
5550,2023-10-14,London-01,Monitor,6,327.0
5551,2023-06-09,Paris-05,Phone,3,746.01
5552,2023-08-06,NYC-02,Monitor,5,336.78
5553,2023-03-20,Paris-05,Monitor,3,326.38
5554,2023-08-24,Berlin-03,Mouse,1,21.35
5555,2023-05-12,Tokyo-04,TV,1,1628.41
5556,2023-11-17,Tokyo-04,Keyboard,1,101.14
5557,2023-04-04,Tokyo-04,TV,7,1600.27
5558,2023-02-16,Tokyo-04,Monitor,6,317.25
5559,2023-09-25,Berlin-03,Phone,9,813.81
5560,2023-10-26,NYC-02,TV,1,1558.47
5561,2023-01-08,Berlin-03,Mouse,7,27.73
5562,2023-07-14,NYC-02,Phone,6,793.47
5563,2023-04-02,Berlin-03,TV,4,1293.69
5564,2023-06-25,London-01,Monitor,5,291.69
5565,2023-10-22,Tokyo-04,Mouse,7,23.95
5566,2023-07-05,London-01,TV,8,1381.52
5567,2023-12-21,Paris-05,Mouse,3,23.87
5568,2023-02-19,Paris-05,Cables,5,15.64
5569,2023-09-06,Berlin-03,Monitor,2,340.07
5570,2023-03-14,London-01,Phone,4,683.5
5571,2023-07-19,Berlin-03,TV,7,1649.24
5572,2023-02-02,Berlin-03,Keyboard,7,114.28
5573,2023-12-28,NYC-02,Monitor,7,308.97
5574,2023-08-18,Paris-05,Phone,4,753.44
5575,2023-08-09,London-01,Laptop,4,1226.73
5576,2023-07-20,Paris-05,Cables,6,16.41
5577,2023-03-29,Berlin-03,Phone,8,726.19
5578,2023-03-19,Berlin-03,Cables,6,13.5
5579,2023-12-24,Paris-05,Phone,7,861.49
5580,2023-03-14,Berlin-03,Monitor,6,274.02
5581,2023-10-31,Berlin-03,Laptop,7,1279.9
5582,2023-12-13,Paris-05,Keyboard,3,91.99
5583,2023-12-24,Tokyo-04,Cables,7,16.82
5584,2023-01-06,Berlin-03,Monitor,6,284.59
5585,2023-04-12,London-01,Keyboard,8,91.91
5586,2023-07-04,NYC-02,Keyboard,5,113.77
5587,2023-06-18,London-01,Phone,1,912.13
5588,2023-02-20,London-01,Monitor,2,292.61
5589,2023-03-21,Berlin-03,Mouse,1,22.76
5590,2023-02-01,Berlin-03,Monitor,8,262.36
5591,2023-05-07,Paris-05,Monitor,7,288.32
5592,2023-04-14,London-01,Phone,4,910.7
5593,2023-02-24,Tokyo-04,Keyboard,6,110.54
5594,2023-11-22,Paris-05,Cables,6,13.86
5595,2023-03-02,Berlin-03,TV,1,1483.2
5596,2023-11-08,Tokyo-04,Keyboard,3,104.03
5597,2023-09-13,Paris-05,TV,6,1608.85
5598,2023-02-14,Berlin-03,Keyboard,6,111.47
5599,2023-03-04,Berlin-03,Keyboard,7,95.44
5600,2023-03-21,NYC-02,Mouse,7,26.2
5601,2023-07-27,Paris-05,Cables,4,13.67
5602,2023-10-09,NYC-02,Mouse,9,22.3
5603,2023-08-16,NYC-02,Monitor,3,264.34
5604,2023-09-08,Berlin-03,Cables,7,13.59
5605,2023-12-03,Berlin-03,Mouse,3,22.38
5606,2023-06-30,London-01,Keyboard,8,103.17
5607,2023-08-27,Tokyo-04,TV,2,1713.03
5608,2023-04-28,Tokyo-04,Phone,9,805.68
5609,2023-09-07,Paris-05,Laptop,7,1154.17
5610,2023-05-21,Berlin-03,Phone,2,741.38
5611,2023-08-09,Paris-05,Cables,5,14.65
5612,2023-02-01,Tokyo-04,Cables,9,17.12
5613,2023-10-11,Tokyo-04,Monitor,3,301.71
5614,2023-08-17,London-01,TV,8,1402.4
5615,2023-08-02,Tokyo-04,Monitor,5,267.03
5616,2023-07-20,Tokyo-04,Keyboard,4,99.73
5617,2023-10-08,NYC-02,TV,5,1428.63
5618,2023-04-16,NYC-02,Cables,5,15.34
5619,2023-02-11,Tokyo-04,Phone,9,806.03
5620,2023-05-14,London-01,Mouse,5,23.95
5621,2023-11-09,Paris-05,Monitor,8,286.7
5622,2023-09-02,UNKNOWN,Cables,4,16.69
5623,2023-12-12,NYC-02,Monitor,8,261.96
5624,2023-02-06,Berlin-03,Mouse,2,27.19
5625,2023-04-04,Berlin-03,Phone,8,821.18
5626,2023-03-18,Paris-05,Monitor,9,300.99
5627,2023-08-31,NYC-02,Laptop,3,1098.94
5628,2023-10-11,NYC-02,TV,5,1298.19
5629,2023-09-21,NYC-02,Phone,9,821.5
5630,2023-02-10,Berlin-03,TV,3,1633.44
5631,2023-04-11,Tokyo-04,Monitor,2,286.8
5632,2023-10-29,Tokyo-04,Keyboard,3,97.65
5633,2023-06-13,Berlin-03,Monitor,3,329.5
5634,2023-02-28,Paris-05,TV,4,1302.33
5635,2023-08-05,NYC-02,Keyboard,3,110.96
5636,2023-06-07,Tokyo-04,Keyboard,1,108.77
5637,2023-11-22,Tokyo-04,TV,4,1392.12
5638,2023-08-08,Tokyo-04,Keyboard,2,108.14
5639,2023-11-13,London-01,Mouse,4,26.32
5640,2023-03-01,Tokyo-04,Monitor,4,298.17
5641,2023-08-16,Tokyo-04,Monitor,4,325.92
5642,2023-02-04,NYC-02,Phone,2,717.27
5643,2023-12-14,Berlin-03,Cables,5,14.72
5644,2023-11-21,Paris-05,TV,2,1506.91
5645,2023-05-30,London-01,Laptop,1,1375.76
5646,2023-08-19,NYC-02,Cables,4,14.53
5647,2023-11-12,Paris-05,Cables,1,15.6
5648,2023-07-13,Tokyo-04,TV,4,1661.69
5649,2023-10-30,Berlin-03,Mouse,9,24.98
5650,2023-06-24,Berlin-03,Keyboard,8,89.31
5651,2023-10-29,Berlin-03,Mouse,1,28.11
5652,2023-01-07,Berlin-03,Keyboard,8,99.85
5653,2023-01-08,London-01,TV,7,1671.46
5654,2023-01-09,NYC-02,TV,8,1597.33
5655,2023-06-27,London-01,Phone,1,863.98
5656,2023-03-27,Tokyo-04,Laptop,7,1149.95
5657,2023-05-20,NYC-02,Phone,6,726.22
5658,2023-07-09,London-01,Phone,6,739.98
5659,2023-10-13,Paris-05,Cables,6,15.35
5660,2023-09-21,London-01,TV,9,1469.92
5661,2023-04-02,NYC-02,Laptop,3,1135.73
5662,2023-05-31,NYC-02,Phone,6,702.32
5663,2023-10-05,NYC-02,Laptop,2,1350.04
5664,2023-09-22,London-01,Cables,8,12.82
5665,2023-07-25,UNKNOWN,Keyboard,6,112.92
5666,2023-08-11,Tokyo-04,Mouse,3,25.44
5667,2023-03-05,Berlin-03,Phone,9,841.38
5668,2023-05-07,Paris-05,Phone,4,729.3
5669,2023-03-29,Berlin-03,Monitor,3,322.56
5670,2023-01-24,Berlin-03,Phone,9,867.3
5671,2023-05-12,Paris-05,Keyboard,7,85.89
5672,2023-10-02,Berlin-03,Phone,7,714.53
5673,2023-04-18,NYC-02,Keyboard,1,114.31
5674,2023-09-21,London-01,Mouse,2,23.29
5675,2023-05-11,Tokyo-04,Laptop,3,1370.48
5676,2023-03-29,Paris-05,Laptop,2,1190.59
5677,2023-09-09,Berlin-03,Phone,8,761.98
5678,2023-09-29,Tokyo-04,Keyboard,5,94.69
5679,2023-02-26,Berlin-03,TV,6,1463.75
5680,2023-10-14,London-01,Cables,7,13.11
5681,2023-01-10,Paris-05,Cables,8,14.64
5682,2023-05-20,Tokyo-04,Monitor,6,305.01
5683,2023-10-05,London-01,Phone,8,825.45
5684,2023-10-18,NYC-02,Laptop,6,1082.87
5685,2023-06-20,Paris-05,Cables,2,12.88
5686,2023-08-23,Paris-05,Keyboard,5,94.24
5687,2023-06-14,Paris-05,TV,8,1555.71
5688,2023-09-06,Tokyo-04,TV,5,1541.93
5689,2023-12-18,Berlin-03,Mouse,2,22.25
5690,2023-02-13,Tokyo-04,Cables,1,13.85
5691,2023-03-07,NYC-02,Cables,5,14.93
5692,2023-08-24,London-01,Mouse,4,26.41
5693,2023-08-12,London-01,Cables,5,17.23
5694,2023-10-26,NYC-02,Laptop,3,1256.44
5695,2023-09-24,Paris-05,Laptop,7,1025.15
5696,2023-08-11,Tokyo-04,Phone,4,739.36
5697,2023-05-09,Tokyo-04,Cables,6,15.86
5698,2023-12-12,Berlin-03,Mouse,7,23.06
5699,2023-06-05,London-01,Phone,4,700.1
5700,2023-12-27,Tokyo-04,Laptop,2,1233.16
5701,2023-01-21,London-01,Mouse,9,23.75
5702,2023-10-01,Paris-05,Cables,6,16.39
5703,2023-09-25,London-01,Cables,8,16.29
5704,2023-05-25,Paris-05,Laptop,1,1141.48
5705,2023-01-18,Paris-05,Mouse,4,22.97
5706,2023-03-11,London-01,Mouse,7,25.08
5707,2023-02-05,London-01,TV,3,1285.47
5708,2023-02-06,Berlin-03,Mouse,7,23.04
5709,2023-10-04,Paris-05,Monitor,4,330.7
5710,2023-11-26,Paris-05,Cables,5,16.8
5711,2023-09-04,NYC-02,Keyboard,7,97.07
5712,2023-07-28,Paris-05,TV,5,1574.59
5713,2023-11-05,London-01,Laptop,4,1094.74
5714,2023-01-30,Paris-05,Monitor,2,321.46
5715,2023-12-30,Paris-05,Cables,9,13.98
5716,2023-12-29,Tokyo-04,Monitor,3,280.66
5717,2023-10-21,Paris-05,TV,1,1705.86
5718,2023-03-23,UNKNOWN,Cables,7,16.76
5719,2023-02-15,Tokyo-04,Keyboard,8,106.26
5720,2023-03-14,Paris-05,Monitor,7,255.72
5721,2023-01-17,Tokyo-04,TV,7,1343.67
5722,2023-05-05,Tokyo-04,Phone,2,879.63
5723,2023-07-28,Berlin-03,TV,6,1719.63
5724,2023-01-23,Paris-05,Keyboard,6,89.71
5725,2023-10-03,NYC-02,Monitor,8,319.74
5726,2023-12-22,London-01,Phone,8,834.59
5727,2023-06-16,London-01,TV,7,1577.53
5728,2023-02-10,Berlin-03,Mouse,5,25.43
5729,2023-12-22,Paris-05,Cables,1,15.99
5730,2023-08-15,London-01,TV,9,1558.19
5731,2023-02-22,Paris-05,TV,2,1281.56
5732,2023-08-05,Tokyo-04,Monitor,3,311.5
5733,2023-11-25,Tokyo-04,TV,1,1471.46
5734,2023-06-15,London-01,Cables,9,16.92
5735,2023-10-28,London-01,TV,3,1462.17
5736,2023-06-14,Tokyo-04,Keyboard,8,104.73
5737,2023-10-09,Paris-05,Mouse,3,28.39
5738,2023-03-21,London-01,Keyboard,1,94.65
5739,2023-05-26,Tokyo-04,Cables,6,14.53
5740,2023-03-27,London-01,Laptop,5,1065.91
5741,2023-01-19,Tokyo-04,Monitor,8,287.49
5742,2023-12-01,London-01,Keyboard,1,89.88
5743,2023-03-24,Paris-05,Monitor,7,325.51
5744,2023-05-15,Paris-05,Keyboard,6,114.59
5745,2023-03-15,NYC-02,TV,8,1605.88
5746,2023-02-14,NYC-02,Keyboard,6,100.32
5747,2023-10-24,London-01,Laptop,2,1135.42
5748,2023-08-21,London-01,Monitor,2,273.88
5749,2023-08-25,Tokyo-04,Phone,4,904.33
5750,2023-10-11,NYC-02,Cables,2,12.95
5751,2023-04-08,Paris-05,Mouse,6,27.04
5752,2023-01-06,Tokyo-04,Cables,3,14.96
5753,2023-08-18,NYC-02,Monitor,2,344.55
5754,2023-06-10,London-01,Monitor,5,288.97
5755,2023-01-09,NYC-02,Keyboard,6,105.7
5756,2023-01-22,Paris-05,Cables,9,16.18
5757,2023-12-29,NYC-02,Phone,2,731.81
5758,2023-08-08,Berlin-03,TV,3,1640.68
5759,2023-12-06,UNKNOWN,Keyboard,1,102.55
5760,2023-11-08,NYC-02,Monitor,5,338.38
5761,2023-08-01,NYC-02,Phone,5,879.31
5762,2023-03-19,Paris-05,Cables,5,15.73
5763,2023-07-22,NYC-02,Phone,4,867.88
5764,2023-05-01,Paris-05,Laptop,5,1165.54
5765,2023-04-06,NYC-02,Mouse,5,26.44
5766,2023-03-24,London-01,Phone,5,856.56
5767,2023-01-16,Paris-05,Laptop,7,1239.06
5768,2023-03-03,London-01,TV,6,1722.56
5769,2023-05-14,Paris-05,Monitor,7,320.03
5770,2023-06-24,Paris-05,Phone,1,715.66
5771,2023-07-01,Berlin-03,Phone,1,854.53
5772,2023-11-29,Paris-05,Mouse,9,25.32
5773,2023-05-25,Berlin-03,Mouse,5,26.99
5774,2023-07-15,London-01,Cables,9,16.85
5775,2023-04-26,Tokyo-04,Mouse,9,27.5
5776,2023-03-01,London-01,Monitor,6,343.5
5777,2023-02-23,London-01,Cables,5,14.61
5778,2023-01-08,London-01,Cables,9,14.09
5779,2023-10-21,Berlin-03,Cables,4,16.16
5780,2023-08-25,Berlin-03,Laptop,4,1117.11
5781,2023-09-18,Berlin-03,Mouse,1,27.36
5782,2023-05-10,Tokyo-04,Mouse,9,25.17
5783,2023-11-20,Paris-05,Laptop,9,1337.98
5784,2023-09-15,Paris-05,TV,1,1675.36
5785,2023-11-19,Tokyo-04,TV,4,1580.0
5786,2023-04-22,UNKNOWN,Phone,8,875.41
5787,2023-10-03,Paris-05,Mouse,5,27.39
5788,2023-05-28,NYC-02,TV,4,1652.45
5789,2023-04-15,Berlin-03,Monitor,3,284.33
5790,2023-07-20,Berlin-03,Cables,7,14.29
5791,2023-08-18,London-01,Phone,9,881.94
5792,2023-10-12,Berlin-03,Mouse,8,26.56
5793,2023-12-17,NYC-02,Keyboard,9,88.98
5794,2023-10-15,Berlin-03,Phone,4,822.88
5795,2023-02-09,Paris-05,Phone,5,859.24
5796,2023-07-30,Paris-05,Cables,7,13.27
5797,2023-08-12,London-01,TV,4,1702.84
5798,2023-11-23,Berlin-03,TV,9,1345.75
5799,2023-02-12,London-01,TV,3,1418.75
5800,2023-12-12,Tokyo-04,Phone,5,764.28
5801,2023-12-29,Berlin-03,Keyboard,4,89.96
5802,2023-04-30,Paris-05,Laptop,6,1253.94
5803,2023-08-09,NYC-02,Cables,1,16.94
5804,2023-02-20,NYC-02,Phone,6,716.13
5805,2023-09-28,London-01,Cables,9,15.93
5806,2023-01-20,London-01,Monitor,2,333.82
5807,2023-06-28,NYC-02,Keyboard,8,114.1
5808,2023-07-16,Tokyo-04,Mouse,8,26.99
5809,2023-09-14,Tokyo-04,Cables,7,13.91
5810,2023-03-15,London-01,Mouse,8,24.61
5811,2023-05-12,Tokyo-04,Cables,4,16.94
5812,2023-03-06,Tokyo-04,Phone,4,680.99
5813,2023-05-13,NYC-02,Laptop,1,1313.84
5814,2023-11-11,London-01,Cables,4,14.48
5815,2023-08-09,Berlin-03,Cables,5,14.46
5816,2023-06-12,Berlin-03,TV,4,1464.46
5817,2023-10-25,NYC-02,Keyboard,9,101.61
5818,2023-03-10,Berlin-03,Monitor,2,319.92
5819,2023-01-06,Berlin-03,Cables,1,15.16
5820,2023-08-16,NYC-02,TV,9,1281.26
5821,2023-11-02,Paris-05,Mouse,3,27.51
5822,2023-12-16,NYC-02,TV,4,1691.4
5823,2023-03-08,NYC-02,Monitor,8,327.72
5824,2023-01-20,NYC-02,Mouse,3,27.72
5825,2023-10-13,Tokyo-04,Mouse,3,27.03
5826,2023-12-04,Berlin-03,Cables,7,13.94
5827,2023-08-08,Berlin-03,Monitor,9,340.78
5828,2023-09-18,Paris-05,TV,3,1432.29
5829,2023-01-13,NYC-02,Keyboard,2,113.41
5830,2023-01-05,Tokyo-04,Keyboard,5,92.0
5831,2023-03-15,London-01,Laptop,6,1321.04
5832,2023-09-15,Tokyo-04,Keyboard,5,99.28
5833,2023-03-06,Tokyo-04,Cables,5,13.68
5834,2023-12-23,London-01,Keyboard,4,92.8
5835,2023-05-07,UNKNOWN,Cables,6,14.97
5836,2023-05-28,London-01,Cables,8,14.71
5837,2023-01-11,Berlin-03,Cables,5,15.97
5838,2023-12-18,London-01,Mouse,4,21.95
5839,2023-11-23,Berlin-03,Monitor,7,330.07
5840,2023-09-08,London-01,TV,3,1411.03
5841,2023-07-16,Berlin-03,Monitor,8,267.37
5842,2023-10-17,Paris-05,Keyboard,1,104.65
5843,2023-11-18,London-01,Laptop,4,1145.01
5844,2023-01-07,Berlin-03,Mouse,8,23.52
5845,2023-01-25,Paris-05,Mouse,3,23.83
5846,2023-05-09,Paris-05,Phone,4,719.45
5847,2023-02-12,Berlin-03,Phone,8,846.97
5848,2023-04-19,NYC-02,Phone,8,795.95
5849,2023-02-02,Tokyo-04,Phone,2,769.79
5850,2023-03-05,NYC-02,TV,6,1688.5
5851,2023-05-22,NYC-02,Laptop,8,1174.69
5852,2023-10-16,London-01,Keyboard,3,85.57
5853,2023-04-21,Paris-05,Monitor,9,308.77
5854,2023-11-05,London-01,Laptop,7,1237.2
5855,2023-09-02,Berlin-03,Cables,5,12.97
5856,2023-10-15,Berlin-03,Monitor,5,290.04
5857,2023-10-05,NYC-02,TV,1,1346.93
5858,2023-01-01,NYC-02,Phone,7,793.61
5859,2023-06-05,Tokyo-04,Mouse,1,24.17
5860,2023-07-17,Tokyo-04,Mouse,5,28.62
5861,2023-07-20,Berlin-03,Cables,3,15.24
5862,2023-12-13,Paris-05,Laptop,1,1376.21
5863,2023-11-28,NYC-02,Keyboard,1,95.58
5864,2023-02-21,London-01,Laptop,2,1109.48
5865,2023-06-26,Berlin-03,Mouse,8,22.15
5866,2023-09-20,London-01,Phone,5,846.22
5867,2023-02-12,NYC-02,Keyboard,5,110.22
5868,2023-01-16,Tokyo-04,Monitor,9,304.32
5869,2023-01-23,Paris-05,Laptop,7,1181.1
5870,2023-07-08,Paris-05,Phone,4,718.42
5871,2023-09-12,Berlin-03,Cables,4,13.89
5872,2023-01-14,London-01,TV,3,1462.49
5873,2023-10-30,Paris-05,Laptop,1,1296.25
5874,2023-07-20,NYC-02,Phone,9,814.65
5875,2023-10-12,NYC-02,Keyboard,6,90.9
5876,2023-01-10,Tokyo-04,Keyboard,6,105.28
5877,2023-06-15,NYC-02,Keyboard,7,97.39
5878,2023-05-27,London-01,Phone,5,709.8
5879,2023-11-29,Berlin-03,Cables,1,15.93
5880,2023-05-04,Tokyo-04,TV,3,1407.12
5881,2023-09-23,London-01,Laptop,6,1379.98
5882,2023-09-19,NYC-02,Monitor,6,320.62
5883,2023-07-01,Paris-05,Keyboard,9,95.35
5884,2023-08-23,London-01,Cables,2,14.07
5885,2023-07-07,Paris-05,Cables,2,14.04
5886,2023-09-08,London-01,Laptop,8,1127.57
5887,2023-10-30,Tokyo-04,Phone,5,835.06
5888,2023-07-19,London-01,Mouse,8,24.57
5889,2023-02-13,Paris-05,Phone,2,707.24
5890,2023-03-16,London-01,Laptop,5,1193.63
5891,2023-12-18,Berlin-03,Monitor,3,314.24
5892,2023-06-13,Tokyo-04,Laptop,1,1088.32
5893,2023-12-29,London-01,Phone,4,750.52
5894,2023-03-12,London-01,TV,1,1524.2
5895,2023-09-01,Tokyo-04,TV,9,1606.26
5896,2023-01-30,Tokyo-04,Cables,5,15.59
5897,2023-11-16,Tokyo-04,Mouse,1,23.14
5898,2023-01-27,Tokyo-04,TV,9,1597.25
5899,2023-09-16,Tokyo-04,Mouse,8,22.7
5900,2023-04-17,Paris-05,Mouse,3,24.63
5901,2023-03-05,NYC-02,Keyboard,9,100.29
5902,2023-11-15,Berlin-03,Keyboard,1,100.01
5903,2023-08-26,London-01,Phone,1,783.67
5904,2023-09-29,NYC-02,Phone,5,807.48
5905,2023-05-30,London-01,Keyboard,6,109.96
5906,2023-11-01,Tokyo-04,Phone,5,906.11
5907,2023-10-12,Berlin-03,Laptop,4,1206.29
5908,2023-12-13,Tokyo-04,Monitor,1,257.9
5909,2023-12-23,Berlin-03,Laptop,3,1304.11
5910,2023-04-24,London-01,Monitor,7,320.32
5911,2023-09-26,London-01,Cables,7,15.11
5912,2023-05-27,London-01,Laptop,7,1244.71
5913,2023-03-21,Paris-05,Keyboard,1,100.35
5914,2023-03-20,London-01,Laptop,3,1064.34
5915,2023-02-18,Paris-05,Mouse,8,22.7
5916,2023-05-08,Tokyo-04,Keyboard,4,108.96
5917,2023-09-22,Paris-05,Laptop,5,1031.97
5918,2023-10-12,Tokyo-04,Mouse,9,22.09
5919,2023-12-31,London-01,Keyboard,1,98.74
5920,2023-06-25,Tokyo-04,Keyboard,7,98.34
5921,2023-10-29,Berlin-03,Laptop,3,1035.08
5922,2023-12-14,Tokyo-04,Mouse,6,23.93
5923,2023-06-22,Paris-05,Monitor,4,284.63
5924,2023-05-06,Paris-05,TV,9,1344.34
5925,2023-02-13,Paris-05,TV,8,1478.73
5926,2023-08-29,Berlin-03,Monitor,1,308.95
5927,2023-07-05,Paris-05,Keyboard,5,98.01
5928,2023-07-21,Tokyo-04,TV,4,1375.68
5929,2023-01-10,NYC-02,Laptop,1,1071.7
5930,2023-10-14,NYC-02,Laptop,9,1250.23
5931,2023-02-15,Berlin-03,Keyboard,6,91.58
5932,2023-10-15,Tokyo-04,Monitor,5,282.73
5933,2023-12-17,NYC-02,Monitor,1,332.0
5934,2023-07-12,Paris-05,Monitor,5,313.4
5935,2023-01-23,Tokyo-04,Keyboard,4,111.13
5936,2023-03-15,London-01,Cables,9,15.77
5937,2023-04-15,NYC-02,Phone,5,908.73
5938,2023-11-24,Tokyo-04,Mouse,6,21.59
5939,2023-05-28,Tokyo-04,TV,1,1380.58
5940,2023-03-22,NYC-02,Mouse,7,23.91
5941,2023-03-02,Berlin-03,Laptop,6,1070.45
5942,2023-05-12,Paris-05,Keyboard,5,111.78
5943,2023-11-10,Berlin-03,Cables,4,14.11
5944,2023-03-08,NYC-02,Laptop,3,1164.2
5945,2023-05-01,Berlin-03,Mouse,7,21.38
5946,2023-03-13,Paris-05,Mouse,8,23.27
5947,2023-11-20,Tokyo-04,Mouse,8,26.46
5948,2023-01-05,Paris-05,Cables,2,14.69
5949,2023-11-14,Berlin-03,Phone,3,734.82
5950,2023-09-01,NYC-02,TV,9,1558.06
5951,2023-07-02,Berlin-03,Phone,5,810.59
5952,2023-01-24,Tokyo-04,Phone,3,751.11
5953,2023-05-06,Berlin-03,TV,3,1314.28
5954,2023-07-29,London-01,Keyboard,2,114.3
5955,2023-01-01,NYC-02,TV,6,0.0
5956,2023-04-05,Tokyo-04,Cables,7,16.57
5957,2023-06-27,Berlin-03,Keyboard,3,91.0
5958,2023-03-05,London-01,TV,1,1498.59
5959,2023-10-13,Berlin-03,TV,7,1673.5
5960,2023-08-24,Paris-05,Keyboard,5,101.06
5961,2023-12-31,Tokyo-04,Monitor,1,314.39
5962,2023-05-19,London-01,Monitor,6,282.72
5963,2023-05-27,Tokyo-04,Monitor,8,308.8
5964,2023-11-25,Berlin-03,TV,9,1660.09
5965,2023-08-08,London-01,TV,1,1570.62
5966,2023-02-07,Tokyo-04,Mouse,6,25.38
5967,2023-03-16,Paris-05,Cables,1,14.52
5968,2023-04-28,Paris-05,Keyboard,6,103.97
5969,2023-04-01,Tokyo-04,TV,1,1462.45
5970,2023-08-28,Berlin-03,Mouse,7,23.95
5971,2023-03-26,Berlin-03,Laptop,3,1366.91
5972,2023-09-08,Paris-05,Monitor,4,278.67
5973,2023-09-06,Berlin-03,Keyboard,8,115.0
5974,2023-04-22,London-01,Monitor,5,333.64
5975,2023-04-30,NYC-02,Mouse,5,24.51
5976,2023-10-02,Paris-05,Laptop,8,1320.2
5977,2023-09-28,Tokyo-04,Cables,3,16.19
5978,2023-10-14,Berlin-03,Monitor,2,266.84
5979,2023-12-21,Paris-05,TV,9,1668.96
5980,2023-02-17,Tokyo-04,TV,7,1612.55
5981,2023-12-18,Paris-05,Mouse,5,25.12
5982,2023-05-26,Tokyo-04,Cables,8,16.55
5983,2023-06-17,NYC-02,Cables,6,13.88
5984,2023-10-27,Paris-05,Monitor,6,294.21
5985,2023-04-16,Paris-05,Mouse,9,28.3
5986,2023-05-21,Berlin-03,Cables,5,13.58
5987,2023-04-08,Tokyo-04,Phone,5,709.83
5988,2023-07-06,London-01,Mouse,5,25.47
5989,2023-08-10,Tokyo-04,Monitor,2,272.19
5990,2023-06-19,NYC-02,TV,1,1672.7
5991,2023-01-03,NYC-02,Monitor,1,312.63
5992,2023-05-18,Berlin-03,Phone,4,828.85
5993,2023-03-10,London-01,Mouse,5,22.84
5994,2023-04-07,NYC-02,Phone,9,737.2
5995,2023-10-28,Paris-05,Cables,8,15.46
5996,2023-01-15,Paris-05,Monitor,5,307.38
5997,2023-04-23,London-01,Mouse,2,24.89
5998,2023-05-13,London-01,Mouse,6,26.22
5999,2023-12-23,Tokyo-04,Phone,3,730.81
6000,2023-11-23,Paris-05,Phone,2,756.47
6001,2023-03-07,Paris-05,Keyboard,5,104.6
6002,2023-06-05,Tokyo-04,TV,6,1356.92
6003,2023-03-14,Tokyo-04,Phone,8,893.01
6004,2023-06-25,Berlin-03,Phone,5,897.09
6005,2023-11-11,Paris-05,Cables,7,14.8
6006,2023-04-25,NYC-02,Laptop,7,1110.37
6007,2023-08-24,Tokyo-04,Laptop,6,1321.36
6008,2023-12-30,Berlin-03,Mouse,6,25.45
6009,2023-12-05,NYC-02,Phone,3,800.63
6010,2023-11-29,NYC-02,Laptop,3,1182.61
6011,2023-06-04,London-01,Laptop,9,1333.33
6012,2023-08-02,Berlin-03,Cables,1,13.23
6013,2023-10-13,Tokyo-04,Keyboard,4,97.75
6014,2023-01-18,Berlin-03,Keyboard,8,88.22
6015,2023-03-30,Tokyo-04,Mouse,6,22.78
6016,2023-01-12,NYC-02,TV,3,1390.0
6017,2023-06-10,Paris-05,Mouse,2,26.81
6018,2023-07-07,Berlin-03,Cables,6,13.03
6019,2023-01-12,Berlin-03,Laptop,4,1226.48
6020,2023-09-25,UNKNOWN,Laptop,2,1261.41
6021,2023-10-09,Paris-05,TV,5,1478.09
6022,2023-05-14,Paris-05,Cables,5,12.76
6023,2023-12-12,Berlin-03,Monitor,7,291.35
6024,2023-11-07,Paris-05,Keyboard,5,95.99
6025,2023-03-25,Paris-05,Mouse,7,25.34
6026,2023-06-01,Paris-05,TV,2,1534.59
6027,2023-04-13,NYC-02,Laptop,4,1138.3
6028,2023-04-07,Paris-05,Cables,9,15.17
6029,2023-03-21,NYC-02,TV,2,1389.58
6030,2023-08-18,London-01,Laptop,4,1167.94
6031,2023-07-08,Tokyo-04,Laptop,7,1231.88
6032,2023-09-01,NYC-02,Keyboard,7,94.13
6033,2023-07-05,London-01,Monitor,2,255.58
6034,2023-05-20,Berlin-03,Mouse,5,22.37
6035,2023-07-19,NYC-02,Mouse,9,22.61
6036,2023-06-05,NYC-02,Laptop,4,1234.89
6037,2023-07-13,Tokyo-04,Mouse,1,25.63
6038,2023-12-03,NYC-02,Laptop,3,1291.58
6039,2023-08-19,Berlin-03,Laptop,8,1239.27
6040,2023-03-13,NYC-02,Phone,6,683.19
6041,2023-03-03,Paris-05,Phone,5,919.09
6042,2023-03-10,Berlin-03,Keyboard,6,108.13
6043,2023-12-30,Tokyo-04,Phone,5,727.06
6044,2023-01-21,Paris-05,Laptop,8,1154.41
6045,2023-07-11,London-01,Mouse,5,21.4
6046,2023-01-23,Berlin-03,TV,2,1404.1
6047,2023-10-19,Berlin-03,Mouse,1,26.67
6048,2023-02-02,Paris-05,TV,5,1617.79
6049,2023-04-15,Tokyo-04,Cables,2,14.97
6050,2023-12-16,NYC-02,Phone,7,820.29
6051,2023-03-09,Berlin-03,TV,5,1390.91
6052,2023-04-30,Tokyo-04,Keyboard,9,110.02
6053,2023-08-31,Tokyo-04,Mouse,1,25.7
6054,2023-06-13,NYC-02,TV,5,1724.52
6055,2023-11-11,London-01,Mouse,2,22.59
6056,2023-11-23,Tokyo-04,Cables,4,15.84
6057,2023-03-11,Tokyo-04,TV,3,1464.81
6058,2023-01-07,NYC-02,TV,4,1701.98
6059,2023-02-27,Berlin-03,Monitor,6,315.25
6060,2023-06-22,Berlin-03,Mouse,3,23.01
6061,2023-03-07,Tokyo-04,Phone,8,760.82
6062,2023-07-26,NYC-02,TV,5,1572.53
6063,2023-09-23,Paris-05,Monitor,7,261.24
6064,2023-06-07,London-01,Monitor,6,322.49
6065,2023-05-27,Paris-05,TV,7,1646.18
6066,2023-12-19,Paris-05,Keyboard,4,112.81
6067,2023-05-05,NYC-02,Mouse,6,21.46
6068,2023-09-21,Paris-05,Keyboard,3,94.73
6069,2023-02-12,Berlin-03,Phone,2,721.63
6070,2023-06-25,London-01,Monitor,7,283.23
6071,2023-02-19,Paris-05,Laptop,2,1081.04
6072,2023-07-16,London-01,Monitor,1,292.09
6073,2023-01-06,Paris-05,Phone,5,767.02
6074,2023-08-19,London-01,Mouse,6,24.63
6075,2023-11-03,Paris-05,TV,1,1512.44
6076,2023-10-07,Paris-05,Phone,8,856.98
6077,2023-12-28,London-01,Cables,6,15.88
6078,2023-01-21,Tokyo-04,Monitor,2,286.58
6079,2023-11-17,Paris-05,Phone,2,911.04
6080,2023-01-20,Berlin-03,Phone,3,825.35
6081,2023-12-29,NYC-02,Phone,9,878.45
6082,2023-11-18,Tokyo-04,Mouse,4,26.62
6083,2023-07-23,London-01,TV,1,1612.55
6084,2023-01-25,Paris-05,Laptop,7,1220.76
6085,2023-01-17,UNKNOWN,Mouse,3,25.95
6086,2023-11-13,NYC-02,Keyboard,9,112.0
6087,2023-06-19,Tokyo-04,Keyboard,1,107.62
6088,2023-05-11,Tokyo-04,Cables,9,13.14
6089,2023-06-24,Tokyo-04,Keyboard,6,113.24
6090,2023-10-02,London-01,TV,7,1623.84
6091,2023-08-16,London-01,Monitor,9,322.76
6092,2023-11-28,London-01,Phone,8,695.45
6093,2023-09-11,Paris-05,Laptop,9,1314.43
6094,2023-10-16,London-01,TV,1,1434.32
6095,2023-04-19,Tokyo-04,TV,3,1553.41
6096,2023-06-01,NYC-02,Phone,6,742.62
6097,2023-05-02,Tokyo-04,Phone,3,761.47
6098,2023-01-18,NYC-02,TV,2,1320.04
6099,2023-09-19,Tokyo-04,TV,7,1579.74
6100,2023-05-23,Berlin-03,Phone,3,719.73
6101,2023-01-25,Berlin-03,Phone,5,847.63
6102,2023-05-08,UNKNOWN,Cables,6,14.48
6103,2023-10-08,Berlin-03,Laptop,9,1081.55
6104,2023-04-20,Tokyo-04,Cables,6,15.91
6105,2023-05-01,London-01,TV,5,1576.15
6106,2023-02-27,Tokyo-04,Keyboard,6,90.98
6107,2023-01-03,Berlin-03,Phone,5,700.38
6108,2023-08-04,Paris-05,Monitor,4,291.43
6109,2023-01-07,NYC-02,TV,5,1508.08
6110,2023-11-12,NYC-02,Mouse,8,27.2
6111,2023-07-12,London-01,Mouse,6,23.74
6112,2023-06-01,Tokyo-04,TV,7,1340.72
6113,2023-03-22,London-01,Keyboard,5,104.48
6114,2023-06-24,Tokyo-04,Laptop,5,1226.95
6115,2023-01-01,London-01,Laptop,9,1265.38
6116,2023-08-22,NYC-02,Mouse,9,26.51
6117,2023-04-27,Berlin-03,Keyboard,5,94.78
6118,2023-04-13,London-01,Phone,4,710.92
6119,2023-05-01,Berlin-03,Keyboard,5,90.55
6120,2023-10-30,London-01,Mouse,1,28.45
6121,2023-07-02,NYC-02,Laptop,7,1329.82
6122,2023-10-30,Berlin-03,TV,9,1485.15
6123,2023-11-10,Tokyo-04,Cables,8,15.02
6124,2023-02-10,Tokyo-04,Monitor,5,333.41
6125,2023-09-07,NYC-02,TV,8,1485.73
6126,2023-04-11,Paris-05,Phone,1,761.35
6127,2023-05-06,Tokyo-04,Monitor,8,266.55
6128,2023-06-07,Berlin-03,Keyboard,1,92.53
6129,2023-06-25,Paris-05,Monitor,7,287.48
6130,2023-03-29,Berlin-03,TV,5,1643.86
6131,2023-10-02,Berlin-03,Monitor,7,335.76
6132,2023-05-13,Berlin-03,Keyboard,5,102.64
6133,2023-07-06,Paris-05,Monitor,3,300.58
6134,2023-12-21,Tokyo-04,TV,3,1358.55
6135,2023-05-01,Berlin-03,Mouse,1,24.76
6136,2023-05-05,Paris-05,Cables,6,13.55
6137,2023-03-21,London-01,Keyboard,3,114.68
6138,2023-10-26,London-01,Cables,4,16.43
6139,2023-11-23,Berlin-03,Keyboard,9,104.06
6140,2023-10-25,Tokyo-04,Keyboard,6,112.06
6141,2023-10-21,Tokyo-04,Keyboard,4,94.2
6142,2023-12-28,Paris-05,Cables,7,12.88
6143,2023-11-17,Tokyo-04,Laptop,2,1323.17
6144,2023-09-27,London-01,Monitor,1,293.58
6145,2023-09-22,Tokyo-04,Keyboard,3,85.68
6146,2023-01-29,Berlin-03,Cables,8,15.42
6147,2023-12-27,London-01,Cables,1,13.19
6148,2023-07-18,London-01,Cables,6,16.4
6149,2023-09-22,Berlin-03,Laptop,6,1096.12
6150,2023-02-04,Paris-05,Monitor,1,317.83
6151,2023-08-13,Tokyo-04,Monitor,5,303.14
6152,2023-07-21,NYC-02,Cables,6,15.32
6153,2023-08-26,Berlin-03,Monitor,4,278.52
6154,2023-06-15,Berlin-03,TV,4,1600.39
6155,2023-10-04,Tokyo-04,Laptop,3,1245.86
6156,2023-03-01,Tokyo-04,Keyboard,6,97.51
6157,2023-10-11,Paris-05,Keyboard,1,99.45
6158,2023-06-01,Tokyo-04,Monitor,8,301.36
6159,2023-11-19,Tokyo-04,Mouse,5,27.1
6160,2023-11-25,Berlin-03,Keyboard,6,93.96
6161,2023-11-04,London-01,TV,9,1291.72
6162,2023-04-11,Tokyo-04,Cables,2,14.09
6163,2023-01-01,NYC-02,Monitor,5,271.08
6164,2023-07-31,Tokyo-04,Mouse,1,23.17
6165,2023-01-22,Berlin-03,Keyboard,6,102.17
6166,2023-05-06,Berlin-03,Cables,1,15.58
6167,2023-02-27,NYC-02,Mouse,1,22.52
6168,2023-01-27,Berlin-03,Keyboard,7,104.7
6169,2023-10-16,Paris-05,Cables,8,13.51
6170,2023-06-23,London-01,Monitor,9,341.68
6171,2023-11-10,Paris-05,TV,4,1612.87
6172,2023-06-26,Berlin-03,Monitor,6,315.83
6173,2023-09-21,Paris-05,Laptop,8,1113.39
6174,2023-01-01,NYC-02,Monitor,9,315.32
6175,2023-05-29,London-01,Monitor,4,310.76
6176,2023-01-26,NYC-02,Cables,6,13.7
6177,2023-07-22,NYC-02,Laptop,8,1025.89
6178,2023-05-18,Berlin-03,Phone,4,804.95
6179,2023-02-20,Tokyo-04,Phone,9,845.91
6180,2023-08-25,London-01,Phone,1,800.85
6181,2023-09-17,NYC-02,Mouse,1,22.62
6182,2023-07-18,Tokyo-04,Monitor,7,275.46
6183,2023-07-26,London-01,Keyboard,6,87.63
6184,2023-01-13,London-01,TV,1,1314.45
6185,2023-02-23,Paris-05,TV,8,1688.39
6186,2023-10-27,NYC-02,TV,2,1448.99
6187,2023-11-12,London-01,Laptop,9,1123.54
6188,2023-03-05,Paris-05,Monitor,3,278.56
6189,2023-09-24,Paris-05,Cables,5,16.96
6190,2023-12-30,Tokyo-04,Cables,9,13.2
6191,2023-05-04,Tokyo-04,TV,4,1494.55
6192,2023-11-03,NYC-02,TV,6,1599.15
6193,2023-07-07,London-01,TV,9,1286.39
6194,2023-05-16,London-01,Monitor,3,324.6
6195,2023-06-06,NYC-02,TV,7,1424.57
6196,2023-04-30,London-01,Phone,8,904.71
6197,2023-10-31,London-01,Cables,5,14.11
6198,2023-02-10,NYC-02,Phone,3,916.85
6199,2023-05-12,Tokyo-04,Mouse,2,25.45
6200,2023-01-01,London-01,Mouse,7,24.42
6201,2023-08-12,NYC-02,Keyboard,3,89.49
6202,2023-12-16,London-01,Mouse,9,26.28
6203,2023-09-20,London-01,Monitor,7,268.36
6204,2023-08-18,Paris-05,Keyboard,3,111.84
6205,2023-04-29,NYC-02,Cables,9,15.07
6206,2023-12-15,London-01,Laptop,9,1037.56
6207,2023-01-18,Tokyo-04,Mouse,2,25.56
6208,2023-10-30,Paris-05,Monitor,2,322.93
6209,2023-02-25,Tokyo-04,Monitor,1,284.36
6210,2023-04-16,Paris-05,Mouse,2,23.71
6211,2023-02-27,Berlin-03,Laptop,9,1230.0
6212,2023-04-13,Berlin-03,Laptop,7,1037.92
6213,2023-02-11,Tokyo-04,Keyboard,8,99.69
6214,2023-03-09,London-01,TV,5,1334.54
6215,2023-01-10,Berlin-03,Phone,1,732.42
6216,2023-08-08,Paris-05,Cables,9,16.33
6217,2023-07-20,London-01,TV,1,1509.07
6218,2023-05-10,NYC-02,Laptop,9,1113.32
6219,2023-01-31,NYC-02,Cables,7,16.22
6220,2023-08-02,London-01,TV,2,1657.5
6221,2023-01-14,Berlin-03,Phone,6,775.34
6222,2023-10-14,London-01,Cables,4,14.75
6223,2023-05-23,London-01,Monitor,1,327.32
6224,2023-06-18,NYC-02,Keyboard,5,101.08
6225,2023-01-30,NYC-02,Keyboard,6,90.23
6226,2023-10-24,Berlin-03,TV,3,1400.79
6227,2023-12-21,Paris-05,Mouse,5,23.24
6228,2023-06-18,Paris-05,Mouse,9,22.02
6229,2023-09-27,Berlin-03,Monitor,6,306.84
6230,2023-05-17,Berlin-03,Monitor,1,304.32
6231,2023-11-09,Paris-05,Keyboard,5,107.86
6232,2023-01-13,London-01,TV,3,1690.2
6233,2023-01-04,Berlin-03,Keyboard,2,113.51
6234,2023-07-23,London-01,Keyboard,4,108.44
6235,2023-06-21,London-01,Phone,3,792.99
6236,2023-09-05,London-01,Mouse,5,21.9
6237,2023-05-04,Berlin-03,Keyboard,7,90.38
6238,2023-12-01,Tokyo-04,Mouse,6,26.49
6239,2023-10-16,Tokyo-04,TV,9,1673.61
6240,2023-05-03,London-01,Mouse,5,21.71
6241,2023-11-26,Tokyo-04,Phone,3,856.51
6242,2023-04-09,Berlin-03,Cables,7,16.06
6243,2023-07-26,Paris-05,Keyboard,3,105.46
6244,2023-02-15,NYC-02,Laptop,3,1070.5
6245,2023-01-04,Paris-05,Mouse,6,21.37
6246,2023-03-06,Tokyo-04,Laptop,2,1327.4
6247,2023-11-01,Paris-05,Laptop,5,1086.87
6248,2023-09-23,Paris-05,Keyboard,9,101.7
6249,2023-08-31,NYC-02,Laptop,7,1047.49
6250,2023-01-30,Berlin-03,Monitor,4,294.98
6251,2023-10-17,Tokyo-04,Cables,5,13.98
6252,2023-10-04,Paris-05,Laptop,7,1269.07
6253,2023-12-04,Paris-05,Laptop,4,1064.87
6254,2023-12-24,Paris-05,Laptop,5,1098.01
6255,2023-06-04,Tokyo-04,Keyboard,6,103.6
6256,2023-01-18,Paris-05,Monitor,5,312.71
6257,2023-01-21,Berlin-03,Laptop,8,1030.26
6258,2023-11-07,Paris-05,Phone,3,827.05
6259,2023-05-02,Tokyo-04,Keyboard,7,98.27
6260,2023-01-08,Paris-05,Mouse,5,23.58
6261,2023-01-19,NYC-02,TV,2,1300.06
6262,2023-07-03,UNKNOWN,TV,5,1716.34
6263,2023-06-03,Tokyo-04,Laptop,1,1155.16
6264,2023-10-16,Berlin-03,Phone,5,722.51
6265,2023-02-24,Paris-05,Cables,4,15.8
6266,2023-08-05,NYC-02,Mouse,8,0.0
6267,2023-11-22,NYC-02,Phone,2,688.0
6268,2023-04-07,Berlin-03,TV,6,1634.82
6269,2023-06-17,Tokyo-04,TV,9,1372.43
6270,2023-07-20,Tokyo-04,Keyboard,1,95.38
6271,2023-10-07,Tokyo-04,Laptop,4,1212.15
6272,2023-10-05,NYC-02,Keyboard,4,91.86
6273,2023-09-10,Paris-05,Keyboard,3,105.98
6274,2023-01-16,London-01,Phone,2,719.79
6275,2023-01-16,Paris-05,Keyboard,6,89.86
6276,2023-01-30,Berlin-03,Mouse,2,23.28
6277,2023-09-13,London-01,Cables,6,16.51
6278,2023-09-19,Paris-05,Cables,2,13.11
6279,2023-11-05,London-01,Monitor,7,281.22
6280,2023-06-03,Berlin-03,Phone,8,852.68
6281,2023-11-24,NYC-02,Monitor,5,341.88
6282,2023-07-08,Tokyo-04,TV,8,1468.45
6283,2023-03-28,NYC-02,Phone,5,881.44
6284,2023-05-23,Berlin-03,Keyboard,9,97.39
6285,2023-03-27,NYC-02,TV,3,1489.14
6286,2023-12-01,NYC-02,Keyboard,1,108.6
6287,2023-10-02,Paris-05,Keyboard,9,99.29
6288,2023-07-07,NYC-02,Keyboard,8,85.6
6289,2023-08-13,Berlin-03,TV,1,1708.9
6290,2023-11-12,Berlin-03,Laptop,8,1363.54
6291,2023-11-08,Berlin-03,Laptop,5,1127.11
6292,2023-03-20,London-01,TV,9,1611.9
6293,2023-01-04,Tokyo-04,Monitor,3,266.78
6294,2023-05-06,Berlin-03,Phone,8,772.62
6295,2023-09-07,Paris-05,Keyboard,1,88.53
6296,2023-01-19,Paris-05,Monitor,8,294.27
6297,2023-10-13,Paris-05,Monitor,8,336.83
6298,2023-03-28,Tokyo-04,Mouse,5,22.01
6299,2023-07-22,London-01,TV,5,1539.43
6300,2023-11-19,Berlin-03,Laptop,7,1225.18
6301,2023-05-09,Tokyo-04,Phone,4,692.3
6302,2023-04-28,Tokyo-04,Keyboard,1,97.74
6303,2023-11-06,London-01,TV,5,1338.28
6304,2023-12-24,London-01,Monitor,9,275.47
6305,2023-12-07,Paris-05,Mouse,7,24.05
6306,2023-01-31,Tokyo-04,Phone,6,792.17
6307,2023-09-29,Tokyo-04,Mouse,6,28.63
6308,2023-05-23,NYC-02,Cables,4,14.79
6309,2023-04-26,Berlin-03,Keyboard,8,114.19
6310,2023-12-15,Berlin-03,Mouse,7,21.65
6311,2023-06-20,NYC-02,Keyboard,7,105.94
6312,2023-05-02,London-01,Laptop,5,1350.46
6313,2023-05-04,London-01,Phone,5,702.22
6314,2023-12-28,NYC-02,Cables,5,13.32
6315,2023-02-26,Berlin-03,Cables,9,13.87
6316,2023-04-12,London-01,Monitor,6,339.89
6317,2023-01-19,Tokyo-04,Keyboard,4,112.07
6318,2023-10-10,Berlin-03,TV,2,1504.78
6319,2023-12-07,NYC-02,Monitor,2,314.98
6320,2023-03-16,Berlin-03,Keyboard,7,86.02
6321,2023-06-04,NYC-02,Monitor,1,341.04
6322,2023-08-01,NYC-02,Monitor,6,273.04
6323,2023-12-17,NYC-02,Mouse,6,22.08
6324,2023-02-04,Berlin-03,TV,6,1619.36
6325,2023-06-23,Tokyo-04,TV,1,1498.09
6326,2023-11-15,London-01,Cables,1,16.65
6327,2023-09-23,Tokyo-04,Phone,1,810.85
6328,2023-05-22,Paris-05,Mouse,6,24.77
6329,2023-08-20,Berlin-03,Phone,8,740.63
6330,2023-10-26,Tokyo-04,Laptop,2,1218.07
6331,2023-06-09,NYC-02,Keyboard,3,106.36
6332,2023-04-29,London-01,Phone,8,766.8
6333,2023-02-10,Paris-05,Phone,9,728.09
6334,2023-03-04,NYC-02,Cables,7,13.29
6335,2023-09-18,Tokyo-04,Keyboard,8,86.64
6336,2023-09-29,Paris-05,Monitor,1,267.69
6337,2023-11-09,Paris-05,Keyboard,2,111.52
6338,2023-08-15,Berlin-03,Laptop,3,1206.36
6339,2023-06-18,NYC-02,Phone,5,910.6
6340,2023-07-23,Paris-05,Mouse,9,23.58
6341,2023-10-04,London-01,Monitor,9,255.08
6342,2023-02-11,Berlin-03,Monitor,5,328.52
6343,2023-02-23,Paris-05,Monitor,4,267.1
6344,2023-01-12,London-01,Keyboard,7,111.21
6345,2023-06-27,NYC-02,Phone,8,731.61
6346,2023-01-17,Paris-05,Cables,4,15.4
6347,2023-03-08,Paris-05,Phone,1,712.23
6348,2023-08-13,Berlin-03,Laptop,5,1224.79
6349,2023-04-10,Berlin-03,TV,9,1441.94
6350,2023-10-05,Tokyo-04,Laptop,6,1159.08
6351,2023-03-05,NYC-02,Mouse,5,23.18
6352,2023-04-10,Paris-05,Laptop,4,1232.37
6353,2023-06-10,London-01,Monitor,6,335.22
6354,2023-02-20,Paris-05,Phone,9,716.65
6355,2023-04-18,Paris-05,Keyboard,8,113.1
6356,2023-12-13,Berlin-03,TV,1,1533.24
6357,2023-07-10,Berlin-03,Cables,4,15.66
6358,2023-10-17,Berlin-03,Monitor,9,268.3
6359,2023-03-19,Tokyo-04,Cables,2,14.65
6360,2023-09-26,NYC-02,Phone,4,793.03
6361,2023-02-26,NYC-02,Phone,8,888.32
6362,2023-07-19,Paris-05,TV,4,1546.89
6363,2023-06-09,Tokyo-04,Monitor,1,338.13
6364,2023-11-11,NYC-02,Phone,8,888.12
6365,2023-11-17,Tokyo-04,Keyboard,1,112.72
6366,2023-11-18,Berlin-03,TV,3,1303.15
6367,2023-09-02,London-01,Cables,8,13.77
6368,2023-07-26,London-01,Laptop,8,1078.18
6369,2023-04-28,NYC-02,Mouse,1,26.17
6370,2023-09-18,Berlin-03,Laptop,8,1228.65
6371,2023-06-15,London-01,TV,8,1375.91
6372,2023-02-25,NYC-02,Keyboard,1,99.95
6373,2023-12-18,NYC-02,Cables,4,0.0
6374,2023-01-08,Paris-05,Keyboard,3,108.32
6375,2023-02-03,NYC-02,Cables,8,13.35
6376,2023-09-06,London-01,Mouse,9,22.75
6377,2023-06-19,Tokyo-04,Cables,2,13.86
6378,2023-03-23,NYC-02,Laptop,9,1132.24
6379,2023-01-11,NYC-02,TV,9,1313.43
6380,2023-06-19,Tokyo-04,Keyboard,2,101.91
6381,2023-12-30,Tokyo-04,Cables,6,14.09
6382,2023-11-30,NYC-02,Keyboard,7,106.02
6383,2023-07-02,Tokyo-04,Phone,2,830.15
6384,2023-11-06,Paris-05,Phone,6,751.13
6385,2023-08-01,Tokyo-04,Cables,9,14.72
6386,2023-05-24,Tokyo-04,Keyboard,5,107.03
6387,2023-12-21,Paris-05,Cables,1,16.31
6388,2023-10-08,London-01,Phone,7,823.37
6389,2023-08-14,NYC-02,Phone,6,870.46
6390,2023-01-28,London-01,Mouse,9,0.0
6391,2023-08-31,Berlin-03,TV,2,1472.98
6392,2023-01-07,Tokyo-04,Cables,1,13.39
6393,2023-12-01,NYC-02,TV,5,1298.03
6394,2023-05-15,Paris-05,Phone,2,822.93
6395,2023-10-06,NYC-02,Monitor,5,279.85
6396,2023-09-05,NYC-02,Mouse,4,22.56
6397,2023-04-03,NYC-02,TV,1,1381.38
6398,2023-10-28,NYC-02,Cables,1,12.84
6399,2023-07-03,Berlin-03,Keyboard,7,89.71
6400,2023-04-16,Berlin-03,Keyboard,4,108.63
6401,2023-03-18,London-01,Keyboard,9,0.0
6402,2023-12-10,Tokyo-04,Mouse,8,25.83
6403,2023-12-03,Paris-05,Mouse,6,21.69
6404,2023-01-15,Tokyo-04,TV,4,1444.56
6405,2023-01-21,Tokyo-04,Phone,9,715.15
6406,2023-05-26,Berlin-03,Laptop,1,1111.16
6407,2023-10-27,Tokyo-04,Mouse,6,28.58
6408,2023-10-14,Paris-05,TV,7,1469.08
6409,2023-08-06,London-01,Phone,9,766.7
6410,2023-05-05,Berlin-03,Phone,4,856.79
6411,2023-11-04,Berlin-03,Phone,9,728.74
6412,2023-06-11,Berlin-03,Monitor,2,269.82
6413,2023-04-19,NYC-02,Laptop,7,1200.73
6414,2023-12-03,Berlin-03,TV,8,1656.81
6415,2023-05-26,Berlin-03,Mouse,5,25.31
6416,2023-01-23,Tokyo-04,Cables,8,14.67
6417,2023-09-01,Paris-05,Keyboard,7,95.76
6418,2023-07-17,NYC-02,TV,1,1513.22
6419,2023-11-02,Berlin-03,Mouse,4,26.99
6420,2023-09-28,Tokyo-04,Mouse,9,27.07
6421,2023-04-16,Paris-05,TV,5,1492.18
6422,2023-08-01,London-01,Keyboard,5,114.91
6423,2023-06-22,London-01,Laptop,2,1026.58
6424,2023-04-13,Berlin-03,TV,5,1637.92
6425,2023-10-04,Tokyo-04,Keyboard,9,93.68
6426,2023-07-27,Tokyo-04,Mouse,5,24.34
6427,2023-05-22,Berlin-03,Keyboard,6,114.84
6428,2023-02-17,London-01,Phone,3,688.62
6429,2023-11-18,London-01,Cables,6,15.49
6430,2023-10-17,NYC-02,TV,5,1661.0
6431,2023-11-26,London-01,Cables,5,17.14
6432,2023-07-28,Paris-05,TV,2,1475.12
6433,2023-09-07,NYC-02,Cables,4,15.01
6434,2023-10-26,Berlin-03,Phone,7,770.82
6435,2023-07-03,NYC-02,Laptop,1,1077.15
6436,2023-05-02,Paris-05,Laptop,4,1064.28
6437,2023-12-21,Berlin-03,Phone,9,733.04
6438,2023-01-26,London-01,Monitor,7,273.12
6439,2023-10-14,UNKNOWN,Monitor,2,296.29
6440,2023-05-08,Paris-05,Monitor,8,275.77
6441,2023-02-06,Paris-05,Phone,4,906.61
6442,2023-05-16,Tokyo-04,Laptop,5,1183.75
6443,2023-12-06,Tokyo-04,Laptop,8,1131.85
6444,2023-05-31,London-01,TV,9,1667.14
6445,2023-01-02,NYC-02,Phone,7,869.51
6446,2023-10-10,Paris-05,Monitor,1,297.12
6447,2023-01-12,Tokyo-04,Mouse,9,23.21
6448,2023-05-12,Tokyo-04,Monitor,3,335.3
6449,2023-11-23,Tokyo-04,TV,4,1459.01
6450,2023-02-14,Berlin-03,Cables,1,13.68
6451,2023-11-20,NYC-02,Phone,5,683.69
6452,2023-09-26,NYC-02,Cables,5,16.83
6453,2023-08-30,Tokyo-04,Laptop,9,1164.34
6454,2023-05-07,London-01,Laptop,4,1297.53
6455,2023-01-23,Tokyo-04,Phone,4,743.0
6456,2023-07-13,Paris-05,Cables,6,16.95
6457,2023-10-05,Paris-05,Keyboard,7,90.51
6458,2023-08-26,Paris-05,Mouse,6,27.19
6459,2023-12-15,Berlin-03,Laptop,8,1066.11
6460,2023-05-01,Berlin-03,Mouse,2,25.58
6461,2023-05-15,London-01,Phone,9,824.83
6462,2023-03-01,Tokyo-04,Phone,9,846.45
6463,2023-09-23,Paris-05,Monitor,3,298.48
6464,2023-11-18,Paris-05,Monitor,7,313.85
6465,2023-12-19,Paris-05,Monitor,3,315.91
6466,2023-05-07,Paris-05,Cables,5,15.08
6467,2023-11-26,Paris-05,Laptop,5,1180.5
6468,2023-08-04,Paris-05,Phone,5,699.89
6469,2023-10-30,UNKNOWN,Monitor,3,343.69
6470,2023-02-04,London-01,Monitor,9,278.2
6471,2023-09-13,Tokyo-04,Cables,3,17.09
6472,2023-01-23,London-01,Mouse,7,27.85
6473,2023-06-03,NYC-02,Laptop,7,1285.49
6474,2023-06-23,Paris-05,Mouse,5,23.42
6475,2023-11-09,NYC-02,Mouse,4,24.5
6476,2023-06-30,London-01,Phone,6,852.25
6477,2023-12-17,Tokyo-04,Mouse,8,25.8
6478,2023-07-09,NYC-02,Mouse,3,24.37
6479,2023-07-19,Paris-05,Phone,8,901.01
6480,2023-11-23,Berlin-03,Monitor,3,327.52
6481,2023-03-16,NYC-02,Keyboard,5,88.76
6482,2023-08-26,London-01,Mouse,9,28.15
6483,2023-05-02,Tokyo-04,Cables,2,13.71
6484,2023-09-04,Tokyo-04,Cables,8,14.06
6485,2023-04-21,Berlin-03,Cables,9,14.91
6486,2023-04-02,Berlin-03,Cables,3,14.98
6487,2023-04-18,Paris-05,Cables,8,12.94
6488,2023-04-13,NYC-02,Cables,5,13.08
6489,2023-04-13,Berlin-03,Cables,3,16.43
6490,2023-02-22,Paris-05,Phone,3,837.46
6491,2023-10-14,NYC-02,Monitor,9,334.67
6492,2023-01-26,London-01,Laptop,6,1235.89
6493,2023-11-11,NYC-02,Phone,8,901.82
6494,2023-08-04,London-01,Keyboard,3,100.53
6495,2023-06-19,London-01,Laptop,8,1114.68
6496,2023-08-22,Berlin-03,Laptop,7,1233.78
6497,2023-04-04,Tokyo-04,Cables,4,15.72
6498,2023-03-06,Paris-05,Mouse,1,25.35
6499,2023-08-19,Paris-05,Keyboard,2,113.86
6500,2023-12-18,Berlin-03,Laptop,8,1285.71
6501,2023-10-18,NYC-02,TV,8,1439.44
6502,2023-01-01,Berlin-03,Cables,5,16.64
6503,2023-02-02,Paris-05,Monitor,6,300.73
6504,2023-09-17,London-01,TV,2,1287.95
6505,2023-03-06,Berlin-03,Phone,7,701.24
6506,2023-11-29,NYC-02,Cables,1,15.44
6507,2023-12-04,Berlin-03,Laptop,9,1100.82
6508,2023-01-27,Berlin-03,Laptop,7,1049.92
6509,2023-04-24,NYC-02,TV,7,1705.33
6510,2023-05-07,Berlin-03,TV,8,1415.34
6511,2023-09-24,NYC-02,Keyboard,4,106.86
6512,2023-06-21,NYC-02,Monitor,5,319.4
6513,2023-04-26,NYC-02,TV,6,1606.23
6514,2023-07-10,Berlin-03,Monitor,4,280.53
6515,2023-06-22,London-01,TV,1,1457.27
6516,2023-09-14,NYC-02,Phone,2,893.68
6517,2023-03-14,Paris-05,Keyboard,2,110.84
6518,2023-08-25,Tokyo-04,Laptop,9,1298.06
6519,2023-09-10,Paris-05,TV,3,1404.62
6520,2023-06-02,Berlin-03,Monitor,2,316.27
6521,2023-12-11,Berlin-03,Keyboard,7,102.14
6522,2023-07-11,NYC-02,Mouse,5,27.6
6523,2023-10-06,NYC-02,Monitor,4,326.75
6524,2023-05-05,London-01,Laptop,1,1311.66
6525,2023-05-23,Paris-05,Cables,5,14.91
6526,2023-11-22,London-01,Phone,9,905.71
6527,2023-07-30,NYC-02,Laptop,8,1029.48
6528,2023-02-11,Tokyo-04,TV,4,1659.5
6529,2023-11-21,Tokyo-04,Phone,9,807.97
6530,2023-01-13,Paris-05,Laptop,6,1275.33
6531,2023-04-11,Paris-05,Monitor,4,257.45
6532,2023-08-30,London-01,TV,2,1545.06
6533,2023-09-18,Paris-05,Cables,3,16.75
6534,2023-08-23,NYC-02,Mouse,3,21.3
6535,2023-11-13,Tokyo-04,Laptop,9,1084.1
6536,2023-08-25,London-01,Keyboard,6,87.08
6537,2023-08-23,Berlin-03,Laptop,7,1261.03
6538,2023-12-19,Berlin-03,Cables,4,13.72
6539,2023-01-14,London-01,TV,3,1299.39
6540,2023-08-09,Paris-05,TV,9,1398.31
6541,2023-06-13,London-01,Phone,8,763.76
6542,2023-08-26,Tokyo-04,TV,8,1496.94
6543,2023-02-21,Tokyo-04,TV,3,1578.62
6544,2023-01-08,Berlin-03,Mouse,2,23.42
6545,2023-03-19,Tokyo-04,TV,5,1512.29
6546,2023-05-05,Paris-05,Cables,1,13.98
6547,2023-09-30,Berlin-03,Mouse,4,21.67
6548,2023-11-10,NYC-02,Cables,5,15.73
6549,2023-07-18,Paris-05,Laptop,7,1329.72
6550,2023-06-26,Paris-05,Keyboard,7,114.82
6551,2023-01-26,Paris-05,Laptop,5,1221.46
6552,2023-07-20,Paris-05,Monitor,3,278.26
6553,2023-11-29,Paris-05,Laptop,9,1208.01
6554,2023-08-10,NYC-02,Laptop,5,1236.14
6555,2023-11-10,London-01,Monitor,5,343.63
6556,2023-05-08,Tokyo-04,Monitor,7,340.21
6557,2023-07-11,London-01,Keyboard,3,88.13
6558,2023-05-12,Berlin-03,Monitor,6,321.58
6559,2023-12-06,Tokyo-04,Cables,8,15.04
6560,2023-07-15,NYC-02,TV,9,1345.36
6561,2023-01-03,Paris-05,Phone,7,715.18
6562,2023-03-29,Paris-05,Cables,4,16.67
6563,2023-11-22,Tokyo-04,Phone,5,773.74
6564,2023-03-04,Tokyo-04,Cables,9,15.55
6565,2023-08-14,Berlin-03,Phone,3,789.59
6566,2023-02-15,Paris-05,Monitor,3,287.73
6567,2023-12-16,Berlin-03,Cables,7,13.14
6568,2023-02-13,Tokyo-04,Cables,9,15.98
6569,2023-02-05,Berlin-03,Phone,9,872.96
6570,2023-06-27,Tokyo-04,Keyboard,8,106.81
6571,2023-02-23,Paris-05,Phone,4,759.74
6572,2023-02-03,London-01,Phone,6,879.75
6573,2023-03-26,Tokyo-04,Mouse,8,21.92
6574,2023-09-14,Paris-05,Mouse,3,24.26
6575,2023-08-18,NYC-02,Mouse,7,25.21
6576,2023-04-23,NYC-02,Mouse,5,23.63
6577,2023-11-06,London-01,Mouse,3,27.22
6578,2023-09-15,Tokyo-04,TV,7,1276.17
6579,2023-01-19,Paris-05,Mouse,4,0.0
6580,2023-12-07,Paris-05,TV,1,1577.56
6581,2023-08-05,Paris-05,TV,5,1464.28
6582,2023-03-30,NYC-02,Cables,2,14.19
6583,2023-04-22,Tokyo-04,Laptop,9,1228.64
6584,2023-01-14,Tokyo-04,Phone,9,729.89
6585,2023-06-05,London-01,Keyboard,2,88.34
6586,2023-12-07,Tokyo-04,Monitor,4,288.4
6587,2023-07-07,Berlin-03,Cables,8,15.81
6588,2023-10-19,NYC-02,Monitor,2,257.26
6589,2023-11-25,NYC-02,Monitor,3,293.7
6590,2023-08-12,Tokyo-04,Laptop,8,1276.36
6591,2023-01-04,NYC-02,Monitor,8,314.66
6592,2023-11-26,NYC-02,Phone,8,685.72
6593,2023-06-08,Berlin-03,Mouse,1,22.22
6594,2023-09-17,London-01,Mouse,6,27.91
6595,2023-11-27,NYC-02,Keyboard,3,108.49
6596,2023-11-04,Berlin-03,Keyboard,4,113.02
6597,2023-06-10,Tokyo-04,TV,5,1366.86
6598,2023-06-09,NYC-02,Phone,9,894.82
6599,2023-09-17,NYC-02,Phone,6,855.26
6600,2023-03-10,London-01,Laptop,5,1030.78
6601,2023-09-30,NYC-02,Cables,6,16.58
6602,2023-08-11,London-01,TV,5,1339.18
6603,2023-10-27,London-01,Monitor,3,290.19
6604,2023-02-19,Paris-05,Laptop,6,1256.03
6605,2023-04-25,Tokyo-04,Cables,8,16.56
6606,2023-02-16,Tokyo-04,TV,9,1535.49
6607,2023-08-01,NYC-02,Mouse,7,24.47
6608,2023-12-07,London-01,Cables,5,15.37
6609,2023-01-06,NYC-02,TV,4,1603.77
6610,2023-07-13,Paris-05,Mouse,4,22.12
6611,2023-08-19,Paris-05,Mouse,2,27.66
6612,2023-03-03,Tokyo-04,TV,3,1685.61
6613,2023-09-12,NYC-02,TV,9,1548.11
6614,2023-06-13,London-01,Mouse,3,25.1
6615,2023-10-24,Berlin-03,Phone,5,691.94
6616,2023-05-28,NYC-02,Mouse,5,27.58
6617,2023-11-19,NYC-02,Phone,7,691.8
6618,2023-01-30,NYC-02,Phone,6,850.96
6619,2023-08-24,Tokyo-04,Mouse,4,23.94
6620,2023-04-19,Berlin-03,TV,1,1641.67
6621,2023-12-09,Tokyo-04,Cables,3,17.2
6622,2023-07-19,Paris-05,Phone,4,874.66
6623,2023-05-08,Paris-05,Keyboard,6,89.45
6624,2023-04-01,Paris-05,Cables,1,14.84
6625,2023-02-27,Tokyo-04,TV,1,1473.27
6626,2023-05-23,NYC-02,Cables,4,15.7
6627,2023-05-17,Tokyo-04,Laptop,1,1337.28
6628,2023-07-31,Berlin-03,Keyboard,4,106.71
6629,2023-12-16,London-01,TV,8,1669.1
6630,2023-02-28,Tokyo-04,Keyboard,5,105.94
6631,2023-05-17,Tokyo-04,Mouse,1,23.91
6632,2023-12-30,Paris-05,Mouse,7,25.81
6633,2023-03-10,Berlin-03,Laptop,7,1129.88
6634,2023-07-16,London-01,Laptop,6,1366.02
6635,2023-04-13,Tokyo-04,Laptop,2,1061.02
6636,2023-08-03,Paris-05,Keyboard,4,102.17
6637,2023-09-18,Berlin-03,Laptop,4,1099.0
6638,2023-03-19,Berlin-03,TV,5,1319.14
6639,2023-07-03,Paris-05,Keyboard,6,110.53
6640,2023-06-13,London-01,TV,5,1391.72
6641,2023-05-29,Berlin-03,TV,6,1388.0
6642,2023-12-11,NYC-02,Phone,2,870.57
6643,2023-01-29,NYC-02,Phone,8,905.68
6644,2023-06-25,Tokyo-04,Laptop,2,1215.02
6645,2023-06-21,Paris-05,Mouse,7,26.9
6646,2023-05-22,Tokyo-04,Monitor,4,282.51
6647,2023-10-24,Tokyo-04,Keyboard,8,88.1
6648,2023-07-31,Paris-05,Monitor,9,339.29
6649,2023-09-21,London-01,Keyboard,2,90.1
6650,2023-04-13,London-01,Phone,6,751.9
6651,2023-02-12,NYC-02,Keyboard,5,96.86
6652,2023-01-14,Berlin-03,Keyboard,1,89.26
6653,2023-01-07,Tokyo-04,Laptop,1,1260.57
6654,2023-06-19,London-01,Keyboard,3,107.33
6655,2023-10-18,Berlin-03,Laptop,9,1194.8
6656,2023-08-11,NYC-02,Mouse,3,24.93
6657,2023-04-18,Berlin-03,TV,1,1651.37
6658,2023-05-14,Tokyo-04,Cables,8,13.95
6659,2023-10-28,NYC-02,Laptop,3,1291.63
6660,2023-10-06,NYC-02,Mouse,8,27.74
6661,2023-07-31,Paris-05,Keyboard,8,93.86
6662,2023-12-26,London-01,Monitor,7,316.04
6663,2023-11-03,Berlin-03,Cables,3,15.57
6664,2023-10-04,London-01,TV,1,1698.19
6665,2023-12-27,London-01,Keyboard,4,94.13
6666,2023-06-22,Berlin-03,TV,8,1385.15
6667,2023-06-05,Berlin-03,Laptop,3,1359.96
6668,2023-11-12,Berlin-03,Monitor,5,266.82
6669,2023-01-29,Paris-05,Mouse,5,26.07
6670,2023-05-15,Paris-05,Keyboard,1,112.57
6671,2023-05-11,Berlin-03,Cables,9,15.82
6672,2023-10-06,Paris-05,Mouse,7,25.8
6673,2023-08-16,NYC-02,Phone,4,766.17
6674,2023-03-31,London-01,Keyboard,3,94.56
6675,2023-10-30,Tokyo-04,Monitor,5,259.22
6676,2023-01-03,Tokyo-04,TV,6,1643.66
6677,2023-09-21,Paris-05,Keyboard,5,86.96
6678,2023-04-28,NYC-02,Monitor,2,335.53
6679,2023-04-11,Tokyo-04,Laptop,2,1250.68
6680,2023-01-26,Berlin-03,TV,7,1342.94
6681,2023-09-06,London-01,Mouse,9,25.91
6682,2023-01-27,NYC-02,TV,8,1393.65
6683,2023-08-28,Tokyo-04,Mouse,7,23.97
6684,2023-04-16,Tokyo-04,TV,5,1514.36
6685,2023-02-22,Tokyo-04,Laptop,2,1289.39
6686,2023-04-11,Tokyo-04,Monitor,9,340.94
6687,2023-02-18,NYC-02,Laptop,9,1341.6
6688,2023-05-09,Tokyo-04,Mouse,1,28.21
6689,2023-04-14,London-01,Phone,2,918.24
6690,2023-04-01,Paris-05,Keyboard,8,93.03
6691,2023-05-19,London-01,Laptop,1,1200.95
6692,2023-09-25,NYC-02,Cables,7,15.44
6693,2023-12-20,Tokyo-04,Cables,1,14.97
6694,2023-03-17,Paris-05,TV,4,1495.46
6695,2023-06-16,Paris-05,Laptop,8,1062.81
6696,2023-06-13,Berlin-03,Cables,9,12.92
6697,2023-11-12,NYC-02,Monitor,2,309.34
6698,2023-05-08,NYC-02,TV,4,1520.04
6699,2023-10-31,Paris-05,TV,8,1306.62
6700,2023-10-08,NYC-02,Keyboard,2,89.56
6701,2023-12-10,Tokyo-04,TV,6,1493.6
6702,2023-04-22,London-01,Phone,3,691.32
6703,2023-08-01,NYC-02,Monitor,4,297.11
6704,2023-08-21,Tokyo-04,Monitor,8,309.48
6705,2023-01-25,Tokyo-04,Monitor,4,343.97
6706,2023-08-31,Tokyo-04,TV,5,1304.59
6707,2023-04-12,NYC-02,TV,9,1631.66
6708,2023-01-04,London-01,Phone,2,807.55
6709,2023-12-29,Paris-05,Monitor,8,271.3
6710,2023-02-14,Tokyo-04,Monitor,2,276.08
6711,2023-04-23,Paris-05,Laptop,3,1284.39
6712,2023-01-16,Paris-05,Mouse,3,0.0
6713,2023-10-15,Tokyo-04,TV,4,1596.76
6714,2023-05-04,Berlin-03,Phone,7,697.69
6715,2023-10-29,London-01,Mouse,7,27.94
6716,2023-01-08,Berlin-03,Monitor,1,334.56
6717,2023-12-26,Paris-05,Phone,5,904.35
6718,2023-01-18,London-01,Phone,4,711.04
6719,2023-05-08,NYC-02,Keyboard,7,106.17
6720,2023-08-23,Berlin-03,Keyboard,7,86.79
6721,2023-05-12,Tokyo-04,Monitor,3,318.31
6722,2023-10-05,Berlin-03,Mouse,1,22.12
6723,2023-11-26,Paris-05,Phone,9,859.59
6724,2023-06-04,Tokyo-04,Monitor,7,276.16
6725,2023-11-20,Paris-05,Monitor,5,285.99
6726,2023-05-04,Tokyo-04,Cables,7,16.29
6727,2023-07-05,UNKNOWN,Laptop,8,1276.12
6728,2023-03-24,Berlin-03,Phone,6,848.18
6729,2023-02-06,Tokyo-04,Monitor,5,290.63
6730,2023-12-03,London-01,Mouse,7,28.3
6731,2023-02-25,NYC-02,Mouse,1,24.34
6732,2023-11-03,Berlin-03,TV,8,1585.45
6733,2023-01-28,NYC-02,Mouse,1,21.76
6734,2023-03-02,London-01,Laptop,3,1217.13
6735,2023-02-09,London-01,TV,6,1506.69
6736,2023-12-20,NYC-02,TV,1,1671.16
6737,2023-02-12,London-01,Keyboard,6,93.2
6738,2023-01-20,London-01,Monitor,4,293.93
6739,2023-10-20,Tokyo-04,Monitor,1,277.39
6740,2023-03-06,NYC-02,Cables,8,14.58
6741,2023-06-07,NYC-02,Monitor,3,324.55
6742,2023-01-06,Tokyo-04,Cables,5,14.66
6743,2023-12-19,Berlin-03,Phone,8,685.3
6744,2023-02-20,NYC-02,Monitor,5,343.77
6745,2023-01-03,London-01,Mouse,1,28.44
6746,2023-04-02,Berlin-03,Phone,1,776.99
6747,2023-03-31,Paris-05,Keyboard,7,88.14
6748,2023-05-21,London-01,Phone,5,901.49
6749,2023-10-06,Paris-05,Cables,9,12.97
6750,2023-12-31,Tokyo-04,Phone,5,699.7
6751,2023-01-30,NYC-02,Phone,9,682.89
6752,2023-07-18,Berlin-03,Mouse,9,22.62
6753,2023-05-05,NYC-02,Laptop,1,1221.07
6754,2023-12-07,Berlin-03,Phone,2,839.82
6755,2023-05-01,Berlin-03,Monitor,8,306.14
6756,2023-12-29,Paris-05,TV,9,1436.86
6757,2023-12-31,Berlin-03,Mouse,2,22.96
6758,2023-05-24,Paris-05,Keyboard,2,106.31
6759,2023-03-17,Paris-05,Laptop,8,1116.79
6760,2023-12-08,Berlin-03,Monitor,9,338.46
6761,2023-01-31,Tokyo-04,Phone,7,707.46
6762,2023-02-21,London-01,Monitor,8,330.16
6763,2023-12-27,NYC-02,Keyboard,8,106.13
6764,2023-08-06,London-01,TV,1,1628.14
6765,2023-09-16,London-01,TV,6,1719.2
6766,2023-04-06,Berlin-03,Cables,8,17.14
6767,2023-10-24,NYC-02,Monitor,8,319.24
6768,2023-07-15,London-01,Monitor,9,344.29
6769,2023-02-18,Tokyo-04,Keyboard,1,97.19
6770,2023-11-22,Tokyo-04,Cables,9,17.08
6771,2023-04-28,Berlin-03,Monitor,5,300.9
6772,2023-01-13,Paris-05,Keyboard,7,103.73
6773,2023-07-30,Paris-05,Monitor,5,325.93
6774,2023-04-28,NYC-02,TV,6,1543.9
6775,2023-07-25,NYC-02,Cables,9,16.37
6776,2023-06-17,London-01,Monitor,9,259.86
6777,2023-04-07,NYC-02,Keyboard,6,93.2
6778,2023-06-04,NYC-02,Mouse,4,25.75
6779,2023-06-17,London-01,Monitor,1,292.75
6780,2023-04-30,Berlin-03,Phone,5,844.7
6781,2023-07-24,London-01,Phone,5,726.53
6782,2023-03-29,NYC-02,Mouse,8,25.54
6783,2023-04-28,Tokyo-04,Keyboard,5,109.65
6784,2023-10-20,Paris-05,Keyboard,1,88.87
6785,2023-11-05,Berlin-03,TV,1,1645.53
6786,2023-07-18,London-01,Laptop,3,1247.1
6787,2023-06-11,Berlin-03,Mouse,7,22.96
6788,2023-04-14,NYC-02,Laptop,9,1123.06
6789,2023-04-25,Berlin-03,Keyboard,8,91.43
6790,2023-05-16,NYC-02,Mouse,2,24.89
6791,2023-01-04,London-01,Cables,3,16.7
6792,2023-09-10,UNKNOWN,Cables,5,15.71
6793,2023-03-29,NYC-02,Phone,8,800.24
6794,2023-03-06,NYC-02,Laptop,7,1067.28
6795,2023-02-12,Paris-05,Phone,6,824.5
6796,2023-11-11,Tokyo-04,TV,2,1496.44
6797,2023-08-27,Paris-05,Mouse,2,22.93
6798,2023-11-21,UNKNOWN,Laptop,7,1098.06
6799,2023-04-02,Berlin-03,Cables,1,12.84
6800,2023-08-13,London-01,Laptop,9,1276.2
6801,2023-07-18,London-01,Mouse,5,26.06
6802,2023-03-29,NYC-02,TV,7,1429.02
6803,2023-08-28,NYC-02,Cables,6,16.97
6804,2023-03-02,Paris-05,TV,1,1715.28
6805,2023-04-04,NYC-02,Keyboard,7,90.09
6806,2023-05-24,London-01,Mouse,8,26.08
6807,2023-05-22,Paris-05,Laptop,4,1379.48
6808,2023-03-27,NYC-02,Mouse,6,24.44
6809,2023-08-07,Berlin-03,Cables,6,15.22
6810,2023-05-02,Tokyo-04,Phone,7,832.73
6811,2023-02-21,Paris-05,Monitor,4,273.68
6812,2023-06-23,London-01,Monitor,3,331.79
6813,2023-01-27,London-01,Phone,3,686.2
6814,2023-05-12,London-01,Phone,3,728.5
6815,2023-06-17,London-01,Phone,1,0.0
6816,2023-09-01,NYC-02,Mouse,9,21.77
6817,2023-10-25,Berlin-03,Phone,2,759.77
6818,2023-07-12,London-01,Phone,8,756.33
6819,2023-09-08,London-01,Keyboard,9,94.01
6820,2023-02-09,NYC-02,Monitor,8,330.67
6821,2023-10-02,Berlin-03,Laptop,7,1331.55
6822,2023-05-23,London-01,Cables,7,15.72
6823,2023-12-18,Berlin-03,Phone,8,731.64
6824,2023-07-22,Berlin-03,Phone,5,711.96
6825,2023-03-30,London-01,Mouse,1,23.93
6826,2023-03-25,Tokyo-04,TV,4,1630.83
6827,2023-03-09,NYC-02,Phone,8,847.83
6828,2023-10-26,Berlin-03,Keyboard,5,109.09
6829,2023-01-26,Paris-05,Monitor,5,307.08
6830,2023-06-03,Berlin-03,TV,7,1618.19
6831,2023-03-23,London-01,Cables,2,14.38
6832,2023-01-11,Paris-05,Cables,4,15.79
6833,2023-04-24,Berlin-03,Cables,1,13.8
6834,2023-01-11,Berlin-03,TV,1,1290.54
6835,2023-02-21,Tokyo-04,TV,9,1448.42
6836,2023-03-02,Tokyo-04,Keyboard,4,106.41
6837,2023-03-30,Paris-05,Mouse,3,21.3
6838,2023-03-15,Tokyo-04,Monitor,6,335.79
6839,2023-06-22,NYC-02,Laptop,7,1074.16
6840,2023-03-22,NYC-02,Keyboard,4,100.84
6841,2023-04-17,Paris-05,TV,8,1567.6
6842,2023-02-27,London-01,TV,7,1611.52
6843,2023-03-09,Tokyo-04,Laptop,8,1182.37
6844,2023-11-01,Berlin-03,Keyboard,6,114.51
6845,2023-01-07,London-01,Mouse,1,23.04
6846,2023-06-04,Paris-05,Keyboard,6,88.3
6847,2023-08-21,NYC-02,TV,8,1493.31
6848,2023-12-18,London-01,Phone,7,871.03
6849,2023-04-28,London-01,Keyboard,6,103.96
6850,2023-09-17,London-01,Phone,3,794.11
6851,2023-12-22,NYC-02,Cables,7,17.22
6852,2023-03-22,London-01,TV,1,1519.38
6853,2023-05-13,London-01,Keyboard,5,96.79
6854,2023-05-14,London-01,Mouse,8,26.82
6855,2023-05-23,London-01,Monitor,1,310.49
6856,2023-12-03,Tokyo-04,Laptop,1,1039.84
6857,2023-04-09,London-01,Phone,7,759.07
6858,2023-09-11,Tokyo-04,Mouse,2,27.33
6859,2023-05-27,NYC-02,Mouse,5,28.2
6860,2023-04-26,NYC-02,Keyboard,8,94.27
6861,2023-08-29,London-01,Laptop,2,1318.97
6862,2023-04-28,Berlin-03,Keyboard,6,102.38
6863,2023-08-27,Paris-05,Monitor,4,259.51
6864,2023-07-17,NYC-02,Phone,6,867.64
6865,2023-06-01,London-01,Cables,9,14.37
6866,2023-01-15,Tokyo-04,Keyboard,8,106.64
6867,2023-12-01,NYC-02,Cables,4,15.09
6868,2023-12-17,Tokyo-04,Cables,7,13.59
6869,2023-04-03,NYC-02,Monitor,9,301.47
6870,2023-09-09,NYC-02,Mouse,9,22.06
6871,2023-11-01,Paris-05,Phone,9,802.04
6872,2023-04-15,Paris-05,Keyboard,5,100.21
6873,2023-11-17,London-01,Phone,2,694.42
6874,2023-03-19,Paris-05,Monitor,3,324.82
6875,2023-02-20,Berlin-03,Phone,4,768.94
6876,2023-04-05,Tokyo-04,Cables,5,15.65
6877,2023-10-15,London-01,Laptop,5,1258.8
6878,2023-12-02,Berlin-03,Mouse,9,24.65
6879,2023-07-04,London-01,Mouse,7,22.56
6880,2023-03-15,Tokyo-04,Monitor,6,329.83
6881,2023-02-07,London-01,Laptop,8,1096.94
6882,2023-03-29,Berlin-03,TV,2,1374.14
6883,2023-10-29,Tokyo-04,Monitor,5,295.71
6884,2023-10-05,NYC-02,Mouse,3,26.58
6885,2023-08-06,NYC-02,Phone,4,881.97
6886,2023-12-15,NYC-02,Monitor,1,282.98
6887,2023-10-15,Berlin-03,Monitor,8,296.09
6888,2023-08-04,Paris-05,TV,6,1695.84
6889,2023-09-01,Tokyo-04,Mouse,8,23.28
6890,2023-03-07,Berlin-03,TV,6,1461.43
6891,2023-11-20,London-01,TV,1,1462.24
6892,2023-05-09,Tokyo-04,Phone,8,730.95
6893,2023-07-13,London-01,Phone,2,720.83
6894,2023-08-06,Berlin-03,TV,8,1470.4
6895,2023-07-27,London-01,TV,4,1325.99
6896,2023-12-22,NYC-02,Mouse,1,25.19
6897,2023-02-25,Berlin-03,Phone,8,741.4
6898,2023-10-10,Tokyo-04,Mouse,5,26.65
6899,2023-11-28,NYC-02,Mouse,7,24.86
6900,2023-12-01,London-01,Laptop,9,1211.32
6901,2023-06-01,Berlin-03,Laptop,5,1126.69
6902,2023-11-11,NYC-02,Keyboard,4,97.65
6903,2023-05-29,Tokyo-04,Phone,3,812.67
6904,2023-11-19,NYC-02,Monitor,5,323.83
6905,2023-03-25,Paris-05,Keyboard,6,89.82
6906,2023-02-02,NYC-02,Laptop,1,1042.61
6907,2023-12-18,London-01,Mouse,6,24.91
6908,2023-03-15,Berlin-03,TV,1,1289.54
6909,2023-06-09,Paris-05,Mouse,5,21.51
6910,2023-05-28,Berlin-03,Laptop,3,1024.03
6911,2023-12-05,Tokyo-04,Monitor,3,285.61
6912,2023-11-24,London-01,TV,3,1661.86
6913,2023-08-22,NYC-02,Monitor,8,305.49
6914,2023-01-05,Tokyo-04,Monitor,9,274.66
6915,2023-10-11,NYC-02,Phone,6,752.23
6916,2023-01-31,NYC-02,Keyboard,7,107.01
6917,2023-12-23,Tokyo-04,Mouse,9,27.51
6918,2023-01-08,Tokyo-04,Phone,7,788.37
6919,2023-02-28,Tokyo-04,Phone,7,861.12
6920,2023-02-06,London-01,Monitor,6,268.87
6921,2023-01-20,Berlin-03,Keyboard,9,111.84
6922,2023-12-25,NYC-02,Cables,3,13.54
6923,2023-03-02,Berlin-03,Monitor,1,279.5
6924,2023-06-05,Berlin-03,Mouse,3,27.36
6925,2023-09-11,Berlin-03,Laptop,4,1295.67
6926,2023-03-12,Paris-05,Monitor,9,339.52
6927,2023-09-17,Tokyo-04,Monitor,3,311.14
6928,2023-01-03,Paris-05,Laptop,1,1297.51
6929,2023-12-18,Tokyo-04,Cables,8,16.32
6930,2023-12-16,Tokyo-04,Mouse,8,23.1
6931,2023-03-21,NYC-02,Keyboard,2,95.72
6932,2023-12-19,London-01,Monitor,1,279.87
6933,2023-01-28,London-01,TV,9,1441.74
6934,2023-04-12,Berlin-03,Laptop,3,1333.86
6935,2023-03-25,Tokyo-04,Phone,4,766.75
6936,2023-03-20,NYC-02,Monitor,7,263.43
6937,2023-12-24,London-01,TV,3,1675.66
6938,2023-03-22,NYC-02,TV,7,1499.86
6939,2023-09-24,Berlin-03,Keyboard,7,112.31
6940,2023-11-09,NYC-02,Laptop,6,1190.44
6941,2023-05-07,Berlin-03,Cables,8,17.07
6942,2023-07-05,Tokyo-04,Keyboard,2,90.55
6943,2023-01-16,NYC-02,Keyboard,4,89.69
6944,2023-06-19,London-01,Keyboard,3,105.86
6945,2023-09-29,London-01,Mouse,1,27.87
6946,2023-02-02,NYC-02,Keyboard,5,92.82
6947,2023-03-30,Paris-05,Phone,6,747.81
6948,2023-06-29,London-01,Phone,3,816.48
6949,2023-09-06,Berlin-03,Keyboard,8,93.93
6950,2023-12-02,Berlin-03,Mouse,9,21.48
6951,2023-07-29,Berlin-03,TV,7,1643.71
6952,2023-08-05,Berlin-03,Keyboard,9,98.83
6953,2023-04-23,Paris-05,TV,3,1342.05
6954,2023-09-26,Tokyo-04,Keyboard,7,90.48
6955,2023-04-18,NYC-02,Laptop,8,1240.85
6956,2023-09-20,Paris-05,Phone,5,687.2
6957,2023-07-07,Paris-05,Laptop,4,1029.63
6958,2023-09-11,NYC-02,Keyboard,9,104.62
6959,2023-11-21,Berlin-03,Laptop,6,1123.85
6960,2023-01-04,Tokyo-04,Phone,1,825.21
6961,2023-03-15,Tokyo-04,Phone,2,769.41
6962,2023-03-29,London-01,Keyboard,6,0.0
6963,2023-12-19,London-01,Mouse,1,21.36
6964,2023-10-15,NYC-02,Cables,6,13.3
6965,2023-06-14,Berlin-03,Keyboard,1,94.19
6966,2023-04-14,Tokyo-04,Monitor,9,294.42
6967,2023-07-07,Berlin-03,TV,8,1529.49
6968,2023-11-23,NYC-02,TV,1,1432.61
6969,2023-06-13,NYC-02,Keyboard,3,113.36
6970,2023-05-16,Paris-05,Cables,7,14.09
6971,2023-01-16,UNKNOWN,Monitor,9,340.86
6972,2023-03-08,Tokyo-04,TV,9,1583.6
6973,2023-11-26,Paris-05,Phone,1,689.52
6974,2023-01-04,London-01,Phone,3,905.54
6975,2023-08-25,Paris-05,Mouse,3,23.67
6976,2023-09-14,Tokyo-04,TV,1,1377.39
6977,2023-08-15,Tokyo-04,Phone,1,768.26
6978,2023-03-16,NYC-02,TV,8,1532.4
6979,2023-03-09,Tokyo-04,TV,7,1616.18
6980,2023-07-20,Berlin-03,Phone,7,713.17
6981,2023-10-04,Tokyo-04,Keyboard,3,105.6
6982,2023-01-17,Tokyo-04,Keyboard,3,105.95
6983,2023-03-25,Berlin-03,Mouse,8,25.37
6984,2023-08-12,Berlin-03,Laptop,4,1142.42
6985,2023-10-20,Berlin-03,Monitor,8,309.32
6986,2023-06-12,Tokyo-04,Mouse,6,24.48
6987,2023-08-15,Tokyo-04,Cables,1,12.95
6988,2023-02-20,Berlin-03,TV,1,1538.84
6989,2023-02-19,Paris-05,Phone,6,856.61
6990,2023-04-01,Berlin-03,Keyboard,9,98.33
6991,2023-04-08,Berlin-03,Cables,7,14.81
6992,2023-08-19,Tokyo-04,Phone,5,874.82
6993,2023-01-10,London-01,Cables,1,17.25
6994,2023-08-24,Paris-05,TV,9,1612.54
6995,2023-08-23,Paris-05,Cables,4,14.15
6996,2023-03-06,Berlin-03,Phone,9,777.6
6997,2023-03-04,NYC-02,Monitor,7,260.48
6998,2023-04-08,Paris-05,Laptop,2,1286.72
6999,2023-03-16,Berlin-03,Laptop,6,1064.37
7000,2023-10-01,Tokyo-04,Keyboard,4,107.23
7001,2023-10-05,Paris-05,Keyboard,4,104.44
7002,2023-02-28,London-01,Cables,4,15.93
7003,2023-07-25,London-01,Cables,7,13.47
7004,2023-07-13,Paris-05,Monitor,3,293.46
7005,2023-10-06,Berlin-03,Cables,6,13.22
7006,2023-08-23,Berlin-03,TV,2,1607.2
7007,2023-03-06,Berlin-03,TV,1,1625.82
7008,2023-04-24,Tokyo-04,Monitor,6,268.23
7009,2023-02-22,Paris-05,Laptop,6,1285.54
7010,2023-01-30,Tokyo-04,Phone,6,798.2
7011,2023-11-17,Berlin-03,Laptop,6,1322.82
7012,2023-07-07,London-01,TV,1,1418.18
7013,2023-10-16,Berlin-03,TV,3,1275.25
7014,2023-10-05,Berlin-03,Mouse,2,22.99
7015,2023-04-08,Berlin-03,Keyboard,2,109.5
7016,2023-06-16,Tokyo-04,Laptop,9,1191.98
7017,2023-06-01,Berlin-03,Monitor,4,336.04
7018,2023-07-03,NYC-02,Cables,4,13.62
7019,2023-08-29,Tokyo-04,Keyboard,3,110.22
7020,2023-06-26,NYC-02,Phone,6,810.52
7021,2023-12-16,Tokyo-04,Mouse,2,21.37
7022,2023-04-21,UNKNOWN,TV,5,1665.44
7023,2023-12-10,Paris-05,Mouse,7,22.43
7024,2023-04-11,Tokyo-04,Phone,5,702.8
7025,2023-11-15,Berlin-03,Cables,8,13.93
7026,2023-04-25,Paris-05,Laptop,5,1071.83
7027,2023-04-10,Tokyo-04,Cables,5,14.86
7028,2023-01-12,Paris-05,TV,8,1437.91
7029,2023-07-29,Tokyo-04,Cables,9,15.5
7030,2023-07-21,NYC-02,Cables,2,14.81
7031,2023-07-14,London-01,Monitor,8,313.04
7032,2023-02-24,NYC-02,Keyboard,7,89.97
7033,2023-04-07,UNKNOWN,Cables,6,14.02
7034,2023-10-10,Tokyo-04,TV,9,1335.17
7035,2023-06-02,London-01,Phone,5,819.34
7036,2023-05-09,Tokyo-04,Keyboard,8,99.56
7037,2023-06-14,Berlin-03,Laptop,3,1260.21
7038,2023-03-14,Paris-05,TV,7,1530.64
7039,2023-03-09,London-01,Mouse,4,26.18
7040,2023-12-30,Tokyo-04,Monitor,6,289.14
7041,2023-07-03,Paris-05,Cables,1,15.57
7042,2023-03-31,NYC-02,Cables,5,14.37
7043,2023-06-21,Berlin-03,Mouse,8,25.65
7044,2023-08-22,NYC-02,TV,6,1455.6
7045,2023-10-19,NYC-02,Laptop,7,1367.04
7046,2023-12-15,Paris-05,Keyboard,9,111.05
7047,2023-06-24,NYC-02,Laptop,3,1220.52
7048,2023-04-11,Tokyo-04,Cables,3,15.34
7049,2023-11-13,NYC-02,Monitor,6,333.52
7050,2023-05-29,Berlin-03,Laptop,2,1065.94
7051,2023-01-22,Berlin-03,TV,9,1412.54
7052,2023-10-09,Tokyo-04,Monitor,5,282.19
7053,2023-02-01,NYC-02,Cables,9,16.34
7054,2023-10-29,Tokyo-04,TV,1,1547.09
7055,2023-07-21,Paris-05,Monitor,4,336.67
7056,2023-11-03,Berlin-03,Phone,8,885.19
7057,2023-09-16,Paris-05,Cables,2,16.98
7058,2023-02-04,Berlin-03,Laptop,6,1284.7
7059,2023-07-04,Tokyo-04,Monitor,5,294.55
7060,2023-12-06,Paris-05,TV,8,1609.28
7061,2023-01-13,London-01,Monitor,7,344.31
7062,2023-04-22,Tokyo-04,Monitor,1,324.75
7063,2023-06-10,Berlin-03,TV,5,1403.89
7064,2023-02-19,London-01,Cables,3,16.2
7065,2023-12-17,London-01,TV,5,1635.17
7066,2023-04-02,NYC-02,Laptop,1,1319.53
7067,2023-01-18,Berlin-03,Monitor,3,314.59
7068,2023-01-11,London-01,Keyboard,9,98.98
7069,2023-05-03,NYC-02,Mouse,5,22.8
7070,2023-07-27,Tokyo-04,Cables,1,17.11
7071,2023-10-02,NYC-02,Cables,9,12.93
7072,2023-06-05,NYC-02,TV,6,1454.69
7073,2023-08-05,Tokyo-04,Keyboard,4,112.07
7074,2023-03-26,Tokyo-04,Laptop,5,1134.98
7075,2023-11-30,Tokyo-04,TV,2,1282.43
7076,2023-07-08,London-01,Laptop,9,1257.97
7077,2023-04-06,Berlin-03,Laptop,8,1153.47
7078,2023-05-06,Paris-05,TV,9,1295.15
7079,2023-01-12,London-01,TV,1,1277.82
7080,2023-11-13,London-01,Phone,5,903.54
7081,2023-01-14,London-01,Keyboard,5,91.14
7082,2023-01-20,London-01,Phone,7,912.13
7083,2023-01-28,Berlin-03,Mouse,4,24.99
7084,2023-08-06,NYC-02,Mouse,6,26.7
7085,2023-01-08,Berlin-03,Cables,8,17.12
7086,2023-10-23,London-01,Phone,5,759.84
7087,2023-05-05,Paris-05,Phone,1,711.52
7088,2023-01-05,Tokyo-04,Monitor,4,279.69
7089,2023-05-15,Paris-05,Mouse,8,28.05
7090,2023-12-17,Tokyo-04,TV,2,1402.64
7091,2023-05-17,Tokyo-04,Phone,4,683.61
7092,2023-02-06,Paris-05,TV,2,1283.8
7093,2023-03-08,NYC-02,Laptop,5,1057.6
7094,2023-12-07,London-01,Cables,2,17.19
7095,2023-04-25,Tokyo-04,Cables,8,15.6
7096,2023-01-24,Tokyo-04,Keyboard,9,97.42
7097,2023-07-25,Paris-05,Mouse,5,0.0
7098,2023-01-08,NYC-02,Mouse,7,26.4
7099,2023-04-11,NYC-02,Keyboard,6,85.03
7100,2023-11-09,Berlin-03,Laptop,2,1273.96
7101,2023-11-07,Tokyo-04,Laptop,3,1043.0
7102,2023-08-11,NYC-02,Phone,4,764.55
7103,2023-12-21,Paris-05,Cables,4,17.17
7104,2023-04-06,London-01,TV,5,1572.88
7105,2023-07-29,Berlin-03,Mouse,8,26.9
7106,2023-01-26,NYC-02,Monitor,6,339.83
7107,2023-05-02,Paris-05,Monitor,6,333.64
7108,2023-11-22,Paris-05,Laptop,5,1186.61
7109,2023-02-23,London-01,TV,8,1361.13
7110,2023-09-23,Berlin-03,Monitor,9,314.19
7111,2023-11-11,NYC-02,Mouse,8,23.64
7112,2023-06-26,Tokyo-04,Keyboard,3,97.55
7113,2023-11-14,NYC-02,Monitor,4,340.36
7114,2023-01-08,Paris-05,Mouse,4,21.86
7115,2023-07-22,London-01,Cables,9,14.74
7116,2023-05-02,NYC-02,Cables,9,15.15
7117,2023-06-27,Berlin-03,TV,4,1430.61
7118,2023-02-11,Berlin-03,Monitor,7,289.24
7119,2023-11-18,London-01,Mouse,1,25.09
7120,2023-07-18,NYC-02,Cables,2,15.86
7121,2023-02-15,London-01,Monitor,9,338.17
7122,2023-12-08,Paris-05,Phone,1,740.52
7123,2023-12-02,London-01,Cables,7,15.01
7124,2023-09-06,London-01,Mouse,2,23.47
7125,2023-03-17,Berlin-03,Mouse,6,26.21
7126,2023-11-16,Tokyo-04,Laptop,3,1147.18
7127,2023-12-27,Berlin-03,Phone,4,739.9
7128,2023-04-21,NYC-02,Monitor,5,277.35
7129,2023-05-06,Tokyo-04,Monitor,2,290.22
7130,2023-06-21,Paris-05,Monitor,4,262.31
7131,2023-04-02,Berlin-03,Phone,2,862.37
7132,2023-06-05,Berlin-03,Mouse,5,26.51
7133,2023-05-18,Tokyo-04,Phone,3,747.14
7134,2023-08-05,Paris-05,Cables,3,13.2
7135,2023-07-15,Tokyo-04,TV,1,1459.54
7136,2023-04-29,Berlin-03,Mouse,8,22.35
7137,2023-09-02,Tokyo-04,Monitor,8,334.97
7138,2023-01-27,NYC-02,Keyboard,7,100.21
7139,2023-05-22,Paris-05,Cables,3,17.13
7140,2023-09-09,London-01,Monitor,9,271.14
7141,2023-02-09,Berlin-03,Keyboard,3,99.16
7142,2023-10-14,Tokyo-04,Mouse,4,25.04
7143,2023-11-15,London-01,Phone,4,817.02
7144,2023-02-08,Paris-05,Mouse,5,28.41
7145,2023-01-19,London-01,TV,1,1547.05
7146,2023-01-16,Paris-05,Cables,1,15.87
7147,2023-04-16,Paris-05,Monitor,9,272.59
7148,2023-07-02,Tokyo-04,Mouse,4,26.57
7149,2023-05-27,Berlin-03,Mouse,3,26.17
7150,2023-10-17,London-01,Phone,1,790.03
7151,2023-02-12,Tokyo-04,Laptop,2,1242.44
7152,2023-05-13,London-01,Laptop,5,1067.09
7153,2023-11-18,NYC-02,Phone,2,831.52
7154,2023-10-19,London-01,TV,9,1642.44
7155,2023-10-22,UNKNOWN,Cables,2,15.25
7156,2023-02-01,Tokyo-04,TV,8,1430.41
7157,2023-01-11,Paris-05,TV,9,1653.34
7158,2023-02-23,Tokyo-04,Keyboard,6,104.3
7159,2023-03-03,Tokyo-04,Cables,2,15.61
7160,2023-11-30,London-01,TV,5,1335.65
7161,2023-10-27,Tokyo-04,Monitor,8,286.25
7162,2023-10-17,NYC-02,Monitor,3,331.7
7163,2023-09-15,Tokyo-04,Phone,6,766.95
7164,2023-02-16,Tokyo-04,Monitor,2,318.36
7165,2023-07-17,Tokyo-04,Keyboard,8,93.8
7166,2023-07-22,NYC-02,TV,2,1452.13
7167,2023-09-28,NYC-02,Laptop,7,1252.28
7168,2023-01-26,Tokyo-04,Laptop,5,1371.23
7169,2023-07-27,NYC-02,Phone,8,809.81
7170,2023-12-20,London-01,Mouse,4,23.05
7171,2023-08-02,London-01,Cables,4,15.9
7172,2023-01-18,Paris-05,Phone,3,696.7
7173,2023-07-15,NYC-02,Cables,1,13.59
7174,2023-02-02,NYC-02,Cables,7,14.1
7175,2023-04-12,London-01,Laptop,4,1313.1
7176,2023-10-27,London-01,Phone,2,914.46
7177,2023-12-24,London-01,Phone,3,793.87
7178,2023-09-04,Berlin-03,Laptop,3,1243.94
7179,2023-11-18,London-01,Cables,5,13.6
7180,2023-04-29,NYC-02,Mouse,7,23.07
7181,2023-07-22,London-01,Laptop,1,1340.01
7182,2023-05-22,London-01,TV,1,1468.11
7183,2023-12-27,Tokyo-04,Monitor,5,301.43
7184,2023-10-08,London-01,Laptop,3,1306.81
7185,2023-01-19,Paris-05,Cables,9,14.56
7186,2023-12-02,Paris-05,TV,1,1589.38
7187,2023-07-18,Paris-05,Mouse,1,23.39
7188,2023-04-02,NYC-02,Cables,4,14.18
7189,2023-09-05,London-01,Phone,7,886.81
7190,2023-06-15,London-01,Laptop,8,1340.89
7191,2023-12-03,Berlin-03,Monitor,4,262.66
7192,2023-04-13,NYC-02,TV,1,1289.84
7193,2023-08-12,Paris-05,Cables,5,15.97
7194,2023-09-11,Tokyo-04,Phone,4,749.89
7195,2023-06-17,Tokyo-04,Laptop,5,1244.3
7196,2023-03-17,London-01,Cables,7,13.73
7197,2023-01-30,Tokyo-04,Cables,6,14.01
7198,2023-04-26,Berlin-03,Cables,1,15.69
7199,2023-02-21,NYC-02,Phone,1,897.94
7200,2023-10-16,Paris-05,Keyboard,8,101.31
7201,2023-01-01,NYC-02,TV,7,1485.98
7202,2023-12-31,Berlin-03,Monitor,3,343.16
7203,2023-07-22,Paris-05,Monitor,8,333.42
7204,2023-04-20,Berlin-03,Laptop,7,1173.19
7205,2023-03-15,Paris-05,Cables,3,17.06
7206,2023-11-18,Paris-05,Mouse,5,24.48
7207,2023-04-08,Berlin-03,TV,3,1724.97
7208,2023-11-29,Paris-05,TV,8,1427.52
7209,2023-01-10,Berlin-03,Cables,6,17.02
7210,2023-06-19,London-01,Keyboard,4,87.54
7211,2023-08-24,NYC-02,Monitor,6,276.78
7212,2023-08-19,NYC-02,Keyboard,3,100.06
7213,2023-06-04,Paris-05,Monitor,3,270.18
7214,2023-01-31,Berlin-03,TV,6,1326.53
7215,2023-06-13,Paris-05,Monitor,6,304.08
7216,2023-01-10,NYC-02,TV,9,1447.57
7217,2023-07-28,London-01,Laptop,4,1176.35
7218,2023-02-22,London-01,Laptop,4,1318.02
7219,2023-07-16,Paris-05,Keyboard,4,99.21
7220,2023-11-30,NYC-02,TV,5,1338.74
7221,2023-09-18,NYC-02,Mouse,5,27.6
7222,2023-02-01,London-01,Laptop,1,0.0
7223,2023-07-01,London-01,Monitor,6,313.76
7224,2023-02-04,NYC-02,Keyboard,3,96.6
7225,2023-11-20,NYC-02,Phone,6,857.84
7226,2023-01-27,NYC-02,Cables,2,14.0
7227,2023-09-16,Tokyo-04,Cables,1,13.75
7228,2023-11-28,NYC-02,Mouse,5,23.5
7229,2023-09-12,London-01,TV,4,1566.45
7230,2023-01-01,London-01,Keyboard,2,96.71
7231,2023-01-06,Berlin-03,TV,2,1510.39
7232,2023-07-19,Paris-05,TV,2,1652.26
7233,2023-08-18,Berlin-03,Phone,1,723.04
7234,2023-10-20,Paris-05,TV,5,1490.22
7235,2023-02-10,Paris-05,Keyboard,2,101.84
7236,2023-06-12,Berlin-03,Cables,3,16.02
7237,2023-12-24,Tokyo-04,Cables,3,14.88
7238,2023-09-14,Paris-05,Laptop,9,1133.43
7239,2023-01-31,Berlin-03,Monitor,6,267.62
7240,2023-09-26,Berlin-03,Mouse,2,27.91
7241,2023-12-13,Paris-05,Cables,3,15.1
7242,2023-04-15,Tokyo-04,Monitor,5,314.16
7243,2023-12-03,Berlin-03,Phone,7,887.06
7244,2023-06-21,London-01,TV,4,1542.46
7245,2023-09-25,Paris-05,Phone,4,875.51
7246,2023-09-24,NYC-02,Mouse,3,28.5
7247,2023-01-30,NYC-02,TV,4,1525.03
7248,2023-09-26,NYC-02,Keyboard,2,113.65
7249,2023-05-23,Paris-05,Mouse,1,25.36
7250,2023-10-13,London-01,Phone,6,818.0
7251,2023-03-22,Tokyo-04,Phone,4,883.98
7252,2023-04-29,London-01,Keyboard,3,85.04
7253,2023-10-21,Tokyo-04,Laptop,9,1149.39
7254,2023-01-21,Tokyo-04,Monitor,9,265.28
7255,2023-02-20,Tokyo-04,Laptop,6,1365.1
7256,2023-03-16,London-01,Mouse,9,25.97
7257,2023-05-23,Berlin-03,Keyboard,6,95.96
7258,2023-04-08,NYC-02,Phone,5,688.75
7259,2023-03-06,Paris-05,Laptop,4,1071.62
7260,2023-05-03,NYC-02,Phone,6,851.8
7261,2023-08-05,NYC-02,TV,9,1676.58
7262,2023-01-04,Berlin-03,Cables,7,15.94
7263,2023-06-08,NYC-02,Cables,2,15.17
7264,2023-01-06,Paris-05,Cables,1,16.1
7265,2023-12-02,NYC-02,Phone,6,696.83
7266,2023-10-11,NYC-02,TV,5,1704.14
7267,2023-08-19,Tokyo-04,Monitor,1,316.56
7268,2023-06-28,NYC-02,Monitor,1,303.69
7269,2023-10-10,Berlin-03,TV,1,1422.17
7270,2023-09-15,Paris-05,Mouse,6,24.43
7271,2023-01-10,London-01,Laptop,6,1218.23
7272,2023-11-18,London-01,Laptop,4,1228.06
7273,2023-09-03,Berlin-03,Cables,7,13.08
7274,2023-08-31,Paris-05,TV,1,1486.15
7275,2023-01-23,London-01,TV,5,1487.27
7276,2023-07-09,NYC-02,Mouse,9,22.71
7277,2023-08-15,Berlin-03,Mouse,8,28.18
7278,2023-03-04,Berlin-03,Phone,4,731.03
7279,2023-06-22,Tokyo-04,Keyboard,3,93.46
7280,2023-03-22,Berlin-03,Monitor,6,342.96
7281,2023-04-07,NYC-02,Monitor,6,327.72
7282,2023-04-18,Berlin-03,Keyboard,4,109.39
7283,2023-06-22,Berlin-03,Monitor,3,298.87
7284,2023-09-21,Berlin-03,Cables,9,16.93
7285,2023-02-02,Berlin-03,Laptop,6,1103.3
7286,2023-10-16,Berlin-03,Laptop,8,1342.69
7287,2023-07-07,NYC-02,Cables,7,16.92
7288,2023-04-25,Paris-05,Monitor,8,309.16
7289,2023-01-27,Paris-05,Laptop,9,1276.17
7290,2023-04-09,NYC-02,Laptop,4,1312.71
7291,2023-08-09,Paris-05,Phone,3,895.98
7292,2023-02-19,Paris-05,Phone,5,0.0
7293,2023-08-20,Berlin-03,Laptop,7,1109.83
7294,2023-05-25,Paris-05,Keyboard,5,113.55
7295,2023-12-28,Tokyo-04,Keyboard,8,89.32
7296,2023-07-01,NYC-02,TV,4,1348.91
7297,2023-06-18,NYC-02,TV,3,1334.11
7298,2023-02-10,Berlin-03,Mouse,5,22.33
7299,2023-02-21,NYC-02,Phone,9,705.53
7300,2023-12-05,Tokyo-04,Mouse,5,28.61
7301,2023-05-21,London-01,TV,5,1634.33
7302,2023-08-12,NYC-02,TV,6,1723.96
7303,2023-01-11,Paris-05,Phone,1,805.68
7304,2023-12-04,Berlin-03,Cables,3,17.02
7305,2023-08-24,Berlin-03,Phone,4,697.82
7306,2023-06-21,London-01,Laptop,3,1355.5
7307,2023-05-29,Tokyo-04,Monitor,8,281.85
7308,2023-06-18,Paris-05,Laptop,9,1226.65
7309,2023-01-07,NYC-02,Laptop,1,1270.14
7310,2023-01-06,Tokyo-04,Keyboard,9,113.94
7311,2023-02-21,Tokyo-04,Mouse,8,24.56
7312,2023-10-05,Berlin-03,Phone,6,913.86
7313,2023-07-27,Berlin-03,Cables,9,16.48
7314,2023-03-09,Berlin-03,Laptop,9,1310.59
7315,2023-09-16,London-01,Mouse,7,24.39
7316,2023-07-23,Paris-05,TV,8,1351.97
7317,2023-07-06,NYC-02,TV,8,1345.54
7318,2023-10-31,NYC-02,Mouse,4,28.54
7319,2023-09-17,Paris-05,Monitor,9,341.15
7320,2023-02-28,Tokyo-04,Keyboard,4,111.13
7321,2023-03-28,Tokyo-04,Monitor,6,269.87
7322,2023-08-19,Tokyo-04,TV,5,1594.08
7323,2023-10-04,Berlin-03,Keyboard,6,105.15
7324,2023-02-06,Paris-05,Laptop,9,1057.99
7325,2023-11-25,London-01,Mouse,5,23.32
7326,2023-12-31,NYC-02,Cables,3,12.99
7327,2023-01-22,Tokyo-04,Monitor,9,335.06
7328,2023-11-07,Tokyo-04,TV,9,1557.08
7329,2023-04-23,Paris-05,Monitor,1,274.65
7330,2023-04-02,Tokyo-04,Cables,9,13.93
7331,2023-04-06,Berlin-03,Keyboard,1,100.47
7332,2023-04-21,Berlin-03,Laptop,6,1338.55
7333,2023-10-16,Berlin-03,Keyboard,2,89.78
7334,2023-07-27,NYC-02,Cables,1,16.55
7335,2023-10-06,Tokyo-04,Laptop,9,1183.05
7336,2023-06-01,London-01,Laptop,4,1129.8
7337,2023-04-02,Berlin-03,Laptop,9,1127.56
7338,2023-03-12,Tokyo-04,Phone,1,682.6
7339,2023-09-17,NYC-02,Cables,2,16.45
7340,2023-11-29,London-01,Phone,3,707.72
7341,2023-07-12,Tokyo-04,Keyboard,8,98.32
7342,2023-02-24,Berlin-03,Mouse,4,24.57
7343,2023-12-05,Tokyo-04,Laptop,4,1224.73
7344,2023-10-12,Paris-05,Phone,4,765.03
7345,2023-09-19,London-01,Keyboard,4,96.08
7346,2023-07-20,Berlin-03,Mouse,1,28.58
7347,2023-05-25,Tokyo-04,Laptop,9,1281.92
7348,2023-01-08,London-01,Mouse,2,25.5
7349,2023-12-26,London-01,Phone,5,873.92
7350,2023-06-02,London-01,Mouse,8,26.94
7351,2023-11-25,NYC-02,TV,6,1456.19
7352,2023-06-07,London-01,Phone,4,684.29
7353,2023-11-12,Tokyo-04,Phone,5,917.74
7354,2023-06-30,Paris-05,Keyboard,2,85.54
7355,2023-05-15,NYC-02,Phone,8,875.94
7356,2023-05-31,Berlin-03,Monitor,4,272.84
7357,2023-09-28,Berlin-03,Mouse,3,23.54
7358,2023-11-28,Paris-05,Laptop,4,1264.86
7359,2023-04-26,Berlin-03,Mouse,7,22.6
7360,2023-02-08,NYC-02,Keyboard,5,97.48
7361,2023-06-06,Paris-05,Monitor,8,325.82
7362,2023-07-26,Paris-05,Monitor,5,305.06
7363,2023-03-24,Tokyo-04,Keyboard,2,88.07
7364,2023-01-08,London-01,TV,7,1652.27
7365,2023-03-27,NYC-02,Cables,6,14.32
7366,2023-03-01,NYC-02,Cables,8,15.62
7367,2023-10-17,NYC-02,TV,8,1636.25
7368,2023-04-28,Berlin-03,Monitor,7,284.57
7369,2023-12-26,Tokyo-04,Keyboard,2,86.6
7370,2023-12-18,Tokyo-04,Monitor,4,324.3
7371,2023-08-04,Paris-05,Phone,8,745.62
7372,2023-09-11,NYC-02,Mouse,5,27.38
7373,2023-03-17,Tokyo-04,Monitor,9,322.42
7374,2023-01-27,NYC-02,Monitor,6,277.65
7375,2023-08-29,Berlin-03,Monitor,7,291.49
7376,2023-04-25,London-01,Phone,4,879.37
7377,2023-08-14,UNKNOWN,Cables,9,14.36
7378,2023-12-18,Berlin-03,Phone,6,908.31
7379,2023-10-04,Tokyo-04,Cables,9,16.69
7380,2023-01-13,Tokyo-04,Monitor,6,295.38
7381,2023-04-08,London-01,Laptop,5,1056.11
7382,2023-02-18,Berlin-03,Monitor,5,307.27
7383,2023-05-01,Paris-05,Phone,8,830.94
7384,2023-10-11,Tokyo-04,Mouse,3,23.27
7385,2023-09-09,Paris-05,Monitor,3,325.73
7386,2023-07-22,Paris-05,Mouse,5,21.3
7387,2023-06-17,Paris-05,Phone,5,830.84
7388,2023-10-08,Paris-05,Keyboard,7,88.8
7389,2023-11-25,NYC-02,Cables,2,17.06
7390,2023-12-09,London-01,Mouse,4,27.79
7391,2023-05-05,NYC-02,Monitor,1,323.72
7392,2023-10-22,London-01,Monitor,8,288.17
7393,2023-12-31,Berlin-03,Mouse,4,26.41
7394,2023-06-12,Berlin-03,Cables,4,16.5
7395,2023-10-29,Berlin-03,Cables,4,16.91
7396,2023-03-25,Paris-05,Phone,8,823.48
7397,2023-04-13,London-01,Mouse,6,26.21
7398,2023-12-05,Paris-05,Monitor,3,288.73
7399,2023-12-21,Tokyo-04,Cables,9,16.99
7400,2023-11-10,Tokyo-04,TV,9,1627.36
7401,2023-11-11,Paris-05,TV,5,1672.39
7402,2023-03-05,Paris-05,Laptop,3,1174.17
7403,2023-06-27,Paris-05,Mouse,9,23.8
7404,2023-10-03,Tokyo-04,Cables,9,14.26
7405,2023-01-22,Paris-05,Phone,6,797.7
7406,2023-05-23,Berlin-03,Laptop,6,1142.19
7407,2023-12-11,NYC-02,Keyboard,6,99.06
7408,2023-12-29,NYC-02,Laptop,6,1116.78
7409,2023-01-08,London-01,Mouse,3,22.91
7410,2023-10-07,Tokyo-04,Mouse,1,22.05
7411,2023-07-27,London-01,Keyboard,9,91.52
7412,2023-09-09,London-01,Cables,3,13.47
7413,2023-12-27,NYC-02,Monitor,8,334.63
7414,2023-07-06,Tokyo-04,Laptop,7,1201.33
7415,2023-07-29,Berlin-03,Mouse,5,23.31
7416,2023-06-27,UNKNOWN,Cables,7,13.39
7417,2023-11-06,Paris-05,Cables,7,15.88
7418,2023-02-26,Paris-05,Laptop,9,1140.46
7419,2023-04-07,Berlin-03,TV,6,1576.21
7420,2023-07-15,Berlin-03,Monitor,1,294.22
7421,2023-11-11,NYC-02,Mouse,2,26.8
7422,2023-11-21,London-01,Monitor,1,321.67
7423,2023-11-28,NYC-02,Laptop,6,1025.68
7424,2023-04-25,NYC-02,Laptop,3,1297.92
7425,2023-08-09,Tokyo-04,Laptop,1,1369.41
7426,2023-05-27,NYC-02,Monitor,5,306.6
7427,2023-06-29,London-01,Laptop,4,1285.68
7428,2023-09-30,NYC-02,Mouse,4,24.12
7429,2023-04-10,Tokyo-04,Cables,5,14.81
7430,2023-11-30,NYC-02,Mouse,5,26.0
7431,2023-03-16,Paris-05,Laptop,3,1114.9
7432,2023-09-16,London-01,TV,4,1445.01
7433,2023-05-24,Paris-05,Cables,8,15.05
7434,2023-11-07,UNKNOWN,Laptop,1,1257.13
7435,2023-06-19,Tokyo-04,Laptop,1,1100.62
7436,2023-07-06,Paris-05,Phone,1,680.95
7437,2023-01-25,London-01,Cables,4,15.53
7438,2023-05-29,London-01,Keyboard,3,90.01
7439,2023-10-09,London-01,Laptop,2,1195.75
7440,2023-10-01,Paris-05,Phone,2,771.77
7441,2023-09-02,NYC-02,Laptop,1,1314.98
7442,2023-11-07,Tokyo-04,Monitor,5,278.41
7443,2023-12-11,Paris-05,Laptop,7,1363.7
7444,2023-09-16,Berlin-03,Laptop,9,1133.5
7445,2023-09-08,Tokyo-04,TV,1,1343.94
7446,2023-10-05,Paris-05,Phone,8,880.68
7447,2023-08-31,Berlin-03,Laptop,4,1327.76
7448,2023-04-27,NYC-02,Mouse,8,23.65
7449,2023-02-09,London-01,TV,7,1426.41
7450,2023-01-03,London-01,Laptop,7,1024.63
7451,2023-06-10,NYC-02,TV,4,1595.74
7452,2023-07-13,NYC-02,Keyboard,6,93.54
7453,2023-02-13,Tokyo-04,Cables,6,16.91
7454,2023-03-13,London-01,TV,1,1355.85
7455,2023-06-21,Tokyo-04,Monitor,3,298.52
7456,2023-03-31,London-01,Monitor,8,337.96
7457,2023-04-29,London-01,Keyboard,8,93.0
7458,2023-05-10,Berlin-03,TV,1,1500.0
7459,2023-09-24,London-01,Monitor,5,328.81
7460,2023-01-25,Berlin-03,Monitor,6,344.84
7461,2023-05-28,Berlin-03,Laptop,2,1367.94
7462,2023-01-25,Tokyo-04,Monitor,4,335.79
7463,2023-03-28,London-01,Phone,7,866.43
7464,2023-01-15,Tokyo-04,Laptop,5,1025.45
7465,2023-04-17,Paris-05,Cables,2,12.76
7466,2023-07-23,London-01,Laptop,4,1190.25
7467,2023-02-22,London-01,TV,5,1322.16
7468,2023-06-11,Paris-05,TV,5,1520.25
7469,2023-12-29,Paris-05,Laptop,2,1147.84
7470,2023-03-03,Tokyo-04,Monitor,6,313.33
7471,2023-05-18,London-01,Monitor,8,341.03
7472,2023-08-05,Berlin-03,Laptop,9,1025.08
7473,2023-12-17,Tokyo-04,Cables,3,14.58
7474,2023-02-02,Paris-05,Phone,2,754.82
7475,2023-07-13,Berlin-03,Phone,8,856.8
7476,2023-04-01,Berlin-03,Cables,4,13.32
7477,2023-07-03,NYC-02,Mouse,9,21.29
7478,2023-02-14,Tokyo-04,Cables,6,13.66
7479,2023-12-26,Berlin-03,Laptop,5,1167.57
7480,2023-11-01,Tokyo-04,Laptop,8,1263.96
7481,2023-12-05,London-01,TV,3,1317.23
7482,2023-01-02,NYC-02,TV,1,1431.82
7483,2023-03-31,NYC-02,Cables,5,13.52
7484,2023-04-08,Berlin-03,Mouse,3,21.82
7485,2023-04-22,Tokyo-04,Keyboard,9,113.48
7486,2023-12-20,Berlin-03,Phone,1,0.0
7487,2023-08-02,London-01,Phone,6,829.54
7488,2023-06-12,Tokyo-04,Cables,2,14.59
7489,2023-09-28,UNKNOWN,Laptop,6,1349.93
7490,2023-06-10,NYC-02,Cables,6,13.48
7491,2023-08-08,Berlin-03,Cables,2,13.03
7492,2023-03-23,Tokyo-04,Monitor,7,334.94
7493,2023-03-27,London-01,Laptop,4,1307.19
7494,2023-06-05,Berlin-03,TV,2,1656.53
7495,2023-09-13,UNKNOWN,Laptop,1,1101.27
7496,2023-02-08,UNKNOWN,Laptop,4,1379.57
7497,2023-01-17,Berlin-03,Keyboard,9,110.46
7498,2023-03-15,Paris-05,Mouse,4,25.49
7499,2023-12-23,Tokyo-04,TV,5,1430.0
7500,2023-08-16,UNKNOWN,Cables,3,13.7
7501,2023-06-29,London-01,TV,8,1573.0
7502,2023-04-23,NYC-02,TV,1,1350.36
7503,2023-10-07,UNKNOWN,Mouse,1,24.02
7504,2023-09-25,Berlin-03,Keyboard,3,101.22
7505,2023-04-07,Paris-05,TV,2,1366.34
7506,2023-07-22,Berlin-03,Phone,4,885.45
7507,2023-04-16,Paris-05,Cables,7,16.38
7508,2023-02-06,NYC-02,Cables,9,16.36
7509,2023-10-15,Berlin-03,Mouse,6,27.42
7510,2023-05-30,London-01,TV,5,1473.97
7511,2023-12-03,Berlin-03,Monitor,7,269.67
7512,2023-11-18,Berlin-03,Laptop,5,0.0
7513,2023-05-21,Paris-05,Keyboard,4,112.3
7514,2023-12-15,NYC-02,Monitor,7,341.14
7515,2023-04-28,Paris-05,Keyboard,9,93.44
7516,2023-10-21,NYC-02,Phone,3,840.44
7517,2023-02-10,London-01,TV,4,1355.46
7518,2023-06-13,Tokyo-04,Monitor,3,276.34
7519,2023-08-16,NYC-02,Laptop,5,1187.91
7520,2023-04-07,Paris-05,Phone,7,776.71
7521,2023-07-30,NYC-02,Mouse,2,25.14
7522,2023-01-28,London-01,Monitor,5,287.54
7523,2023-05-10,Paris-05,TV,9,1565.69
7524,2023-01-19,NYC-02,Laptop,2,1356.9
7525,2023-05-11,London-01,Cables,9,15.63
7526,2023-07-13,Paris-05,Phone,9,736.33
7527,2023-02-16,Paris-05,Cables,3,13.13
7528,2023-10-21,Paris-05,Laptop,4,1061.5
7529,2023-03-25,Tokyo-04,Laptop,9,1101.04
7530,2023-03-07,Tokyo-04,Cables,4,16.5
7531,2023-12-27,NYC-02,Mouse,4,21.87
7532,2023-05-04,London-01,Cables,3,14.1
7533,2023-04-07,London-01,Phone,7,851.66
7534,2023-10-01,Paris-05,Mouse,8,26.99
7535,2023-03-17,Paris-05,Laptop,3,1169.04
7536,2023-01-08,Tokyo-04,Monitor,7,324.92
7537,2023-02-28,NYC-02,Cables,5,13.96
7538,2023-01-29,Paris-05,Mouse,9,22.07
7539,2023-07-12,NYC-02,Cables,4,15.58
7540,2023-06-17,NYC-02,Keyboard,2,91.43
7541,2023-01-13,NYC-02,Mouse,1,28.75
7542,2023-03-26,Berlin-03,Phone,8,724.72
7543,2023-06-13,Berlin-03,Monitor,4,330.09
7544,2023-03-16,NYC-02,Cables,2,14.16
7545,2023-06-09,Paris-05,Keyboard,9,94.09
7546,2023-11-13,Tokyo-04,Cables,4,15.68
7547,2023-11-15,Tokyo-04,Cables,9,14.79
7548,2023-03-25,NYC-02,Mouse,7,25.6
7549,2023-07-22,Tokyo-04,Phone,4,787.29
7550,2023-09-11,Tokyo-04,Keyboard,2,95.62
7551,2023-02-17,Berlin-03,TV,6,1556.93
7552,2023-10-18,Paris-05,Mouse,6,24.98
7553,2023-08-02,London-01,Monitor,7,273.54
7554,2023-09-24,Tokyo-04,Mouse,5,21.68
7555,2023-05-18,NYC-02,Mouse,7,0.0
7556,2023-11-20,NYC-02,Laptop,6,1303.16
7557,2023-11-14,Berlin-03,TV,9,1381.15
7558,2023-02-17,UNKNOWN,Mouse,3,23.0
7559,2023-11-10,Berlin-03,Phone,3,883.74
7560,2023-01-30,NYC-02,Phone,7,720.26
7561,2023-06-10,UNKNOWN,Keyboard,8,89.84
7562,2023-06-23,Tokyo-04,Monitor,8,287.32
7563,2023-10-18,Paris-05,Keyboard,8,94.6
7564,2023-12-09,Paris-05,Phone,1,882.46
7565,2023-02-04,London-01,TV,7,1595.93
7566,2023-11-15,Paris-05,Laptop,5,1287.28
7567,2023-10-21,Tokyo-04,TV,2,1493.97
7568,2023-11-30,NYC-02,TV,2,1513.3
7569,2023-12-21,Tokyo-04,TV,4,1400.84
7570,2023-05-03,Berlin-03,Phone,2,712.81
7571,2023-02-16,London-01,Laptop,9,1077.42
7572,2023-03-27,Paris-05,Mouse,1,26.9
7573,2023-06-29,NYC-02,Mouse,6,26.14
7574,2023-04-10,London-01,Keyboard,2,86.98
7575,2023-01-06,London-01,Phone,4,796.89
7576,2023-11-04,Berlin-03,Laptop,6,1061.49
7577,2023-05-09,Paris-05,Cables,1,15.35
7578,2023-11-09,Tokyo-04,Laptop,7,1335.51
7579,2023-09-02,Paris-05,Laptop,2,1244.03
7580,2023-05-04,Tokyo-04,Mouse,8,28.72
7581,2023-05-05,Berlin-03,Laptop,7,1057.7
7582,2023-01-08,Paris-05,Keyboard,4,89.72
7583,2023-02-27,Paris-05,Keyboard,4,110.85
7584,2023-02-28,Paris-05,Laptop,5,1160.14
7585,2023-05-26,Berlin-03,Laptop,5,1269.34
7586,2023-01-30,Berlin-03,Mouse,9,25.94
7587,2023-10-18,London-01,Phone,7,780.08
7588,2023-03-10,Tokyo-04,Mouse,6,27.2
7589,2023-06-11,Berlin-03,Keyboard,8,110.3
7590,2023-11-27,Berlin-03,Keyboard,3,0.0
7591,2023-06-21,Tokyo-04,Phone,7,779.63
7592,2023-10-04,Paris-05,Mouse,6,28.14
7593,2023-07-13,NYC-02,Laptop,6,1376.87
7594,2023-02-07,Berlin-03,Laptop,5,1199.75
7595,2023-04-19,Berlin-03,Laptop,6,1109.63
7596,2023-02-02,Berlin-03,Laptop,8,1093.38
7597,2023-08-04,Paris-05,Cables,8,16.5
7598,2023-10-30,Paris-05,Mouse,6,23.69
7599,2023-02-23,NYC-02,Mouse,7,21.4
7600,2023-08-08,Berlin-03,Laptop,6,1281.53
7601,2023-07-18,Berlin-03,TV,1,1313.15
7602,2023-07-17,Paris-05,Phone,2,858.34
7603,2023-12-04,London-01,Phone,6,743.94
7604,2023-08-22,Tokyo-04,Mouse,7,23.36
7605,2023-08-05,Tokyo-04,Mouse,2,24.24
7606,2023-03-20,Tokyo-04,TV,6,1371.76
7607,2023-12-23,Berlin-03,Cables,7,17.22
7608,2023-10-25,Berlin-03,TV,4,1349.45
7609,2023-10-25,Tokyo-04,Keyboard,8,92.08
7610,2023-04-22,Tokyo-04,Phone,1,799.32
7611,2023-10-19,London-01,Mouse,8,25.31
7612,2023-07-01,NYC-02,Keyboard,5,89.34
7613,2023-07-12,Tokyo-04,Monitor,3,319.93
7614,2023-11-11,Tokyo-04,Laptop,1,1328.92
7615,2023-12-06,London-01,Cables,4,16.66
7616,2023-08-11,NYC-02,Laptop,6,1264.44
7617,2023-03-04,London-01,Monitor,2,267.02
7618,2023-09-14,Paris-05,Keyboard,2,102.24
7619,2023-09-19,Berlin-03,Phone,6,716.12
7620,2023-08-20,Berlin-03,Monitor,8,321.44
7621,2023-03-18,Paris-05,Laptop,6,1225.23
7622,2023-09-06,London-01,Laptop,8,1109.64
7623,2023-10-04,London-01,Cables,1,14.36
7624,2023-06-27,Berlin-03,Cables,6,14.44
7625,2023-06-18,Berlin-03,Laptop,2,1358.24
7626,2023-10-16,Berlin-03,Monitor,6,315.91
7627,2023-08-10,NYC-02,Monitor,8,286.12
7628,2023-08-22,Tokyo-04,Cables,6,13.26
7629,2023-05-19,NYC-02,Mouse,3,27.81
7630,2023-03-24,Paris-05,Laptop,5,1117.32
7631,2023-11-08,London-01,Laptop,9,1142.42
7632,2023-12-01,Paris-05,Monitor,6,297.99
7633,2023-03-09,Tokyo-04,Cables,6,16.35
7634,2023-08-18,London-01,Keyboard,8,99.08
7635,2023-02-12,Paris-05,Monitor,3,289.98
7636,2023-09-12,Tokyo-04,Keyboard,8,101.97
7637,2023-07-05,NYC-02,Laptop,7,1087.86
7638,2023-05-05,London-01,TV,5,1658.71
7639,2023-07-25,Paris-05,Phone,2,791.35
7640,2023-11-01,NYC-02,Laptop,5,1183.93
7641,2023-01-19,NYC-02,Laptop,8,1335.27
7642,2023-11-03,Berlin-03,Phone,2,882.44
7643,2023-08-09,Tokyo-04,Laptop,1,1085.17
7644,2023-08-05,Paris-05,Keyboard,6,87.63
7645,2023-10-02,NYC-02,Monitor,9,336.51
7646,2023-12-10,Berlin-03,Monitor,6,304.06
7647,2023-12-15,Paris-05,Mouse,2,28.24
7648,2023-01-27,NYC-02,Laptop,5,1318.97
7649,2023-04-20,Tokyo-04,Phone,9,870.01
7650,2023-02-15,Berlin-03,Mouse,8,27.55
7651,2023-03-20,Paris-05,Keyboard,8,88.51
7652,2023-01-24,London-01,Cables,1,16.54
7653,2023-08-25,Paris-05,Laptop,1,1278.99
7654,2023-02-05,NYC-02,Mouse,8,22.72
7655,2023-07-10,Tokyo-04,Mouse,6,24.22
7656,2023-07-15,London-01,Cables,3,15.93
7657,2023-06-22,NYC-02,TV,3,1313.46
7658,2023-07-10,Berlin-03,Monitor,2,321.23
7659,2023-09-14,London-01,TV,3,1499.48
7660,2023-05-01,London-01,Mouse,4,24.7
7661,2023-05-25,Paris-05,Keyboard,5,109.34
7662,2023-10-22,Tokyo-04,Cables,2,14.35
7663,2023-11-16,Berlin-03,Phone,5,730.43
7664,2023-08-07,Tokyo-04,Cables,7,14.43
7665,2023-07-28,Tokyo-04,Mouse,8,22.81
7666,2023-12-22,Paris-05,Laptop,3,1165.7
7667,2023-06-05,Tokyo-04,TV,2,1357.97
7668,2023-07-20,NYC-02,Mouse,8,27.06
7669,2023-02-08,Paris-05,Phone,9,782.49
7670,2023-08-12,Tokyo-04,Keyboard,3,97.63
7671,2023-04-27,NYC-02,Monitor,3,290.02
7672,2023-03-04,Berlin-03,TV,9,1691.86
7673,2023-02-02,NYC-02,TV,9,1561.46
7674,2023-10-10,Berlin-03,Keyboard,5,101.53
7675,2023-09-04,UNKNOWN,Monitor,1,319.25
7676,2023-04-15,London-01,Mouse,8,23.78
7677,2023-09-08,London-01,Laptop,4,1045.71
7678,2023-04-09,NYC-02,Laptop,2,1162.04
7679,2023-08-23,NYC-02,Keyboard,3,100.03
7680,2023-12-20,Paris-05,Monitor,4,273.66
7681,2023-07-20,Paris-05,Laptop,3,1187.36
7682,2023-11-30,Paris-05,Phone,6,892.25
7683,2023-01-31,NYC-02,TV,4,1529.97
7684,2023-03-24,Tokyo-04,TV,6,1314.12
7685,2023-12-26,Paris-05,Cables,3,13.94
7686,2023-01-02,Tokyo-04,TV,8,1615.37
7687,2023-04-04,London-01,TV,3,1641.29
7688,2023-02-09,Paris-05,Monitor,4,267.39
7689,2023-06-27,London-01,Monitor,1,255.23
7690,2023-07-04,Tokyo-04,Phone,8,746.81
7691,2023-03-26,Tokyo-04,Mouse,3,24.21
7692,2023-02-27,NYC-02,Mouse,7,25.83
7693,2023-04-28,NYC-02,Monitor,7,312.26
7694,2023-02-04,Berlin-03,Phone,8,680.91
7695,2023-05-25,London-01,Phone,1,808.13
7696,2023-09-09,Paris-05,Monitor,2,308.8
7697,2023-02-13,NYC-02,Keyboard,8,108.26
7698,2023-07-19,NYC-02,Monitor,1,285.14
7699,2023-11-22,Berlin-03,Phone,3,754.19
7700,2023-06-09,NYC-02,Cables,1,16.83
7701,2023-12-06,Tokyo-04,Cables,7,17.13
7702,2023-12-21,Paris-05,Monitor,3,271.36
7703,2023-03-27,London-01,Keyboard,5,85.84
7704,2023-03-08,Tokyo-04,Mouse,3,23.41
7705,2023-11-14,Berlin-03,Cables,3,16.48
7706,2023-07-02,Tokyo-04,Phone,8,865.14
7707,2023-10-15,Tokyo-04,Monitor,4,300.56
7708,2023-09-04,Berlin-03,Cables,8,13.13
7709,2023-09-11,Paris-05,Mouse,2,24.79
7710,2023-08-17,Berlin-03,Cables,3,16.51
7711,2023-05-19,Berlin-03,Mouse,8,23.88
7712,2023-08-03,Tokyo-04,Cables,6,13.32
7713,2023-09-24,London-01,TV,8,1715.65
7714,2023-03-06,Paris-05,TV,9,1370.33
7715,2023-04-14,Berlin-03,TV,6,1410.02
7716,2023-07-25,NYC-02,Keyboard,2,106.47
7717,2023-06-05,Paris-05,Monitor,3,310.92
7718,2023-09-13,NYC-02,Mouse,8,22.28
7719,2023-01-13,NYC-02,Keyboard,1,98.46
7720,2023-03-28,Berlin-03,TV,5,1411.7
7721,2023-03-29,NYC-02,Cables,1,13.39
7722,2023-01-09,Tokyo-04,Mouse,2,24.53
7723,2023-03-07,NYC-02,Cables,2,15.55
7724,2023-04-09,Berlin-03,Cables,6,16.82
7725,2023-11-04,Tokyo-04,Monitor,6,322.81
7726,2023-03-03,Paris-05,Cables,1,15.12
7727,2023-05-09,Berlin-03,Cables,6,13.12
7728,2023-10-14,Paris-05,Cables,9,14.24
7729,2023-01-24,London-01,TV,1,1343.92
7730,2023-05-18,Tokyo-04,Laptop,6,1259.74
7731,2023-08-08,NYC-02,Phone,3,739.36
7732,2023-03-22,NYC-02,Cables,9,16.57
7733,2023-04-12,Tokyo-04,Mouse,8,27.13
7734,2023-07-04,Berlin-03,Mouse,6,22.11
7735,2023-02-07,Paris-05,Mouse,1,22.74
7736,2023-04-19,Paris-05,Mouse,8,21.69
7737,2023-08-25,London-01,Keyboard,1,100.32
7738,2023-12-30,Paris-05,Keyboard,5,0.0
7739,2023-06-30,Paris-05,Laptop,7,1223.75
7740,2023-11-25,Berlin-03,TV,1,1337.65
7741,2023-02-03,Tokyo-04,Keyboard,7,0.0
7742,2023-01-11,Paris-05,Monitor,7,256.73
7743,2023-07-15,UNKNOWN,Mouse,4,27.35
7744,2023-02-15,Berlin-03,Monitor,4,266.87
7745,2023-01-09,NYC-02,Monitor,5,262.26
7746,2023-10-08,Berlin-03,TV,5,1347.76
7747,2023-09-04,NYC-02,Mouse,9,25.33
7748,2023-07-05,Tokyo-04,Cables,4,15.41
7749,2023-08-06,NYC-02,Keyboard,1,108.04
7750,2023-04-14,Paris-05,Monitor,9,285.22
7751,2023-06-02,NYC-02,Mouse,8,26.51
7752,2023-06-24,NYC-02,TV,1,1408.32
7753,2023-02-27,Berlin-03,Keyboard,7,105.66
7754,2023-04-14,Tokyo-04,Monitor,7,331.32
7755,2023-11-23,NYC-02,Phone,4,796.85
7756,2023-06-14,Berlin-03,Laptop,5,1327.66
7757,2023-02-07,NYC-02,Monitor,8,258.24
7758,2023-09-30,NYC-02,Mouse,6,27.13
7759,2023-02-22,Paris-05,Cables,9,15.22
7760,2023-10-04,London-01,Keyboard,2,106.27
7761,2023-05-31,NYC-02,Keyboard,9,114.69
7762,2023-03-18,Paris-05,Phone,7,820.83
7763,2023-10-19,London-01,Monitor,6,326.49
7764,2023-07-08,Tokyo-04,Monitor,7,279.04
7765,2023-10-02,NYC-02,TV,6,1570.74
7766,2023-05-15,Paris-05,Cables,5,16.1
7767,2023-03-05,Berlin-03,TV,1,1684.92
7768,2023-03-21,Berlin-03,Keyboard,3,114.9
7769,2023-03-11,Berlin-03,Cables,5,16.58
7770,2023-05-02,London-01,Cables,4,14.85
7771,2023-04-20,Paris-05,TV,5,1417.32
7772,2023-11-26,NYC-02,Keyboard,1,98.44
7773,2023-07-01,Tokyo-04,Keyboard,3,112.98
7774,2023-05-12,Paris-05,Mouse,1,24.43
7775,2023-02-28,Paris-05,Keyboard,1,110.85
7776,2023-05-09,NYC-02,Laptop,9,1309.16
7777,2023-12-12,London-01,Laptop,5,1239.65
7778,2023-07-31,London-01,Keyboard,9,95.87
7779,2023-03-13,Tokyo-04,Cables,3,13.9
7780,2023-06-07,London-01,Laptop,3,1022.73
7781,2023-06-21,Paris-05,Cables,4,13.35
7782,2023-12-14,London-01,Keyboard,3,95.4
7783,2023-08-25,Berlin-03,Cables,1,13.67
7784,2023-06-03,Paris-05,Phone,9,748.09
7785,2023-10-01,Berlin-03,Mouse,2,21.55
7786,2023-08-12,Paris-05,TV,2,1532.05
7787,2023-07-09,Tokyo-04,Laptop,7,1150.45
7788,2023-07-24,Paris-05,Cables,4,14.9
7789,2023-06-26,Paris-05,Monitor,5,257.67
7790,2023-05-03,NYC-02,Laptop,7,1112.87
7791,2023-07-31,Berlin-03,TV,3,1346.18
7792,2023-05-29,NYC-02,Laptop,7,1295.25
7793,2023-01-05,London-01,Laptop,9,1021.12
7794,2023-12-19,NYC-02,Cables,8,15.51
7795,2023-11-18,Paris-05,Phone,2,850.02
7796,2023-08-15,Berlin-03,Cables,1,13.54
7797,2023-09-24,NYC-02,TV,4,1577.1
7798,2023-07-04,NYC-02,Phone,3,686.9
7799,2023-02-27,NYC-02,Laptop,9,1194.0
7800,2023-02-04,Paris-05,Mouse,2,25.13
7801,2023-02-21,London-01,Mouse,8,21.29
7802,2023-11-11,Paris-05,Mouse,9,25.82
7803,2023-08-05,Berlin-03,TV,4,1445.71
7804,2023-07-10,Paris-05,Monitor,4,267.38
7805,2023-04-17,Tokyo-04,Monitor,6,291.53
7806,2023-02-20,NYC-02,Keyboard,7,114.68
7807,2023-12-17,Berlin-03,Keyboard,3,111.76
7808,2023-03-14,NYC-02,Keyboard,4,111.05
7809,2023-08-29,Berlin-03,Mouse,7,21.85
7810,2023-06-17,Tokyo-04,TV,1,1431.02
7811,2023-12-28,Paris-05,TV,8,1437.07
7812,2023-11-27,Paris-05,Mouse,5,23.21
7813,2023-03-29,London-01,Mouse,8,27.06
7814,2023-12-16,NYC-02,Monitor,9,305.75
7815,2023-09-11,NYC-02,TV,4,1284.88
7816,2023-11-15,UNKNOWN,Phone,2,713.91
7817,2023-01-03,Paris-05,Mouse,4,25.62
7818,2023-01-30,NYC-02,Mouse,7,25.23
7819,2023-04-02,Paris-05,Phone,6,719.06
7820,2023-06-25,NYC-02,Cables,5,17.08
7821,2023-10-17,Berlin-03,Monitor,6,273.87
7822,2023-10-22,NYC-02,Mouse,1,23.08
7823,2023-03-17,Berlin-03,Phone,6,895.03
7824,2023-09-12,Tokyo-04,Monitor,9,293.67
7825,2023-11-03,Paris-05,Keyboard,2,86.22
7826,2023-07-03,London-01,Keyboard,3,114.47
7827,2023-12-17,Berlin-03,Cables,9,13.78
7828,2023-02-22,Tokyo-04,Mouse,1,25.84
7829,2023-07-02,London-01,Monitor,9,279.6
7830,2023-03-06,NYC-02,Cables,3,16.96
7831,2023-08-03,NYC-02,TV,8,1616.55
7832,2023-12-28,Berlin-03,Monitor,5,261.51
7833,2023-12-24,London-01,TV,1,1627.18
7834,2023-08-20,Tokyo-04,TV,4,1576.98
7835,2023-07-31,Paris-05,TV,4,1639.16
7836,2023-03-02,London-01,TV,6,1616.56
7837,2023-04-10,London-01,TV,6,1472.07
7838,2023-03-17,NYC-02,Phone,4,843.49
7839,2023-05-09,NYC-02,Keyboard,4,97.74
7840,2023-06-06,Tokyo-04,TV,2,1421.47
7841,2023-02-17,Paris-05,Laptop,8,1186.44
7842,2023-05-15,Tokyo-04,Keyboard,9,92.37
7843,2023-01-06,London-01,TV,4,1442.78
7844,2023-09-22,NYC-02,Monitor,4,341.82
7845,2023-08-08,Paris-05,Phone,1,795.54
7846,2023-05-26,NYC-02,Phone,5,863.61
7847,2023-11-02,Paris-05,Keyboard,1,93.17
7848,2023-03-02,Paris-05,Laptop,2,1220.03
7849,2023-09-19,Berlin-03,TV,4,1710.38
7850,2023-08-19,Berlin-03,Monitor,3,313.16
7851,2023-12-13,London-01,Laptop,4,1031.81
7852,2023-06-09,Paris-05,Monitor,1,284.06
7853,2023-09-23,London-01,Phone,8,898.08
7854,2023-07-22,Paris-05,Laptop,6,1087.34
7855,2023-08-22,NYC-02,Mouse,1,28.62
7856,2023-11-08,NYC-02,Keyboard,6,113.43
7857,2023-04-29,London-01,TV,9,1714.48
7858,2023-05-20,Tokyo-04,Phone,1,809.46
7859,2023-01-09,Tokyo-04,TV,4,1586.31
7860,2023-10-28,London-01,TV,4,1593.03
7861,2023-11-07,Paris-05,Laptop,5,1033.78
7862,2023-12-13,London-01,Laptop,9,1067.89
7863,2023-05-05,NYC-02,Mouse,1,23.45
7864,2023-06-21,London-01,Cables,3,17.1
7865,2023-05-19,London-01,Cables,9,15.5
7866,2023-08-03,Tokyo-04,Phone,2,708.77
7867,2023-03-15,Paris-05,Monitor,9,298.6
7868,2023-08-31,Tokyo-04,Mouse,7,25.8
7869,2023-02-01,Paris-05,Keyboard,1,91.95
7870,2023-05-27,Tokyo-04,Phone,2,690.63
7871,2023-08-07,Berlin-03,Laptop,7,1062.2
7872,2023-12-18,London-01,TV,6,1542.03
7873,2023-03-17,Berlin-03,Mouse,6,21.66
7874,2023-06-24,Tokyo-04,Monitor,2,286.33
7875,2023-05-22,Berlin-03,Cables,3,15.58
7876,2023-05-01,Paris-05,Phone,3,689.9
7877,2023-08-24,NYC-02,Mouse,9,27.0
7878,2023-12-23,Berlin-03,TV,9,1662.27
7879,2023-10-16,Berlin-03,Mouse,3,25.19
7880,2023-10-17,Tokyo-04,Cables,6,13.91
7881,2023-12-30,Berlin-03,Mouse,2,28.06
7882,2023-05-18,Paris-05,Laptop,3,1088.46
7883,2023-04-17,London-01,Monitor,2,302.34
7884,2023-11-17,NYC-02,Mouse,9,23.34
7885,2023-09-20,London-01,TV,9,1603.23
7886,2023-02-04,NYC-02,Phone,9,687.25
7887,2023-09-18,Tokyo-04,Cables,8,13.66
7888,2023-07-20,Berlin-03,Keyboard,4,98.22
7889,2023-06-07,Paris-05,Keyboard,5,102.46
7890,2023-12-15,Tokyo-04,TV,2,1503.89
7891,2023-08-21,Berlin-03,Cables,1,13.3
7892,2023-08-26,London-01,Keyboard,2,101.61
7893,2023-09-27,Tokyo-04,Monitor,3,284.4
7894,2023-01-12,Paris-05,Monitor,9,304.51
7895,2023-11-30,London-01,Phone,1,773.83
7896,2023-01-15,UNKNOWN,Mouse,9,26.07
7897,2023-11-19,Paris-05,Monitor,5,342.22
7898,2023-11-24,Paris-05,Keyboard,5,93.25
7899,2023-07-17,Berlin-03,Cables,5,14.23
7900,2023-01-08,Paris-05,Laptop,1,1294.45
7901,2023-07-27,London-01,Phone,9,769.43
7902,2023-11-08,Tokyo-04,Monitor,2,313.43
7903,2023-08-01,Paris-05,Monitor,1,268.31
7904,2023-08-25,NYC-02,Monitor,4,275.54
7905,2023-10-08,NYC-02,Laptop,7,1025.53
7906,2023-03-20,London-01,Monitor,9,330.8
7907,2023-08-13,London-01,Keyboard,5,111.35
7908,2023-08-24,Paris-05,Monitor,8,291.35
7909,2023-01-21,Berlin-03,Monitor,6,312.31
7910,2023-02-12,London-01,Laptop,6,1172.17
7911,2023-10-04,Tokyo-04,Mouse,4,22.51
7912,2023-05-08,NYC-02,Monitor,8,340.66
7913,2023-09-02,NYC-02,Cables,6,16.34
7914,2023-05-02,Berlin-03,Mouse,4,22.19
7915,2023-08-31,Paris-05,TV,3,1312.23
7916,2023-08-16,London-01,TV,7,1372.04
7917,2023-08-11,NYC-02,Monitor,6,315.72
7918,2023-01-11,Berlin-03,TV,6,1697.85
7919,2023-04-30,Tokyo-04,Keyboard,2,113.59
7920,2023-08-26,London-01,Monitor,4,311.81
7921,2023-11-16,Berlin-03,Keyboard,6,104.32
7922,2023-12-06,NYC-02,Mouse,7,27.25
7923,2023-10-25,NYC-02,Keyboard,5,85.83
7924,2023-09-29,Paris-05,Keyboard,6,108.91
7925,2023-02-24,Tokyo-04,TV,7,1479.02
7926,2023-02-24,NYC-02,Keyboard,2,93.55
7927,2023-07-20,NYC-02,Monitor,9,337.37
7928,2023-07-04,Tokyo-04,Cables,5,13.64
7929,2023-03-02,London-01,TV,5,1431.37
7930,2023-02-13,NYC-02,Cables,9,16.22
7931,2023-05-06,London-01,Laptop,6,1027.0
7932,2023-01-07,Berlin-03,TV,4,1558.24
7933,2023-12-01,NYC-02,Monitor,2,309.93
7934,2023-06-03,NYC-02,Monitor,5,269.01
7935,2023-01-09,Tokyo-04,Monitor,2,301.51
7936,2023-08-06,London-01,TV,4,1650.4
7937,2023-10-23,London-01,Phone,9,810.53
7938,2023-11-10,Berlin-03,Phone,9,895.28
7939,2023-10-16,NYC-02,Laptop,3,1247.88
7940,2023-11-22,Tokyo-04,Laptop,2,1040.43
7941,2023-06-23,London-01,Mouse,2,25.73
7942,2023-08-29,London-01,Mouse,9,22.08
7943,2023-04-07,London-01,Laptop,3,1092.47
7944,2023-01-14,Berlin-03,TV,8,1654.22
7945,2023-05-04,Paris-05,Laptop,4,1297.83
7946,2023-01-26,Paris-05,TV,1,1500.48
7947,2023-07-07,Paris-05,Keyboard,2,89.5
7948,2023-02-11,Tokyo-04,Cables,6,13.98
7949,2023-06-07,Berlin-03,Mouse,1,23.64
7950,2023-01-19,Paris-05,Keyboard,3,90.76
7951,2023-12-28,London-01,Mouse,3,27.89
7952,2023-03-11,Tokyo-04,Laptop,2,1257.75
7953,2023-11-06,Berlin-03,Keyboard,4,101.35
7954,2023-05-10,UNKNOWN,Laptop,9,1118.73
7955,2023-07-22,NYC-02,Mouse,9,27.52
7956,2023-07-15,NYC-02,Cables,3,15.18
7957,2023-03-15,London-01,Laptop,5,1156.66
7958,2023-02-27,Berlin-03,Monitor,1,262.1
7959,2023-12-13,Berlin-03,Mouse,2,25.11
7960,2023-03-13,Paris-05,Keyboard,3,113.38
7961,2023-11-16,NYC-02,Cables,1,14.46
7962,2023-06-03,Paris-05,Phone,6,780.6
7963,2023-05-30,NYC-02,Mouse,7,24.61
7964,2023-08-28,Paris-05,Cables,2,16.67
7965,2023-09-21,London-01,Keyboard,2,114.53
7966,2023-02-08,London-01,Mouse,1,27.56
7967,2023-12-26,London-01,Monitor,3,318.31
7968,2023-04-15,NYC-02,Monitor,7,269.72
7969,2023-07-07,Berlin-03,Monitor,2,259.76
7970,2023-11-23,Paris-05,Phone,4,824.84
7971,2023-11-15,NYC-02,Keyboard,8,91.57
7972,2023-08-19,Paris-05,Keyboard,2,93.41
7973,2023-06-24,Paris-05,TV,6,1714.34
7974,2023-10-26,Paris-05,Laptop,6,1285.65
7975,2023-01-26,Tokyo-04,Keyboard,5,111.11
7976,2023-09-27,NYC-02,Phone,8,744.85
7977,2023-01-15,London-01,Phone,8,874.79
7978,2023-02-04,Tokyo-04,Laptop,2,1323.55
7979,2023-10-27,London-01,Laptop,6,1350.14
7980,2023-07-20,NYC-02,Laptop,6,1315.96
7981,2023-10-26,London-01,Phone,5,791.81
7982,2023-05-31,London-01,Cables,8,14.3
7983,2023-01-01,Tokyo-04,Keyboard,8,96.07
7984,2023-09-24,NYC-02,Mouse,5,25.64
7985,2023-02-16,Tokyo-04,Cables,5,15.44
7986,2023-05-12,Berlin-03,TV,5,1569.02
7987,2023-02-07,Tokyo-04,Monitor,3,299.78
7988,2023-02-13,Paris-05,Cables,8,14.17
7989,2023-07-20,Paris-05,Cables,6,16.01
7990,2023-05-14,London-01,Laptop,3,1291.74
7991,2023-03-24,Paris-05,Keyboard,4,94.2
7992,2023-10-26,Paris-05,Keyboard,7,95.78
7993,2023-11-23,Paris-05,Cables,3,17.21
7994,2023-09-07,Tokyo-04,Laptop,7,1158.06
7995,2023-11-08,NYC-02,Laptop,6,1372.1
7996,2023-01-27,Berlin-03,Keyboard,4,101.9
7997,2023-10-10,Paris-05,Laptop,3,1262.99
7998,2023-07-10,Tokyo-04,Phone,5,798.86
7999,2023-07-18,Paris-05,Cables,8,13.6
8000,2023-12-07,Paris-05,Keyboard,9,89.6
8001,2023-08-29,Tokyo-04,Laptop,1,1114.58
8002,2023-08-10,Tokyo-04,Phone,4,847.14
8003,2023-12-23,Paris-05,Cables,7,13.52
8004,2023-08-13,London-01,Laptop,8,1347.36
8005,2023-04-21,Tokyo-04,Mouse,4,24.19
8006,2023-10-01,Tokyo-04,TV,8,1362.05
8007,2023-03-05,Berlin-03,Mouse,4,24.99
8008,2023-07-14,Berlin-03,TV,1,1694.82
8009,2023-01-24,Tokyo-04,Mouse,5,21.54
8010,2023-05-26,Tokyo-04,Phone,2,871.67
8011,2023-07-19,Berlin-03,TV,5,1416.44
8012,2023-05-27,London-01,Laptop,9,1205.99
8013,2023-06-01,Paris-05,Laptop,4,1339.14
8014,2023-07-29,London-01,TV,4,1637.14
8015,2023-06-05,Paris-05,TV,4,1531.66
8016,2023-12-15,Berlin-03,TV,9,1491.2
8017,2023-06-25,NYC-02,Phone,3,895.13
8018,2023-10-13,London-01,TV,3,1467.76
8019,2023-11-05,London-01,Keyboard,4,106.12
8020,2023-05-20,London-01,TV,1,1589.17
8021,2023-07-27,Berlin-03,Mouse,4,28.12
8022,2023-02-25,Paris-05,Monitor,8,278.99
8023,2023-03-05,Berlin-03,Mouse,4,23.5
8024,2023-09-05,Paris-05,Cables,4,14.55
8025,2023-10-19,Tokyo-04,Mouse,8,25.97
8026,2023-07-17,Tokyo-04,TV,3,1668.69
8027,2023-11-05,NYC-02,TV,4,1358.25
8028,2023-07-05,London-01,Monitor,9,265.7
8029,2023-10-07,Berlin-03,Laptop,7,1246.49
8030,2023-12-08,Paris-05,Laptop,6,1175.7
8031,2023-08-01,NYC-02,Phone,5,850.48
8032,2023-10-18,NYC-02,Mouse,3,25.14
8033,2023-06-11,Paris-05,Cables,1,15.24
8034,2023-05-09,Tokyo-04,Monitor,2,267.53
8035,2023-08-07,NYC-02,Mouse,5,25.93
8036,2023-08-01,Tokyo-04,Phone,2,856.55
8037,2023-04-17,Tokyo-04,TV,5,1432.98
8038,2023-08-28,Berlin-03,TV,4,1503.74
8039,2023-09-09,London-01,TV,1,1575.82
8040,2023-01-29,NYC-02,Mouse,7,24.83
8041,2023-11-09,Paris-05,Mouse,4,27.2
8042,2023-05-30,London-01,Mouse,8,23.2
8043,2023-06-14,NYC-02,Laptop,9,1285.8
8044,2023-03-06,Berlin-03,Monitor,8,339.34
8045,2023-09-20,Tokyo-04,Keyboard,7,113.83
8046,2023-01-04,Tokyo-04,Laptop,6,1330.81
8047,2023-08-31,Tokyo-04,Cables,6,13.69
8048,2023-10-02,Berlin-03,Cables,7,14.48
8049,2023-04-03,Berlin-03,Laptop,7,1027.83
8050,2023-02-16,Berlin-03,TV,3,1502.64
8051,2023-11-17,Paris-05,Laptop,9,1364.68
8052,2023-03-07,NYC-02,Monitor,4,319.6
8053,2023-10-03,London-01,Monitor,1,275.59
8054,2023-08-31,NYC-02,Laptop,5,1362.37
8055,2023-02-26,NYC-02,Laptop,9,1291.27
8056,2023-06-12,London-01,TV,2,1696.03
8057,2023-05-24,Berlin-03,Cables,9,14.84
8058,2023-01-13,London-01,Monitor,8,318.58
8059,2023-06-27,Paris-05,Mouse,6,27.37
8060,2023-07-17,NYC-02,Keyboard,4,114.75
8061,2023-10-12,NYC-02,Monitor,6,333.33
8062,2023-07-28,Berlin-03,Keyboard,7,97.35
8063,2023-11-07,Berlin-03,Cables,5,16.59
8064,2023-03-27,Berlin-03,Mouse,5,21.77
8065,2023-07-30,London-01,Laptop,3,1170.4
8066,2023-04-16,London-01,Laptop,5,1219.23
8067,2023-03-12,Paris-05,Cables,5,14.99
8068,2023-11-27,Berlin-03,Laptop,4,1027.17
8069,2023-02-06,NYC-02,Monitor,9,271.8
8070,2023-01-31,Paris-05,Laptop,1,1308.06
8071,2023-01-26,London-01,Mouse,9,25.48
8072,2023-08-28,Berlin-03,Mouse,8,22.85
8073,2023-03-17,Paris-05,Mouse,9,26.74
8074,2023-04-08,Paris-05,Laptop,1,1066.57
8075,2023-12-12,Tokyo-04,Phone,9,787.69
8076,2023-11-20,NYC-02,Keyboard,9,92.38
8077,2023-12-23,Tokyo-04,Laptop,4,1266.46
8078,2023-12-21,London-01,TV,9,1340.12
8079,2023-02-26,Berlin-03,Keyboard,7,104.22
8080,2023-08-17,Paris-05,Cables,3,13.25
8081,2023-12-21,NYC-02,Cables,4,13.66
8082,2023-03-31,NYC-02,Monitor,6,274.59
8083,2023-06-08,NYC-02,Laptop,4,1067.39
8084,2023-02-15,NYC-02,Keyboard,7,112.94
8085,2023-02-26,Berlin-03,Keyboard,4,113.74
8086,2023-02-19,London-01,Cables,8,13.6
8087,2023-04-17,NYC-02,TV,8,1441.47
8088,2023-03-05,Berlin-03,TV,5,1682.31
8089,2023-03-27,NYC-02,TV,9,1566.93
8090,2023-04-15,London-01,Monitor,5,313.13
8091,2023-03-14,NYC-02,Keyboard,7,92.38
8092,2023-04-08,London-01,Phone,1,760.21
8093,2023-10-04,NYC-02,TV,4,1462.12
8094,2023-06-08,NYC-02,Laptop,4,1334.37
8095,2023-06-10,Paris-05,Laptop,2,1358.32
8096,2023-06-23,Tokyo-04,Phone,1,901.73
8097,2023-02-22,NYC-02,Phone,6,899.44
8098,2023-02-18,Berlin-03,Mouse,4,24.37
8099,2023-07-15,Berlin-03,Phone,9,718.19
8100,2023-08-12,Tokyo-04,Monitor,8,274.62
8101,2023-01-31,NYC-02,Cables,8,15.99
8102,2023-02-04,Paris-05,Mouse,8,28.05
8103,2023-12-11,NYC-02,Mouse,7,25.36
8104,2023-10-08,NYC-02,Monitor,9,288.3
8105,2023-06-10,Berlin-03,Laptop,2,1167.7
8106,2023-08-06,Berlin-03,TV,3,1550.5
8107,2023-08-06,Paris-05,TV,9,1291.05
8108,2023-12-11,Berlin-03,Keyboard,5,90.21
8109,2023-05-23,Paris-05,Laptop,9,1198.16
8110,2023-11-01,Paris-05,Cables,6,13.52
8111,2023-10-15,Paris-05,Laptop,8,1246.75
8112,2023-05-04,London-01,Laptop,6,1366.94
8113,2023-09-01,Paris-05,Laptop,7,1249.99
8114,2023-06-17,London-01,Keyboard,6,113.36
8115,2023-11-20,London-01,Laptop,5,1136.14
8116,2023-01-05,Berlin-03,Phone,7,845.99
8117,2023-02-11,London-01,TV,2,1465.97
8118,2023-11-22,Berlin-03,Monitor,2,288.48
8119,2023-09-10,Paris-05,Mouse,8,27.31
8120,2023-10-29,Tokyo-04,TV,8,1522.02
8121,2023-04-12,Berlin-03,Mouse,3,26.95
8122,2023-07-18,Berlin-03,Monitor,9,343.65
8123,2023-11-30,London-01,Monitor,4,337.87
8124,2023-09-21,Paris-05,Laptop,7,1198.02
8125,2023-11-04,Paris-05,Laptop,2,1107.12
8126,2023-11-13,London-01,Phone,8,853.78
8127,2023-06-16,Paris-05,Keyboard,8,109.2
8128,2023-09-04,Berlin-03,Mouse,8,24.69
8129,2023-10-19,Berlin-03,TV,8,1332.18
8130,2023-06-05,London-01,TV,3,1287.58
8131,2023-12-09,Berlin-03,Cables,6,13.51
8132,2023-12-22,London-01,Mouse,4,22.8
8133,2023-11-01,Tokyo-04,Monitor,4,341.39
8134,2023-10-03,Tokyo-04,TV,4,1514.42
8135,2023-12-14,UNKNOWN,Cables,7,16.87
8136,2023-06-02,NYC-02,TV,5,1719.87
8137,2023-01-23,Paris-05,Keyboard,3,114.41
8138,2023-11-11,Tokyo-04,Phone,5,740.49
8139,2023-03-17,London-01,Phone,8,747.8
8140,2023-08-28,Berlin-03,Keyboard,4,114.35
8141,2023-08-27,NYC-02,Cables,6,13.57
8142,2023-01-18,Berlin-03,Monitor,7,298.25
8143,2023-10-26,London-01,Monitor,9,296.5
8144,2023-12-12,NYC-02,TV,6,1372.41
8145,2023-05-22,Tokyo-04,Phone,3,809.18
8146,2023-01-31,NYC-02,Phone,4,903.48
8147,2023-12-16,London-01,Cables,7,13.67
8148,2023-08-13,Tokyo-04,TV,8,1344.66
8149,2023-09-22,Tokyo-04,Mouse,6,25.43
8150,2023-02-25,Paris-05,TV,2,1635.33
8151,2023-12-09,Berlin-03,Monitor,6,335.4
8152,2023-06-20,Paris-05,Laptop,7,1107.5
8153,2023-03-24,Tokyo-04,Cables,7,15.46
8154,2023-03-13,UNKNOWN,Cables,9,14.33
8155,2023-09-13,NYC-02,Phone,5,841.7
8156,2023-05-01,NYC-02,TV,9,1296.24
8157,2023-09-10,Paris-05,Laptop,3,1344.32
8158,2023-10-30,London-01,Monitor,7,270.34
8159,2023-02-06,Berlin-03,Phone,9,790.57
8160,2023-01-13,Berlin-03,Phone,4,862.49
8161,2023-07-21,Tokyo-04,Laptop,6,1348.71
8162,2023-12-23,Berlin-03,Mouse,2,23.38
8163,2023-08-04,Tokyo-04,Phone,1,875.78
8164,2023-09-13,NYC-02,Mouse,5,28.49
8165,2023-03-17,Tokyo-04,Cables,7,13.79
8166,2023-07-13,Paris-05,Mouse,3,21.57
8167,2023-05-02,Berlin-03,Monitor,5,275.4
8168,2023-08-02,London-01,Laptop,9,1192.07
8169,2023-01-30,NYC-02,Monitor,6,327.44
8170,2023-12-19,London-01,Mouse,1,27.86
8171,2023-05-19,London-01,Keyboard,1,107.0
8172,2023-04-19,London-01,Phone,2,745.26
8173,2023-05-15,London-01,Mouse,4,25.49
8174,2023-12-27,Tokyo-04,Phone,6,742.31
8175,2023-01-22,NYC-02,Phone,1,746.96
8176,2023-01-15,Paris-05,Mouse,2,25.33
8177,2023-07-22,Paris-05,Keyboard,3,109.39
8178,2023-12-23,Tokyo-04,Cables,3,16.32
8179,2023-12-27,Berlin-03,Mouse,2,21.47
8180,2023-11-28,Tokyo-04,Phone,1,735.49
8181,2023-07-01,Paris-05,Laptop,1,1055.34
8182,2023-04-09,Paris-05,Keyboard,6,104.59
8183,2023-03-15,Tokyo-04,Mouse,9,26.59
8184,2023-12-04,Tokyo-04,Mouse,6,25.24
8185,2023-12-22,Paris-05,Mouse,9,27.34
8186,2023-09-07,Tokyo-04,Cables,4,15.54
8187,2023-10-18,NYC-02,Keyboard,6,97.61
8188,2023-02-10,London-01,Monitor,7,338.58
8189,2023-09-26,Paris-05,Cables,3,15.46
8190,2023-12-13,Berlin-03,Monitor,1,274.55
8191,2023-08-08,NYC-02,Mouse,1,22.31
8192,2023-05-27,London-01,TV,6,1509.42
8193,2023-08-08,Paris-05,TV,5,1392.15
8194,2023-11-03,Berlin-03,Keyboard,5,105.65
8195,2023-08-16,Berlin-03,Mouse,8,25.83
8196,2023-12-27,Berlin-03,Laptop,3,1243.26
8197,2023-07-10,Tokyo-04,TV,6,1385.23
8198,2023-06-27,London-01,Cables,5,13.68
8199,2023-01-05,NYC-02,TV,3,1689.98
8200,2023-04-05,Tokyo-04,Phone,9,865.42
8201,2023-07-02,NYC-02,Phone,5,889.63
8202,2023-09-20,Tokyo-04,Monitor,9,271.64
8203,2023-11-27,Berlin-03,Monitor,9,324.34
8204,2023-06-08,Paris-05,Monitor,9,329.23
8205,2023-02-01,London-01,Cables,2,12.82
8206,2023-02-13,Paris-05,Monitor,8,282.63
8207,2023-04-28,Paris-05,TV,5,1674.62
8208,2023-02-07,NYC-02,Mouse,6,25.4
8209,2023-11-12,Tokyo-04,TV,8,1503.04
8210,2023-11-05,Tokyo-04,Phone,2,904.94
8211,2023-11-13,NYC-02,Cables,7,14.65
8212,2023-04-24,Tokyo-04,Laptop,8,1154.69
8213,2023-04-14,Berlin-03,Keyboard,5,87.27
8214,2023-02-12,NYC-02,TV,3,1522.16
8215,2023-12-23,London-01,Mouse,6,25.57
8216,2023-10-12,London-01,Laptop,8,1150.1
8217,2023-12-28,UNKNOWN,TV,4,1595.07
8218,2023-12-06,Tokyo-04,Phone,1,856.79
8219,2023-06-24,Paris-05,Cables,6,15.64
8220,2023-08-02,Berlin-03,Monitor,5,256.16
8221,2023-09-26,Tokyo-04,Mouse,5,25.38
8222,2023-06-18,Berlin-03,Phone,8,697.26
8223,2023-05-23,Berlin-03,Phone,4,740.13
8224,2023-06-09,Berlin-03,Mouse,5,25.17
8225,2023-01-21,Berlin-03,Phone,8,845.32
8226,2023-06-07,Tokyo-04,Laptop,4,0.0
8227,2023-04-10,Berlin-03,Cables,8,14.55
8228,2023-07-02,Tokyo-04,Keyboard,9,92.48
8229,2023-10-12,NYC-02,Cables,4,16.23
8230,2023-05-13,London-01,Monitor,9,330.74
8231,2023-09-21,Berlin-03,Cables,1,14.02
8232,2023-09-27,London-01,Phone,2,735.53
8233,2023-05-15,UNKNOWN,Phone,3,776.66
8234,2023-10-18,Berlin-03,Cables,5,16.5
8235,2023-01-16,Paris-05,Cables,5,15.05
8236,2023-04-08,NYC-02,TV,6,1549.1
8237,2023-03-31,Paris-05,Monitor,8,335.98
8238,2023-05-12,Tokyo-04,Keyboard,7,107.83
8239,2023-08-01,London-01,Monitor,4,260.78
8240,2023-01-23,Berlin-03,Monitor,5,308.43
8241,2023-03-28,London-01,TV,5,1420.41
8242,2023-02-13,Berlin-03,Phone,9,901.63
8243,2023-09-15,NYC-02,Monitor,9,303.84
8244,2023-05-30,NYC-02,Monitor,8,279.32
8245,2023-03-06,London-01,Laptop,8,1261.68
8246,2023-11-26,NYC-02,Laptop,4,1346.49
8247,2023-02-25,London-01,Cables,9,15.91
8248,2023-01-11,London-01,Phone,8,884.34
8249,2023-04-15,Tokyo-04,Phone,2,793.37
8250,2023-01-12,Tokyo-04,TV,8,1624.47
8251,2023-11-21,London-01,Laptop,8,1326.37
8252,2023-03-07,Tokyo-04,Cables,5,15.09
8253,2023-05-16,Tokyo-04,TV,3,1441.73
8254,2023-04-17,Berlin-03,Monitor,9,328.91
8255,2023-07-29,London-01,Cables,1,13.58
8256,2023-04-09,London-01,Monitor,8,332.6
8257,2023-03-21,Tokyo-04,Mouse,1,24.53
8258,2023-01-25,Berlin-03,Monitor,7,270.46
8259,2023-05-22,London-01,Monitor,1,333.85
8260,2023-09-16,London-01,Phone,6,867.46
8261,2023-10-01,London-01,TV,2,1582.46
8262,2023-08-01,Paris-05,Cables,6,16.73
8263,2023-10-25,NYC-02,Keyboard,8,113.56
8264,2023-12-06,NYC-02,Keyboard,7,100.84
8265,2023-11-29,Berlin-03,Laptop,5,1204.89
8266,2023-12-24,Tokyo-04,TV,7,1589.0
8267,2023-02-24,London-01,Monitor,2,332.14
8268,2023-06-23,Paris-05,Laptop,4,1158.19
8269,2023-03-26,NYC-02,Phone,5,749.18
8270,2023-07-29,NYC-02,Mouse,9,28.29
8271,2023-05-22,Berlin-03,Mouse,5,24.96
8272,2023-11-08,NYC-02,Cables,8,13.64
8273,2023-11-28,London-01,TV,9,1567.2
8274,2023-09-22,Tokyo-04,Laptop,5,1074.95
8275,2023-07-15,Berlin-03,Mouse,3,0.0
8276,2023-12-05,NYC-02,Phone,6,821.38
8277,2023-01-08,UNKNOWN,Cables,6,16.14
8278,2023-05-19,Berlin-03,Keyboard,1,90.52
8279,2023-01-20,London-01,Laptop,7,1327.86
8280,2023-12-09,NYC-02,Phone,3,759.0
8281,2023-02-26,Paris-05,Monitor,1,311.56
8282,2023-10-24,Tokyo-04,Mouse,7,21.47
8283,2023-04-22,London-01,Laptop,3,1302.45
8284,2023-02-04,London-01,Mouse,4,24.59
8285,2023-05-08,Paris-05,Laptop,3,1086.45
8286,2023-03-17,Tokyo-04,Mouse,7,23.29
8287,2023-04-02,Tokyo-04,Laptop,3,1143.75
8288,2023-01-31,Tokyo-04,Cables,9,13.08
8289,2023-01-03,Berlin-03,Monitor,6,284.2
8290,2023-12-23,Paris-05,Laptop,2,1240.77
8291,2023-03-25,London-01,Keyboard,4,86.53
8292,2023-05-08,London-01,Monitor,6,263.08
8293,2023-03-18,Berlin-03,Cables,1,15.75
8294,2023-11-30,NYC-02,Phone,5,840.07
8295,2023-06-28,London-01,Keyboard,9,101.93
8296,2023-06-08,Berlin-03,TV,8,1550.59
8297,2023-07-02,Berlin-03,Cables,2,15.79
8298,2023-09-07,Berlin-03,Keyboard,7,98.85
8299,2023-03-25,NYC-02,Monitor,9,263.4
8300,2023-12-22,London-01,Laptop,5,1342.9
8301,2023-07-02,Tokyo-04,Mouse,4,28.27
8302,2023-03-22,Paris-05,Monitor,9,256.19
8303,2023-07-04,Paris-05,Laptop,9,1261.5
8304,2023-12-24,Paris-05,Mouse,9,26.77
8305,2023-09-03,Paris-05,Phone,2,750.91
8306,2023-08-05,Paris-05,Cables,8,14.51
8307,2023-10-28,Paris-05,Monitor,1,318.86
8308,2023-10-12,Tokyo-04,Keyboard,8,86.31
8309,2023-04-22,NYC-02,Monitor,1,267.09
8310,2023-04-17,Paris-05,Phone,5,765.96
8311,2023-12-31,Tokyo-04,Cables,5,16.84
8312,2023-11-27,Tokyo-04,Phone,2,811.44
8313,2023-06-01,Berlin-03,Mouse,9,23.92
8314,2023-01-15,London-01,Laptop,4,1140.06
8315,2023-01-27,NYC-02,Mouse,2,22.47
8316,2023-03-02,NYC-02,Monitor,8,334.08
8317,2023-05-20,Berlin-03,Keyboard,2,95.14
8318,2023-06-17,London-01,Monitor,7,276.07
8319,2023-01-07,Berlin-03,Mouse,4,23.66
8320,2023-04-18,Berlin-03,Cables,1,15.06
8321,2023-08-14,Berlin-03,TV,8,1364.64
8322,2023-09-08,Tokyo-04,TV,3,1369.16
8323,2023-04-25,Berlin-03,Mouse,6,25.51
8324,2023-02-13,Paris-05,Monitor,6,302.99
8325,2023-11-12,Paris-05,Keyboard,3,86.96
8326,2023-04-07,Berlin-03,Monitor,3,334.87
8327,2023-10-21,NYC-02,Phone,9,905.26
8328,2023-04-09,Tokyo-04,Laptop,8,1082.0
8329,2023-01-13,Tokyo-04,Phone,9,765.47
8330,2023-09-11,Berlin-03,Phone,9,699.3
8331,2023-04-17,London-01,Mouse,3,27.3
8332,2023-01-25,London-01,TV,5,1577.31
8333,2023-02-13,Paris-05,Laptop,6,1084.91
8334,2023-09-10,Paris-05,Monitor,3,335.96
8335,2023-06-08,NYC-02,Phone,9,685.55
8336,2023-03-08,Tokyo-04,Cables,9,14.33
8337,2023-09-13,NYC-02,Keyboard,4,101.22
8338,2023-12-19,Berlin-03,TV,3,1366.78
8339,2023-05-07,London-01,Monitor,9,303.36
8340,2023-11-26,Tokyo-04,Cables,7,16.6
8341,2023-03-29,Tokyo-04,TV,8,1645.75
8342,2023-05-02,London-01,Monitor,2,264.09
8343,2023-11-22,Tokyo-04,Phone,8,898.28
8344,2023-07-18,NYC-02,Laptop,9,1328.19
8345,2023-06-16,UNKNOWN,Keyboard,7,97.47
8346,2023-12-05,Paris-05,Keyboard,3,97.92
8347,2023-06-20,London-01,Phone,4,718.01
8348,2023-01-06,London-01,Keyboard,8,100.57
8349,2023-09-04,London-01,Keyboard,3,89.12
8350,2023-05-30,Tokyo-04,Cables,1,15.6
8351,2023-08-29,Berlin-03,TV,3,1542.39
8352,2023-03-07,NYC-02,Laptop,6,1212.18
8353,2023-01-03,NYC-02,TV,8,1480.63
8354,2023-11-25,Tokyo-04,Keyboard,4,102.07
8355,2023-09-18,Paris-05,Phone,1,866.69
8356,2023-05-22,London-01,TV,8,1549.96
8357,2023-07-19,Berlin-03,Mouse,3,27.88
8358,2023-06-16,Paris-05,Mouse,7,25.25
8359,2023-02-16,NYC-02,Mouse,3,24.86
8360,2023-10-26,London-01,Monitor,9,294.98
8361,2023-07-02,Berlin-03,TV,1,1559.9
8362,2023-04-27,Tokyo-04,TV,2,1509.41
8363,2023-09-23,Paris-05,TV,2,1550.33
8364,2023-03-16,NYC-02,Mouse,2,27.4
8365,2023-11-01,Berlin-03,Cables,3,14.77
8366,2023-10-27,Paris-05,TV,7,1650.55
8367,2023-07-19,NYC-02,Phone,8,721.16
8368,2023-12-15,Paris-05,TV,8,1413.75
8369,2023-09-24,Berlin-03,Monitor,1,267.42
8370,2023-06-16,Berlin-03,Phone,5,856.28
8371,2023-04-06,NYC-02,Laptop,4,1329.42
8372,2023-04-14,Tokyo-04,Phone,9,0.0
8373,2023-04-25,London-01,Mouse,9,25.22
8374,2023-01-24,London-01,Monitor,2,289.61
8375,2023-05-19,London-01,Laptop,9,1056.5
8376,2023-11-09,Tokyo-04,Keyboard,2,98.91
8377,2023-05-23,London-01,Keyboard,5,93.37
8378,2023-04-04,London-01,Monitor,9,319.03
8379,2023-10-07,London-01,Mouse,1,23.26
8380,2023-07-06,Paris-05,Laptop,3,1294.97
8381,2023-06-09,Paris-05,Laptop,3,1325.37
8382,2023-01-26,Tokyo-04,Phone,2,796.99
8383,2023-07-30,Tokyo-04,Keyboard,8,85.34
8384,2023-06-06,Tokyo-04,Mouse,1,25.28
8385,2023-08-27,Paris-05,Cables,4,13.9
8386,2023-03-29,Berlin-03,Cables,1,16.08
8387,2023-03-18,Tokyo-04,Laptop,7,1333.35
8388,2023-07-06,Tokyo-04,Mouse,9,21.35
8389,2023-07-16,Tokyo-04,Mouse,2,23.94
8390,2023-08-23,London-01,TV,3,1637.73
8391,2023-05-30,London-01,TV,5,1622.17
8392,2023-07-06,NYC-02,Cables,2,14.03
8393,2023-09-13,NYC-02,Mouse,1,21.99
8394,2023-10-21,NYC-02,Monitor,7,307.05
8395,2023-11-14,London-01,TV,9,1568.55
8396,2023-11-20,Paris-05,Phone,8,706.64
8397,2023-12-22,Berlin-03,Monitor,2,344.35
8398,2023-06-17,Paris-05,Monitor,8,327.3
8399,2023-10-14,Paris-05,Cables,1,14.69
8400,2023-03-28,Berlin-03,Laptop,3,1313.57
8401,2023-12-24,Paris-05,Keyboard,6,103.77
8402,2023-12-04,NYC-02,TV,3,1591.27
8403,2023-08-13,London-01,Keyboard,2,90.23
8404,2023-10-29,Paris-05,Monitor,1,297.93
8405,2023-09-17,London-01,Monitor,9,264.85
8406,2023-02-19,Tokyo-04,Mouse,7,26.41
8407,2023-10-16,Berlin-03,Monitor,5,293.98
8408,2023-07-20,Tokyo-04,Mouse,4,22.56
8409,2023-01-03,NYC-02,Cables,1,15.17
8410,2023-06-27,London-01,TV,6,1374.78
8411,2023-06-18,Paris-05,Phone,5,790.03
8412,2023-07-02,London-01,Monitor,3,303.73
8413,2023-12-18,Paris-05,Phone,2,704.8
8414,2023-11-14,Tokyo-04,Keyboard,1,91.02
8415,2023-05-17,NYC-02,Laptop,5,1329.28
8416,2023-04-14,Tokyo-04,TV,2,1649.99
8417,2023-06-10,NYC-02,Keyboard,5,87.88
8418,2023-04-22,Berlin-03,Phone,3,744.81
8419,2023-11-15,NYC-02,Keyboard,1,0.0
8420,2023-12-23,Tokyo-04,Cables,7,14.43
8421,2023-02-18,Tokyo-04,Cables,9,13.15
8422,2023-09-14,NYC-02,Keyboard,3,88.08
8423,2023-11-02,London-01,Phone,9,862.87
8424,2023-12-01,Berlin-03,Keyboard,1,113.42
8425,2023-01-29,Paris-05,Mouse,3,24.7
8426,2023-03-08,NYC-02,Laptop,4,1190.02
8427,2023-12-04,NYC-02,Laptop,9,1243.59
8428,2023-06-10,London-01,Keyboard,2,112.81
8429,2023-07-01,London-01,Mouse,9,21.79
8430,2023-10-31,NYC-02,TV,3,1439.59
8431,2023-07-12,Berlin-03,Monitor,9,280.47
8432,2023-06-16,Berlin-03,Mouse,9,22.17
8433,2023-07-03,Berlin-03,Keyboard,1,93.77
8434,2023-03-07,London-01,Keyboard,2,85.24
8435,2023-07-16,Paris-05,Phone,5,0.0
8436,2023-10-04,NYC-02,Monitor,4,278.93
8437,2023-03-27,London-01,Cables,2,15.96
8438,2023-02-08,Berlin-03,Monitor,5,276.93
8439,2023-06-16,Tokyo-04,Phone,9,801.69
8440,2023-12-20,UNKNOWN,TV,4,1673.13
8441,2023-07-15,Paris-05,Keyboard,7,111.05
8442,2023-02-21,NYC-02,Monitor,6,300.4
8443,2023-03-31,NYC-02,Keyboard,5,108.08
8444,2023-02-23,UNKNOWN,Laptop,8,1058.37
8445,2023-02-21,Tokyo-04,Mouse,1,24.43
8446,2023-06-19,Paris-05,Keyboard,7,107.61
8447,2023-03-05,NYC-02,Mouse,8,21.73
8448,2023-12-11,London-01,Keyboard,8,113.81
8449,2023-12-27,Berlin-03,Monitor,4,302.4
8450,2023-08-03,NYC-02,TV,7,1519.7
8451,2023-12-29,Paris-05,Mouse,8,27.32
8452,2023-06-02,Tokyo-04,Monitor,4,297.95
8453,2023-06-28,Paris-05,TV,9,1352.14
8454,2023-03-25,NYC-02,Cables,2,14.13
8455,2023-02-23,NYC-02,Monitor,5,320.18
8456,2023-06-16,London-01,Cables,5,13.38
8457,2023-06-01,Tokyo-04,Mouse,2,24.23
8458,2023-02-01,NYC-02,TV,1,1528.07
8459,2023-01-31,Tokyo-04,Keyboard,4,105.96
8460,2023-05-29,London-01,Phone,3,912.82
8461,2023-07-29,Berlin-03,Cables,2,17.14
8462,2023-09-03,Berlin-03,Cables,6,13.79
8463,2023-09-13,Tokyo-04,Mouse,2,24.75
8464,2023-01-23,Tokyo-04,Mouse,9,24.77
8465,2023-12-15,NYC-02,Laptop,9,1162.83
8466,2023-03-11,London-01,Monitor,9,332.93
8467,2023-05-29,Berlin-03,Keyboard,5,102.37
8468,2023-06-28,Berlin-03,Monitor,9,287.69
8469,2023-12-05,London-01,Cables,3,14.11
8470,2023-09-04,Paris-05,Keyboard,8,106.29
8471,2023-12-24,London-01,Phone,2,799.71
8472,2023-05-28,NYC-02,Mouse,7,22.67
8473,2023-12-28,Paris-05,Phone,2,757.66
8474,2023-12-11,Tokyo-04,Monitor,2,259.86
8475,2023-03-22,Berlin-03,Cables,8,15.07
8476,2023-10-20,NYC-02,Mouse,8,26.93
8477,2023-01-01,Tokyo-04,Mouse,1,21.47
8478,2023-01-22,Berlin-03,Cables,6,12.86
8479,2023-08-09,Paris-05,TV,1,1701.81
8480,2023-04-24,London-01,Laptop,5,1360.19
8481,2023-10-07,NYC-02,Keyboard,4,94.52
8482,2023-05-11,Paris-05,Keyboard,2,107.37
8483,2023-07-07,Paris-05,Cables,1,15.84
8484,2023-07-13,NYC-02,TV,3,1279.03
8485,2023-01-20,London-01,Mouse,1,28.18
8486,2023-10-27,Tokyo-04,Cables,1,13.09
8487,2023-01-12,Paris-05,Phone,5,714.67
8488,2023-07-24,Tokyo-04,Monitor,6,286.69
8489,2023-08-02,Tokyo-04,Cables,6,16.86
8490,2023-05-31,Berlin-03,Phone,3,903.7
8491,2023-12-16,Berlin-03,Keyboard,9,97.37
8492,2023-04-23,Paris-05,Phone,8,907.6
8493,2023-10-19,Berlin-03,Laptop,2,1239.83
8494,2023-10-07,London-01,Monitor,2,284.6
8495,2023-12-08,Berlin-03,Keyboard,5,106.54
8496,2023-02-25,Berlin-03,Laptop,6,1100.39
8497,2023-07-10,Paris-05,Keyboard,9,103.81
8498,2023-07-29,NYC-02,Mouse,9,22.09
8499,2023-12-10,Berlin-03,Monitor,2,320.85
8500,2023-07-18,Berlin-03,Cables,6,13.7
8501,2023-01-23,NYC-02,Mouse,1,28.55
8502,2023-04-13,Paris-05,Mouse,2,28.18
8503,2023-04-21,Paris-05,Monitor,9,332.51
8504,2023-11-15,Paris-05,Cables,6,16.28
8505,2023-04-15,NYC-02,Phone,6,902.08
8506,2023-11-05,Paris-05,Monitor,9,263.82
8507,2023-05-25,Paris-05,Laptop,5,1221.42
8508,2023-11-25,Berlin-03,Cables,5,14.95
8509,2023-12-27,Paris-05,Phone,7,842.23
8510,2023-03-26,NYC-02,Phone,8,772.08
8511,2023-05-01,Paris-05,Mouse,8,25.21
8512,2023-11-12,NYC-02,Phone,2,774.84
8513,2023-09-23,Paris-05,Monitor,4,303.83
8514,2023-06-07,Berlin-03,Keyboard,6,113.95
8515,2023-10-28,NYC-02,Monitor,9,321.95
8516,2023-02-21,Tokyo-04,Monitor,2,264.27
8517,2023-10-10,Berlin-03,Mouse,2,27.14
8518,2023-11-08,Berlin-03,Phone,5,766.75
8519,2023-10-17,Tokyo-04,Mouse,5,21.72
8520,2023-03-31,Berlin-03,Laptop,2,1360.54
8521,2023-01-08,Tokyo-04,Cables,9,14.03
8522,2023-01-31,London-01,Laptop,4,1046.27
8523,2023-12-10,Paris-05,Laptop,9,1147.3
8524,2023-05-04,Berlin-03,Monitor,5,327.92
8525,2023-06-18,Tokyo-04,Mouse,2,27.69
8526,2023-05-11,London-01,TV,1,1651.51
8527,2023-04-19,NYC-02,Mouse,3,27.45
8528,2023-02-20,Tokyo-04,Cables,1,15.89
8529,2023-10-13,London-01,Phone,5,781.87
8530,2023-08-30,Berlin-03,Phone,6,767.25
8531,2023-09-11,Paris-05,Mouse,3,24.86
8532,2023-08-09,Paris-05,Laptop,2,1134.78
8533,2023-09-18,Paris-05,Keyboard,6,109.71
8534,2023-12-25,Tokyo-04,Cables,3,16.56
8535,2023-05-20,NYC-02,Monitor,1,300.15
8536,2023-07-29,Berlin-03,Cables,5,15.21
8537,2023-12-22,Berlin-03,Monitor,2,255.78
8538,2023-02-28,Berlin-03,Cables,4,14.98
8539,2023-08-23,Paris-05,Phone,4,682.56
8540,2023-02-22,London-01,Monitor,6,268.77
8541,2023-06-03,Tokyo-04,Keyboard,1,87.76
8542,2023-08-24,Tokyo-04,Mouse,2,22.47
8543,2023-12-28,Tokyo-04,Monitor,7,255.69
8544,2023-01-16,Paris-05,Phone,2,690.74
8545,2023-11-02,Paris-05,Cables,2,12.84
8546,2023-08-26,NYC-02,Mouse,1,22.19
8547,2023-07-08,NYC-02,Keyboard,3,103.73
8548,2023-04-27,Berlin-03,Keyboard,3,94.89
8549,2023-03-06,NYC-02,Keyboard,5,106.65
8550,2023-04-03,London-01,Keyboard,9,100.18
8551,2023-06-16,Berlin-03,Keyboard,8,92.77
8552,2023-04-03,Tokyo-04,Phone,4,911.96
8553,2023-05-18,Berlin-03,Cables,8,16.7
8554,2023-12-20,Tokyo-04,Monitor,9,341.58
8555,2023-09-24,Tokyo-04,Keyboard,7,104.44
8556,2023-03-30,Paris-05,Laptop,5,1160.5
8557,2023-08-10,Tokyo-04,Cables,3,15.54
8558,2023-09-10,NYC-02,Phone,2,878.45
8559,2023-09-30,London-01,Mouse,7,27.86
8560,2023-01-13,NYC-02,Mouse,1,26.29
8561,2023-08-27,Berlin-03,Cables,5,16.61
8562,2023-01-04,Paris-05,Phone,5,712.52
8563,2023-05-01,Paris-05,Mouse,1,27.41
8564,2023-11-21,Paris-05,TV,7,1550.9
8565,2023-01-05,London-01,Mouse,4,21.33
8566,2023-02-03,Paris-05,Phone,6,763.8
8567,2023-01-27,Tokyo-04,Cables,7,15.51
8568,2023-12-16,Paris-05,Keyboard,3,98.99
8569,2023-12-07,Paris-05,Monitor,7,306.97
8570,2023-11-05,NYC-02,TV,9,1479.73
8571,2023-02-01,NYC-02,Monitor,7,307.53
8572,2023-07-23,London-01,Monitor,4,336.12
8573,2023-06-10,Paris-05,Phone,9,909.03
8574,2023-06-12,Berlin-03,Laptop,1,1051.75
8575,2023-04-08,NYC-02,Laptop,3,1041.25
8576,2023-06-18,Paris-05,Phone,9,739.82
8577,2023-03-19,Tokyo-04,Monitor,5,273.66
8578,2023-07-30,UNKNOWN,Cables,2,15.27
8579,2023-02-16,Tokyo-04,Phone,5,824.12
8580,2023-04-09,Tokyo-04,Laptop,2,1227.81
8581,2023-12-11,NYC-02,Keyboard,7,110.32
8582,2023-03-13,Paris-05,Phone,8,736.35
8583,2023-04-07,London-01,TV,2,1358.45
8584,2023-03-21,London-01,Mouse,2,23.64
8585,2023-07-21,NYC-02,Mouse,1,23.13
8586,2023-08-22,Paris-05,Mouse,1,23.6
8587,2023-09-02,Paris-05,Mouse,9,21.42
8588,2023-08-02,Tokyo-04,Mouse,3,27.03
8589,2023-12-05,London-01,Monitor,5,309.88
8590,2023-07-22,Paris-05,TV,1,1551.6
8591,2023-03-11,NYC-02,Cables,4,14.33
8592,2023-08-13,Paris-05,Mouse,5,26.43
8593,2023-06-09,Berlin-03,Keyboard,1,111.35
8594,2023-02-13,Paris-05,Phone,2,808.09
8595,2023-02-23,London-01,Phone,6,840.25
8596,2023-03-08,Paris-05,TV,1,1518.79
8597,2023-01-15,Berlin-03,Cables,1,14.41
8598,2023-07-25,Berlin-03,Keyboard,7,114.97
8599,2023-03-30,Berlin-03,Mouse,8,25.65
8600,2023-10-29,NYC-02,Laptop,8,1113.81
8601,2023-06-01,NYC-02,Cables,3,15.41
8602,2023-02-20,Paris-05,Monitor,4,290.08
8603,2023-08-17,NYC-02,Laptop,5,1355.4
8604,2023-08-31,Tokyo-04,Cables,8,15.97
8605,2023-11-17,Paris-05,Mouse,8,21.68
8606,2023-11-12,NYC-02,Keyboard,9,110.04
8607,2023-03-11,London-01,Phone,9,784.63
8608,2023-02-15,Tokyo-04,Phone,4,896.88
8609,2023-04-14,Berlin-03,Cables,7,16.5
8610,2023-10-06,Berlin-03,Cables,4,16.55
8611,2023-02-19,Tokyo-04,Laptop,1,1028.15
8612,2023-03-12,Paris-05,Mouse,3,25.36
8613,2023-08-11,London-01,Phone,3,699.88
8614,2023-11-17,Berlin-03,Laptop,7,1183.98
8615,2023-02-10,Paris-05,Laptop,6,1225.27
8616,2023-09-17,Berlin-03,TV,3,1639.14
8617,2023-02-03,Paris-05,Phone,1,688.87
8618,2023-01-01,London-01,Phone,5,899.55
8619,2023-12-12,Tokyo-04,Monitor,7,298.69
8620,2023-06-03,Berlin-03,Monitor,2,338.58
8621,2023-03-24,Tokyo-04,Laptop,1,1262.58
8622,2023-07-14,London-01,Monitor,2,322.19
8623,2023-06-20,NYC-02,TV,6,1318.07
8624,2023-10-27,Tokyo-04,Mouse,6,25.82
8625,2023-07-25,London-01,Keyboard,4,105.0
8626,2023-12-12,Tokyo-04,Keyboard,6,114.44
8627,2023-05-11,London-01,Cables,3,16.43
8628,2023-06-08,London-01,Monitor,1,275.15
8629,2023-05-28,London-01,Cables,3,15.67
8630,2023-07-17,Tokyo-04,Monitor,1,308.81
8631,2023-05-24,London-01,Cables,8,15.86
8632,2023-03-17,Tokyo-04,Laptop,7,1225.74
8633,2023-05-21,Berlin-03,Monitor,1,327.85
8634,2023-05-12,NYC-02,Cables,5,13.75
8635,2023-04-12,London-01,Mouse,7,27.86
8636,2023-12-13,London-01,Cables,4,15.31
8637,2023-01-19,Paris-05,Cables,9,15.66
8638,2023-09-22,London-01,Laptop,3,1296.97
8639,2023-09-18,Tokyo-04,Cables,7,13.47
8640,2023-11-06,Paris-05,TV,9,1344.32
8641,2023-12-20,NYC-02,TV,6,1536.27
8642,2023-11-22,Berlin-03,Monitor,6,278.6
8643,2023-03-20,London-01,Laptop,9,1103.52
8644,2023-10-05,Tokyo-04,TV,8,1722.27
8645,2023-07-26,Berlin-03,Mouse,1,28.75
8646,2023-12-10,Tokyo-04,Keyboard,1,91.81
8647,2023-08-16,NYC-02,TV,9,1571.51
8648,2023-07-19,Berlin-03,TV,3,1684.95
8649,2023-04-17,Paris-05,Phone,3,747.96
8650,2023-08-05,NYC-02,Keyboard,7,110.75
8651,2023-07-18,Berlin-03,Cables,1,14.74
8652,2023-02-25,London-01,Monitor,6,305.84
8653,2023-06-02,Tokyo-04,TV,1,1454.58
8654,2023-10-05,Paris-05,Monitor,1,316.97
8655,2023-05-22,Tokyo-04,Monitor,8,340.06
8656,2023-03-16,London-01,Mouse,4,26.46
8657,2023-09-10,Berlin-03,Keyboard,3,110.63
8658,2023-11-17,NYC-02,Phone,4,760.5
8659,2023-06-08,NYC-02,TV,6,1430.71
8660,2023-12-03,Tokyo-04,Cables,7,14.24
8661,2023-06-22,London-01,Cables,4,14.19
8662,2023-06-17,London-01,Mouse,6,28.27
8663,2023-10-05,London-01,Cables,3,14.2
8664,2023-11-23,London-01,Mouse,9,26.38
8665,2023-10-29,NYC-02,Laptop,2,0.0
8666,2023-10-08,NYC-02,Laptop,3,1366.3
8667,2023-09-13,Tokyo-04,Monitor,2,265.67
8668,2023-09-18,London-01,Laptop,1,1261.05
8669,2023-01-11,NYC-02,Phone,8,894.91
8670,2023-06-15,Paris-05,Monitor,6,287.62
8671,2023-11-03,Berlin-03,Keyboard,3,101.68
8672,2023-10-13,Tokyo-04,Monitor,2,268.4
8673,2023-06-07,NYC-02,Phone,1,863.86
8674,2023-01-26,London-01,Mouse,2,22.43
8675,2023-03-22,Paris-05,Mouse,3,23.45
8676,2023-06-13,Paris-05,Mouse,7,21.7
8677,2023-06-27,NYC-02,Monitor,7,306.59
8678,2023-01-26,Berlin-03,TV,3,1722.44
8679,2023-09-02,Paris-05,Cables,6,13.71
8680,2023-12-06,Tokyo-04,TV,5,1531.42
8681,2023-03-31,NYC-02,Mouse,3,21.4
8682,2023-03-21,NYC-02,TV,4,1483.15
8683,2023-04-11,London-01,Keyboard,2,89.42
8684,2023-11-07,Berlin-03,Phone,2,830.86
8685,2023-05-08,Tokyo-04,Monitor,7,300.7
8686,2023-06-25,Tokyo-04,Mouse,4,27.32
8687,2023-02-26,Paris-05,Mouse,4,27.18
8688,2023-07-16,NYC-02,Keyboard,7,0.0
8689,2023-08-16,NYC-02,Keyboard,1,107.45
8690,2023-01-01,Paris-05,Monitor,2,256.13
8691,2023-04-26,London-01,Monitor,1,312.02
8692,2023-04-13,Paris-05,Monitor,8,321.69
8693,2023-06-21,Paris-05,Laptop,3,1311.56
8694,2023-12-03,NYC-02,Cables,7,13.11
8695,2023-04-06,Paris-05,TV,5,1526.99
8696,2023-03-25,Berlin-03,TV,1,1703.81
8697,2023-04-28,Paris-05,Monitor,9,301.5
8698,2023-01-15,Berlin-03,Mouse,3,22.94
8699,2023-04-10,Paris-05,TV,2,1661.55
8700,2023-02-19,Berlin-03,Monitor,3,276.35
8701,2023-08-07,Berlin-03,Laptop,7,1375.95
8702,2023-10-15,Paris-05,Cables,5,13.72
8703,2023-12-17,Tokyo-04,Monitor,1,300.43
8704,2023-06-16,London-01,Phone,7,847.64
8705,2023-03-24,NYC-02,Mouse,9,25.13
8706,2023-10-07,Berlin-03,Laptop,6,1291.49
8707,2023-02-24,Paris-05,Monitor,8,304.82
8708,2023-10-19,NYC-02,Phone,7,847.72
8709,2023-09-21,Berlin-03,Monitor,1,326.24
8710,2023-03-22,London-01,Phone,1,837.06
8711,2023-02-10,Berlin-03,Mouse,2,24.6
8712,2023-12-02,London-01,Cables,4,13.21
8713,2023-04-01,Paris-05,TV,8,1709.03
8714,2023-08-23,London-01,Laptop,4,1350.82
8715,2023-05-04,Tokyo-04,Phone,1,781.58
8716,2023-01-23,London-01,TV,4,1537.13
8717,2023-11-04,NYC-02,Monitor,5,294.45
8718,2023-08-09,London-01,Monitor,5,338.81
8719,2023-03-28,NYC-02,Monitor,1,0.0
8720,2023-06-30,London-01,Monitor,1,284.16
8721,2023-06-12,Berlin-03,Monitor,5,285.31
8722,2023-08-09,NYC-02,Cables,3,13.0
8723,2023-11-28,Berlin-03,Phone,3,759.6
8724,2023-02-08,NYC-02,Monitor,7,297.55
8725,2023-10-21,Berlin-03,Cables,4,13.18
8726,2023-11-16,Berlin-03,Laptop,2,1262.85
8727,2023-05-26,London-01,Keyboard,3,96.75
8728,2023-11-06,London-01,Cables,8,16.01
8729,2023-06-23,Paris-05,TV,6,1518.7
8730,2023-05-27,Berlin-03,Laptop,1,1141.33
8731,2023-01-06,NYC-02,Cables,6,15.71
8732,2023-01-31,London-01,Laptop,5,1103.27
8733,2023-06-27,NYC-02,Keyboard,4,86.16
8734,2023-01-10,London-01,Monitor,5,329.45
8735,2023-04-27,Tokyo-04,Phone,8,863.66
8736,2023-05-23,Tokyo-04,Keyboard,1,114.37
8737,2023-10-01,Paris-05,Mouse,4,26.92
8738,2023-11-05,Berlin-03,Laptop,6,1085.52
8739,2023-10-29,London-01,Keyboard,3,88.41
8740,2023-12-14,Tokyo-04,TV,8,1398.74
8741,2023-08-21,Berlin-03,TV,6,1503.77
8742,2023-12-06,Paris-05,Cables,3,15.4
8743,2023-05-08,Berlin-03,Laptop,9,1154.85
8744,2023-01-08,Tokyo-04,Cables,6,16.15
8745,2023-10-27,Berlin-03,Phone,6,832.6
8746,2023-11-04,Paris-05,Keyboard,1,94.87
8747,2023-05-17,NYC-02,Keyboard,9,86.11
8748,2023-10-11,Tokyo-04,Laptop,5,1364.94
8749,2023-12-15,NYC-02,Cables,6,13.88
8750,2023-06-03,Tokyo-04,Phone,1,860.88
8751,2023-10-30,NYC-02,Monitor,5,264.34
8752,2023-10-24,Tokyo-04,Monitor,7,270.95
8753,2023-10-21,Berlin-03,Keyboard,5,92.55
8754,2023-07-19,Tokyo-04,Keyboard,7,97.71
8755,2023-07-03,NYC-02,Keyboard,5,106.73
8756,2023-03-06,NYC-02,Keyboard,1,107.12
8757,2023-07-15,NYC-02,TV,5,1320.5
8758,2023-11-06,NYC-02,Laptop,2,1060.91
8759,2023-06-09,Paris-05,Monitor,4,313.85
8760,2023-02-04,Tokyo-04,Monitor,2,256.43
8761,2023-03-25,London-01,Keyboard,1,99.11
8762,2023-05-20,Paris-05,Laptop,9,1369.74
8763,2023-01-02,Paris-05,Laptop,8,1143.85
8764,2023-02-14,UNKNOWN,Monitor,5,337.05
8765,2023-01-22,Tokyo-04,Phone,8,821.77
8766,2023-04-24,Paris-05,TV,4,1592.79
8767,2023-03-13,London-01,Keyboard,9,111.59
8768,2023-03-04,NYC-02,Laptop,6,1194.77
8769,2023-01-05,London-01,Mouse,8,26.4
8770,2023-06-09,Tokyo-04,Cables,3,14.66
8771,2023-09-09,Paris-05,Keyboard,2,112.34
8772,2023-10-14,Paris-05,Cables,1,15.51
8773,2023-12-23,Paris-05,Keyboard,9,103.79
8774,2023-11-20,Berlin-03,Keyboard,1,93.27
8775,2023-05-19,Berlin-03,TV,1,1455.88
8776,2023-01-22,Paris-05,Laptop,9,1074.8
8777,2023-03-14,Tokyo-04,Keyboard,5,112.94
8778,2023-12-18,NYC-02,Mouse,9,0.0
8779,2023-05-22,Berlin-03,Phone,3,774.96
8780,2023-08-03,London-01,Monitor,6,337.01
8781,2023-06-14,Paris-05,Keyboard,9,90.43
8782,2023-07-21,NYC-02,Phone,2,0.0
8783,2023-12-05,Paris-05,Cables,9,13.91
8784,2023-05-26,Tokyo-04,Monitor,9,313.52
8785,2023-10-24,NYC-02,Monitor,8,338.01
8786,2023-08-10,Berlin-03,Monitor,4,309.71
8787,2023-01-30,Berlin-03,Monitor,6,343.72
8788,2023-10-10,Berlin-03,Mouse,4,21.84
8789,2023-07-28,London-01,Keyboard,9,105.4
8790,2023-06-15,Tokyo-04,Mouse,2,23.11
8791,2023-05-11,Berlin-03,Keyboard,7,85.28
8792,2023-11-14,Paris-05,TV,2,1704.62
8793,2023-11-19,Tokyo-04,Cables,9,13.42
8794,2023-12-22,Paris-05,Laptop,3,1150.64
8795,2023-08-31,Berlin-03,TV,8,1344.61
8796,2023-01-03,Berlin-03,Laptop,4,1205.15
8797,2023-07-04,Berlin-03,Cables,3,14.03
8798,2023-06-14,NYC-02,TV,2,1410.99
8799,2023-12-29,Tokyo-04,Cables,5,14.94
8800,2023-01-17,London-01,Laptop,9,1266.63
8801,2023-06-20,Paris-05,Keyboard,3,109.57
8802,2023-08-17,London-01,Cables,3,15.29
8803,2023-06-09,Paris-05,Cables,7,13.19
8804,2023-07-01,UNKNOWN,Mouse,9,28.45
8805,2023-02-12,London-01,Cables,6,13.39
8806,2023-06-05,Tokyo-04,TV,9,1541.41
8807,2023-06-06,London-01,Keyboard,9,93.87
8808,2023-09-04,Tokyo-04,Keyboard,4,92.18
8809,2023-11-14,Berlin-03,Mouse,8,28.37
8810,2023-01-06,NYC-02,Laptop,7,1179.86
8811,2023-12-13,Paris-05,Phone,4,810.47
8812,2023-09-06,NYC-02,TV,4,1648.45
8813,2023-01-17,Paris-05,TV,6,1460.13
8814,2023-03-14,Tokyo-04,Laptop,3,1193.04
8815,2023-10-27,Paris-05,Mouse,2,21.61
8816,2023-11-25,London-01,Monitor,3,303.3
8817,2023-02-17,London-01,Laptop,5,1231.81
8818,2023-12-23,UNKNOWN,Phone,2,774.43
8819,2023-04-09,NYC-02,Keyboard,5,104.17
8820,2023-07-16,Paris-05,Monitor,2,328.94
8821,2023-03-02,NYC-02,Cables,2,15.02
8822,2023-12-17,NYC-02,Phone,7,698.04
8823,2023-09-04,London-01,Phone,6,840.22
8824,2023-09-23,Berlin-03,Phone,6,852.17
8825,2023-12-29,Tokyo-04,Mouse,1,25.2
8826,2023-09-08,Paris-05,Laptop,5,1241.08
8827,2023-02-01,Tokyo-04,Monitor,9,319.96
8828,2023-11-26,Tokyo-04,Cables,1,16.81
8829,2023-06-30,London-01,Phone,4,885.99
8830,2023-01-19,Berlin-03,Laptop,5,1258.05
8831,2023-06-08,London-01,Laptop,8,1054.67
8832,2023-09-02,London-01,TV,5,1449.34
8833,2023-08-25,NYC-02,TV,5,1335.3
8834,2023-11-19,Tokyo-04,Phone,8,848.77
8835,2023-09-29,London-01,TV,9,1587.0
8836,2023-12-20,London-01,TV,5,1554.92
8837,2023-03-24,London-01,Laptop,9,1053.97
8838,2023-05-10,Paris-05,Phone,4,867.12
8839,2023-06-18,Berlin-03,Laptop,2,1362.19
8840,2023-12-21,Berlin-03,Cables,5,13.47
8841,2023-02-19,Tokyo-04,Keyboard,5,103.48
8842,2023-07-03,Berlin-03,Keyboard,6,108.85
8843,2023-03-20,London-01,Laptop,2,1155.77
8844,2023-08-21,NYC-02,Laptop,5,1258.68
8845,2023-10-11,Tokyo-04,Keyboard,2,101.89
8846,2023-12-02,Paris-05,Phone,1,759.4
8847,2023-07-16,London-01,Keyboard,4,92.69
8848,2023-06-02,Paris-05,Cables,9,15.68
8849,2023-07-11,Tokyo-04,Monitor,8,292.84
8850,2023-10-07,London-01,Monitor,2,315.0
8851,2023-12-01,NYC-02,Monitor,6,267.34
8852,2023-04-15,London-01,Keyboard,2,108.97
8853,2023-01-14,Tokyo-04,Laptop,7,1133.61
8854,2023-04-05,NYC-02,Keyboard,1,86.76
8855,2023-03-19,Tokyo-04,Keyboard,1,110.82
8856,2023-02-22,London-01,Mouse,2,27.92
8857,2023-02-13,Berlin-03,Cables,1,14.54
8858,2023-11-11,London-01,Monitor,4,321.94
8859,2023-06-28,Paris-05,Mouse,2,22.71
8860,2023-02-22,Paris-05,Phone,5,703.76
8861,2023-09-29,Tokyo-04,Keyboard,6,112.38
8862,2023-08-26,Berlin-03,Keyboard,9,94.43
8863,2023-03-31,Paris-05,Monitor,5,305.96
8864,2023-07-21,NYC-02,Laptop,4,1303.82
8865,2023-02-27,Berlin-03,Cables,5,13.92
8866,2023-06-20,Berlin-03,Keyboard,5,111.53
8867,2023-03-14,Berlin-03,Keyboard,7,97.61
8868,2023-04-03,Berlin-03,Keyboard,2,112.92
8869,2023-11-03,Berlin-03,Cables,1,14.56
8870,2023-06-13,NYC-02,Phone,2,745.88
8871,2023-10-23,NYC-02,Phone,8,691.79
8872,2023-08-25,London-01,TV,4,1497.2
8873,2023-03-14,NYC-02,TV,1,1542.4
8874,2023-08-25,Tokyo-04,Phone,4,695.7
8875,2023-07-17,London-01,TV,7,1467.17
8876,2023-09-15,Tokyo-04,Keyboard,7,107.28
8877,2023-01-09,Tokyo-04,Phone,2,753.01
8878,2023-03-24,Berlin-03,Laptop,7,1302.98
8879,2023-01-14,NYC-02,Keyboard,6,101.6
8880,2023-06-04,NYC-02,Laptop,8,1084.7
8881,2023-11-20,London-01,Laptop,2,1168.15
8882,2023-06-09,NYC-02,Monitor,3,333.6
8883,2023-05-14,Tokyo-04,Monitor,6,262.63
8884,2023-07-21,London-01,Keyboard,5,90.21
8885,2023-08-16,Berlin-03,Keyboard,2,97.15
8886,2023-11-30,London-01,Cables,6,14.49
8887,2023-03-20,London-01,TV,4,1401.47
8888,2023-10-17,Paris-05,Keyboard,8,100.85
8889,2023-04-17,Tokyo-04,Phone,7,910.13
8890,2023-04-13,Berlin-03,Monitor,5,289.37
8891,2023-04-07,London-01,Keyboard,7,101.8
8892,2023-07-19,Berlin-03,Mouse,1,26.16
8893,2023-03-21,Tokyo-04,TV,8,1660.26
8894,2023-08-21,Tokyo-04,TV,7,1721.0
8895,2023-07-18,Berlin-03,Phone,2,869.66
8896,2023-02-28,Berlin-03,TV,2,1616.88
8897,2023-08-29,Paris-05,Phone,1,810.71
8898,2023-07-18,Paris-05,Phone,7,853.74
8899,2023-05-21,Berlin-03,Laptop,6,1052.86
8900,2023-08-11,NYC-02,Monitor,7,288.38
8901,2023-08-01,Tokyo-04,Monitor,1,309.82
8902,2023-10-29,Paris-05,Monitor,1,325.15
8903,2023-04-08,NYC-02,Phone,1,899.57
8904,2023-05-21,Berlin-03,Laptop,9,1199.34
8905,2023-09-23,Tokyo-04,Laptop,6,1079.01
8906,2023-01-15,London-01,Laptop,4,1256.86
8907,2023-01-23,London-01,Keyboard,6,110.54
8908,2023-12-17,Paris-05,Mouse,7,23.83
8909,2023-10-25,Tokyo-04,Keyboard,4,100.61
8910,2023-01-07,Tokyo-04,Laptop,5,0.0
8911,2023-06-15,NYC-02,TV,1,1621.14
8912,2023-04-28,London-01,Phone,1,720.66
8913,2023-02-15,Paris-05,Laptop,4,1341.34
8914,2023-08-04,NYC-02,Monitor,6,261.91
8915,2023-03-26,Berlin-03,Laptop,3,1363.54
8916,2023-06-15,Tokyo-04,Mouse,6,27.72
8917,2023-11-23,London-01,Keyboard,6,88.56
8918,2023-12-31,London-01,TV,6,1535.57
8919,2023-09-03,Tokyo-04,TV,5,1632.58
8920,2023-03-26,Paris-05,TV,1,1475.84
8921,2023-05-30,NYC-02,TV,3,1702.59
8922,2023-03-12,London-01,TV,5,1548.04
8923,2023-12-18,London-01,Laptop,1,1121.22
8924,2023-12-22,Tokyo-04,Monitor,1,294.37
8925,2023-02-08,London-01,Laptop,1,1062.56
8926,2023-03-11,Paris-05,Phone,8,741.8
8927,2023-01-17,Paris-05,TV,9,1289.52
8928,2023-09-08,Berlin-03,Laptop,1,1047.35
8929,2023-02-15,NYC-02,Cables,2,16.5
8930,2023-12-19,NYC-02,Mouse,9,25.31
8931,2023-09-27,London-01,Cables,5,15.6
8932,2023-11-08,London-01,TV,4,1462.56
8933,2023-08-16,Berlin-03,Keyboard,1,103.74
8934,2023-08-19,NYC-02,Monitor,9,335.2
8935,2023-08-25,Berlin-03,Phone,4,690.24
8936,2023-05-08,Tokyo-04,Phone,8,740.99
8937,2023-08-16,NYC-02,Laptop,8,1267.65
8938,2023-03-14,Tokyo-04,Monitor,8,300.12
8939,2023-02-16,London-01,Laptop,5,1295.09
8940,2023-05-01,Paris-05,TV,3,1538.73
8941,2023-10-23,Tokyo-04,Monitor,1,277.39
8942,2023-06-08,Berlin-03,Keyboard,3,85.27
8943,2023-04-12,Tokyo-04,Cables,9,14.04
8944,2023-04-07,Berlin-03,Phone,1,692.17
8945,2023-11-12,Tokyo-04,TV,3,1413.2
8946,2023-11-02,London-01,Phone,4,781.98
8947,2023-02-09,Berlin-03,Laptop,8,1057.02
8948,2023-11-07,Paris-05,Monitor,3,304.72
8949,2023-09-15,Tokyo-04,Keyboard,7,105.76
8950,2023-07-14,NYC-02,Cables,6,14.51
8951,2023-01-29,Paris-05,Monitor,9,340.9
8952,2023-04-11,Berlin-03,Cables,5,15.43
8953,2023-08-30,London-01,Phone,8,873.82
8954,2023-05-11,Tokyo-04,Keyboard,2,108.59
8955,2023-10-26,Paris-05,Mouse,2,22.1
8956,2023-09-04,Berlin-03,Mouse,8,22.87
8957,2023-06-19,Tokyo-04,Cables,4,15.79
8958,2023-04-07,Tokyo-04,Phone,5,878.14
8959,2023-07-06,Paris-05,Laptop,5,1089.04
8960,2023-02-11,NYC-02,Monitor,5,281.52
8961,2023-09-09,Paris-05,TV,2,1699.05
8962,2023-05-23,London-01,Phone,5,875.62
8963,2023-09-19,Berlin-03,TV,7,1469.01
8964,2023-12-16,Berlin-03,TV,4,1542.23
8965,2023-04-09,Tokyo-04,Keyboard,1,90.09
8966,2023-04-23,Berlin-03,Cables,9,15.91
8967,2023-07-23,Berlin-03,TV,3,1324.13
8968,2023-01-11,Tokyo-04,Cables,4,14.89
8969,2023-12-07,Tokyo-04,Mouse,3,28.68
8970,2023-08-27,London-01,Mouse,5,27.06
8971,2023-10-27,Paris-05,Phone,3,834.97
8972,2023-01-19,Berlin-03,TV,3,1483.78
8973,2023-02-12,NYC-02,TV,1,1335.21
8974,2023-08-09,Berlin-03,Monitor,8,276.82
8975,2023-02-08,Paris-05,Cables,6,15.13
8976,2023-07-25,Paris-05,Cables,7,15.62
8977,2023-09-09,Berlin-03,Cables,4,14.9
8978,2023-12-17,Tokyo-04,Keyboard,4,111.61
8979,2023-12-01,NYC-02,Monitor,6,285.4
8980,2023-11-28,Tokyo-04,Keyboard,9,113.75
8981,2023-11-18,NYC-02,TV,1,1339.21
8982,2023-08-14,Paris-05,Laptop,1,1151.75
8983,2023-03-06,NYC-02,Keyboard,3,110.3
8984,2023-12-18,Berlin-03,Phone,3,689.99
8985,2023-09-13,London-01,Laptop,2,1342.78
8986,2023-11-10,Paris-05,Keyboard,2,94.88
8987,2023-06-09,London-01,Laptop,7,1118.09
8988,2023-05-25,London-01,TV,7,1548.14
8989,2023-01-27,Tokyo-04,Mouse,5,21.53
8990,2023-07-17,NYC-02,Mouse,2,26.82
8991,2023-10-13,Tokyo-04,Laptop,6,1101.02
8992,2023-05-01,London-01,Laptop,5,0.0
8993,2023-09-07,NYC-02,Keyboard,2,89.81
8994,2023-02-08,London-01,Cables,2,14.78
8995,2023-04-27,Paris-05,Monitor,9,315.29
8996,2023-12-05,NYC-02,Laptop,9,1255.13
8997,2023-01-28,London-01,Monitor,2,257.6
8998,2023-02-23,Berlin-03,Monitor,6,278.35
8999,2023-01-30,Paris-05,Laptop,9,1288.25
9000,2023-06-24,Paris-05,Phone,7,842.3
9001,2023-12-19,London-01,Monitor,1,299.02
9002,2023-02-13,Paris-05,Laptop,7,1348.35
9003,2023-04-20,London-01,Cables,5,16.09
9004,2023-08-30,London-01,TV,1,1713.52
9005,2023-07-06,Berlin-03,Laptop,8,1165.58
9006,2023-05-06,Berlin-03,TV,3,1463.52
9007,2023-06-25,Paris-05,Monitor,7,256.45
9008,2023-11-28,London-01,Monitor,1,319.07
9009,2023-03-13,Paris-05,Laptop,5,1141.43
9010,2023-11-19,London-01,Keyboard,4,104.5
9011,2023-11-10,Tokyo-04,TV,1,1334.89
9012,2023-12-29,Tokyo-04,Cables,1,15.16
9013,2023-08-15,UNKNOWN,Monitor,6,285.14
9014,2023-02-06,Paris-05,TV,1,1448.46
9015,2023-10-05,Berlin-03,Mouse,6,28.51
9016,2023-11-08,Paris-05,TV,5,1367.34
9017,2023-02-03,NYC-02,Laptop,9,1252.24
9018,2023-01-21,London-01,Mouse,9,25.88
9019,2023-09-10,Tokyo-04,Monitor,5,269.78
9020,2023-01-22,NYC-02,Cables,1,15.47
9021,2023-01-17,Tokyo-04,Keyboard,9,100.87
9022,2023-12-05,Berlin-03,Keyboard,7,88.1
9023,2023-12-16,Berlin-03,Laptop,6,1080.4
9024,2023-01-07,Berlin-03,Keyboard,3,87.9
9025,2023-01-07,NYC-02,Laptop,8,1180.01
9026,2023-03-16,Paris-05,Laptop,9,1221.54
9027,2023-12-15,Tokyo-04,Mouse,7,23.53
9028,2023-04-10,NYC-02,Monitor,4,284.77
9029,2023-09-15,Paris-05,Laptop,4,1154.78
9030,2023-04-22,Berlin-03,Monitor,6,311.18
9031,2023-09-16,Paris-05,Phone,9,897.09
9032,2023-03-08,London-01,Monitor,1,256.51
9033,2023-10-26,Tokyo-04,Laptop,9,1244.81
9034,2023-12-17,Tokyo-04,TV,9,1446.7
9035,2023-05-24,Berlin-03,Cables,3,16.55
9036,2023-05-03,Paris-05,Cables,6,17.04
9037,2023-03-19,Berlin-03,Keyboard,4,107.29
9038,2023-12-14,Tokyo-04,Laptop,8,1215.7
9039,2023-03-21,Berlin-03,Mouse,8,22.33
9040,2023-08-05,Berlin-03,Cables,5,16.86
9041,2023-12-17,NYC-02,Keyboard,8,90.88
9042,2023-12-31,Paris-05,TV,8,1429.62
9043,2023-12-21,Paris-05,Keyboard,4,93.86
9044,2023-11-20,Berlin-03,Mouse,7,25.84
9045,2023-12-19,Tokyo-04,TV,9,1293.48
9046,2023-01-04,London-01,Monitor,6,277.71
9047,2023-04-18,London-01,TV,8,1467.54
9048,2023-03-19,Paris-05,Phone,4,848.28
9049,2023-08-02,Paris-05,Monitor,7,261.47
9050,2023-07-12,NYC-02,Keyboard,1,108.93
9051,2023-10-08,Berlin-03,Phone,5,909.96
9052,2023-07-16,Paris-05,Keyboard,9,100.89
9053,2023-08-17,Tokyo-04,Phone,5,778.39
9054,2023-12-15,Paris-05,Keyboard,3,104.87
9055,2023-02-08,Tokyo-04,Monitor,1,328.74
9056,2023-03-15,NYC-02,Laptop,5,1205.99
9057,2023-07-19,Tokyo-04,Phone,8,683.97
9058,2023-01-08,Berlin-03,Laptop,4,1103.65
9059,2023-08-16,Tokyo-04,Mouse,8,28.1
9060,2023-01-14,London-01,Monitor,4,298.69
9061,2023-06-09,Paris-05,Cables,6,13.29
9062,2023-01-24,Berlin-03,TV,3,1562.04
9063,2023-09-09,London-01,Phone,2,779.72
9064,2023-08-22,Tokyo-04,Phone,2,872.22
9065,2023-09-25,NYC-02,Monitor,4,288.51
9066,2023-04-12,Berlin-03,Phone,3,838.78
9067,2023-06-08,Tokyo-04,Cables,4,16.23
9068,2023-06-19,Tokyo-04,Laptop,3,1071.08
9069,2023-01-23,London-01,Cables,3,15.44
9070,2023-01-26,Tokyo-04,Phone,2,846.32
9071,2023-12-05,London-01,TV,5,1478.55
9072,2023-12-31,NYC-02,Mouse,1,22.06
9073,2023-10-14,Tokyo-04,Cables,7,14.3
9074,2023-09-24,London-01,Keyboard,7,105.02
9075,2023-11-22,Tokyo-04,Mouse,8,23.68
9076,2023-11-14,NYC-02,Monitor,7,288.54
9077,2023-09-06,Paris-05,Phone,1,816.1
9078,2023-02-09,Paris-05,Cables,7,17.04
9079,2023-02-28,London-01,Monitor,2,286.85
9080,2023-06-19,London-01,Keyboard,3,113.34
9081,2023-04-10,London-01,Cables,5,13.46
9082,2023-09-14,NYC-02,Phone,4,702.21
9083,2023-03-14,Paris-05,TV,1,1305.9
9084,2023-12-22,London-01,Cables,8,16.06
9085,2023-11-25,Tokyo-04,Keyboard,9,114.85
9086,2023-12-09,Berlin-03,Mouse,1,25.89
9087,2023-06-23,London-01,Monitor,1,269.44
9088,2023-11-06,Tokyo-04,Mouse,3,28.29
9089,2023-11-25,Berlin-03,Laptop,1,1066.46
9090,2023-11-28,NYC-02,Keyboard,6,105.43
9091,2023-02-18,Paris-05,Cables,3,13.95
9092,2023-01-18,London-01,Mouse,8,27.7
9093,2023-07-15,Tokyo-04,TV,3,1296.65
9094,2023-07-15,London-01,Keyboard,1,105.42
9095,2023-01-04,London-01,Cables,3,15.47
9096,2023-08-08,London-01,Laptop,3,1062.12
9097,2023-02-27,Tokyo-04,Monitor,8,267.23
9098,2023-04-19,NYC-02,Laptop,7,1184.64
9099,2023-01-08,Tokyo-04,Cables,9,14.06
9100,2023-04-25,Berlin-03,Cables,3,16.4
9101,2023-04-06,Paris-05,TV,5,1587.54
9102,2023-01-02,Tokyo-04,Laptop,9,1378.98
9103,2023-07-11,NYC-02,TV,9,1363.08
9104,2023-02-13,NYC-02,Keyboard,8,89.26
9105,2023-04-15,Berlin-03,TV,2,1339.11
9106,2023-11-14,Berlin-03,Phone,5,695.86
9107,2023-08-02,NYC-02,Laptop,5,1264.18
9108,2023-07-16,Paris-05,Keyboard,5,107.37
9109,2023-03-22,Berlin-03,Laptop,4,1242.95
9110,2023-03-06,Paris-05,Phone,9,777.95
9111,2023-06-12,Berlin-03,Laptop,2,1280.52
9112,2023-01-18,Tokyo-04,Mouse,8,22.57
9113,2023-11-06,NYC-02,Mouse,8,25.28
9114,2023-12-27,Tokyo-04,Phone,7,883.44
9115,2023-08-24,London-01,Keyboard,7,90.48
9116,2023-05-13,NYC-02,Phone,2,739.5
9117,2023-12-14,London-01,Keyboard,6,113.16
9118,2023-06-18,NYC-02,TV,9,1384.26
9119,2023-11-22,NYC-02,Laptop,8,1360.01
9120,2023-09-28,London-01,Keyboard,7,94.73
9121,2023-07-29,Berlin-03,Cables,4,16.31
9122,2023-07-17,London-01,Phone,4,905.62
9123,2023-08-06,Berlin-03,Phone,6,681.83
9124,2023-11-03,London-01,Monitor,5,323.79
9125,2023-05-11,NYC-02,Cables,4,13.59
9126,2023-04-11,NYC-02,Cables,1,14.22
9127,2023-08-06,Paris-05,Monitor,4,293.0
9128,2023-06-30,NYC-02,Monitor,3,325.43
9129,2023-01-16,Tokyo-04,Laptop,3,1314.99
9130,2023-06-29,Paris-05,Laptop,7,1218.38
9131,2023-12-15,Berlin-03,TV,6,1311.74
9132,2023-06-04,Tokyo-04,Mouse,1,25.68
9133,2023-11-24,NYC-02,TV,9,1596.15
9134,2023-01-25,Tokyo-04,Keyboard,4,92.6
9135,2023-11-29,Paris-05,Mouse,7,23.65
9136,2023-04-06,London-01,Cables,6,15.8
9137,2023-11-21,Tokyo-04,Phone,8,818.47
9138,2023-02-25,Berlin-03,Cables,9,12.86
9139,2023-11-09,Paris-05,Mouse,7,26.9
9140,2023-02-16,London-01,Phone,7,807.3
9141,2023-08-11,NYC-02,Mouse,1,23.71
9142,2023-07-21,NYC-02,Keyboard,2,98.46
9143,2023-04-27,NYC-02,Mouse,8,26.79
9144,2023-03-17,London-01,Mouse,3,26.48
9145,2023-10-04,Berlin-03,Monitor,8,267.96
9146,2023-05-14,London-01,Laptop,3,1208.74
9147,2023-09-04,London-01,Cables,3,15.08
9148,2023-08-10,Paris-05,Cables,3,14.71
9149,2023-07-15,Paris-05,Keyboard,9,100.06
9150,2023-12-30,NYC-02,Cables,9,13.54
9151,2023-12-17,Paris-05,Monitor,9,325.14
9152,2023-03-10,NYC-02,Phone,8,685.73
9153,2023-01-04,NYC-02,Monitor,4,330.6
9154,2023-05-07,NYC-02,Phone,4,820.2
9155,2023-02-12,London-01,Laptop,5,1174.17
9156,2023-06-22,Paris-05,Cables,8,14.13
9157,2023-02-05,NYC-02,Cables,9,13.45
9158,2023-02-07,London-01,Keyboard,1,113.96
9159,2023-04-03,London-01,Mouse,8,23.71
9160,2023-11-08,Berlin-03,Monitor,3,309.65
9161,2023-04-10,Berlin-03,Laptop,8,1321.61
9162,2023-10-16,Berlin-03,Mouse,9,27.21
9163,2023-06-17,Tokyo-04,Phone,9,815.34
9164,2023-07-12,Tokyo-04,Phone,5,765.56
9165,2023-06-23,Paris-05,Keyboard,3,100.26
9166,2023-05-12,Paris-05,Mouse,8,21.58
9167,2023-06-12,Tokyo-04,Mouse,6,22.27
9168,2023-01-24,NYC-02,Laptop,2,1137.84
9169,2023-12-01,London-01,Cables,2,16.77
9170,2023-03-17,NYC-02,Phone,3,746.4
9171,2023-04-02,Paris-05,TV,8,1547.86
9172,2023-01-23,NYC-02,Keyboard,5,98.45
9173,2023-09-08,NYC-02,Phone,5,690.97
9174,2023-12-03,Tokyo-04,Monitor,3,270.45
9175,2023-07-08,Berlin-03,TV,1,1317.26
9176,2023-07-18,London-01,Keyboard,6,93.6
9177,2023-12-26,NYC-02,Keyboard,2,86.27
9178,2023-03-20,Paris-05,Cables,4,13.92
9179,2023-08-01,Paris-05,TV,8,1339.8
9180,2023-02-03,Tokyo-04,TV,1,1312.01
9181,2023-05-07,Berlin-03,Monitor,7,318.84
9182,2023-09-09,Paris-05,Mouse,2,26.98
9183,2023-10-12,NYC-02,Laptop,9,1100.05
9184,2023-01-22,NYC-02,Monitor,5,320.86
9185,2023-02-19,Tokyo-04,TV,9,1644.54
9186,2023-02-09,NYC-02,Mouse,5,27.27
9187,2023-06-16,Tokyo-04,Phone,3,882.26
9188,2023-12-11,London-01,Mouse,3,26.88
9189,2023-03-21,Berlin-03,Monitor,7,268.85
9190,2023-08-08,Tokyo-04,Monitor,4,268.11
9191,2023-06-29,Tokyo-04,Cables,2,14.03
9192,2023-04-30,Berlin-03,Laptop,7,1179.24
9193,2023-07-08,London-01,Laptop,9,1296.91
9194,2023-04-19,Tokyo-04,Phone,9,694.01
9195,2023-03-19,Tokyo-04,Monitor,3,328.82
9196,2023-08-11,Paris-05,TV,2,1676.88
9197,2023-02-01,London-01,TV,6,1713.98
9198,2023-01-24,Berlin-03,Phone,9,856.11
9199,2023-04-13,Berlin-03,Mouse,7,26.65
9200,2023-10-23,Tokyo-04,Mouse,6,25.74
9201,2023-06-01,London-01,Keyboard,1,90.09
9202,2023-10-16,Berlin-03,Keyboard,3,104.29
9203,2023-07-31,Tokyo-04,TV,3,1449.19
9204,2023-04-13,London-01,Mouse,4,23.36
9205,2023-03-16,London-01,TV,8,1531.48
9206,2023-01-09,Paris-05,Monitor,3,322.27
9207,2023-09-07,Berlin-03,Monitor,4,313.68
9208,2023-11-15,Tokyo-04,TV,5,1601.81
9209,2023-02-22,Paris-05,Mouse,8,25.05
9210,2023-06-23,Tokyo-04,Keyboard,2,97.9
9211,2023-08-27,Tokyo-04,Cables,8,16.73
9212,2023-10-23,Paris-05,Mouse,2,24.11
9213,2023-02-02,Tokyo-04,Laptop,6,1367.29
9214,2023-12-22,NYC-02,Keyboard,4,99.71
9215,2023-05-06,Tokyo-04,Cables,7,16.57
9216,2023-01-23,London-01,Mouse,2,25.67
9217,2023-10-03,London-01,TV,4,1363.17
9218,2023-12-10,Paris-05,Laptop,8,1061.64
9219,2023-05-10,NYC-02,Mouse,5,24.48
9220,2023-12-27,Berlin-03,Cables,4,14.33
9221,2023-02-01,Berlin-03,Cables,4,12.89
9222,2023-12-07,London-01,Mouse,4,26.25
9223,2023-12-18,UNKNOWN,Phone,1,901.33
9224,2023-11-26,Berlin-03,Cables,9,13.65
9225,2023-09-06,Paris-05,TV,7,1700.96
9226,2023-10-09,Berlin-03,Mouse,5,21.61
9227,2023-12-08,Paris-05,Phone,4,889.35
9228,2023-04-13,Berlin-03,Cables,1,16.18
9229,2023-01-11,NYC-02,Phone,9,706.29
9230,2023-08-30,NYC-02,Mouse,7,25.62
9231,2023-07-25,Berlin-03,TV,6,1394.63
9232,2023-11-12,NYC-02,Mouse,9,23.12
9233,2023-04-08,NYC-02,Laptop,5,1354.11
9234,2023-05-04,NYC-02,Mouse,9,25.42
9235,2023-01-25,Berlin-03,Phone,3,836.88
9236,2023-10-13,NYC-02,Mouse,1,27.47
9237,2023-01-08,London-01,Keyboard,8,105.06
9238,2023-12-27,NYC-02,Phone,1,821.55
9239,2023-12-31,London-01,TV,9,1641.31
9240,2023-12-20,Tokyo-04,Phone,5,772.14
9241,2023-12-01,London-01,Phone,1,829.57
9242,2023-02-09,NYC-02,Cables,3,16.72
9243,2023-11-01,Tokyo-04,Monitor,1,336.48
9244,2023-01-11,London-01,TV,8,1723.41
9245,2023-06-21,Berlin-03,Cables,5,15.0
9246,2023-06-10,London-01,Keyboard,7,98.6
9247,2023-10-31,Paris-05,Phone,2,697.21
9248,2023-08-22,NYC-02,Laptop,3,1251.37
9249,2023-12-30,Tokyo-04,Cables,8,0.0
9250,2023-10-07,Tokyo-04,TV,8,1346.9
9251,2023-01-21,NYC-02,Keyboard,6,100.05
9252,2023-02-12,Tokyo-04,Mouse,2,22.14
9253,2023-07-26,Paris-05,Keyboard,2,114.69
9254,2023-02-10,NYC-02,Cables,7,15.76
9255,2023-07-10,London-01,TV,5,1600.83
9256,2023-11-03,NYC-02,Monitor,3,278.07
9257,2023-06-21,Tokyo-04,Laptop,6,1337.55
9258,2023-05-29,Tokyo-04,Mouse,3,28.64
9259,2023-09-15,Tokyo-04,Cables,5,13.33
9260,2023-01-23,NYC-02,Phone,6,720.56
9261,2023-04-08,NYC-02,Phone,1,874.66
9262,2023-04-18,NYC-02,Phone,8,813.97
9263,2023-02-07,Paris-05,TV,7,1409.35
9264,2023-07-11,London-01,TV,4,1311.14
9265,2023-01-24,Berlin-03,Keyboard,5,105.72
9266,2023-04-18,Tokyo-04,TV,1,1534.57
9267,2023-07-01,London-01,Keyboard,6,89.94
9268,2023-11-12,NYC-02,Mouse,6,26.23
9269,2023-12-03,London-01,TV,6,1621.26
9270,2023-06-08,Berlin-03,Phone,3,816.86
9271,2023-07-01,Paris-05,Mouse,7,22.37
9272,2023-08-12,Tokyo-04,Monitor,3,266.39
9273,2023-08-08,London-01,Mouse,9,26.01
9274,2023-10-25,NYC-02,TV,9,1416.85
9275,2023-01-13,NYC-02,Keyboard,9,94.83
9276,2023-07-23,NYC-02,Mouse,8,24.58
9277,2023-09-09,Paris-05,Mouse,8,26.88
9278,2023-02-05,Tokyo-04,Phone,3,696.36
9279,2023-06-23,Paris-05,Keyboard,9,93.07
9280,2023-03-04,Tokyo-04,TV,1,1700.44
9281,2023-03-05,Tokyo-04,Phone,3,774.18
9282,2023-07-14,Tokyo-04,Monitor,5,310.26
9283,2023-01-23,NYC-02,TV,9,1643.04
9284,2023-06-03,Paris-05,Keyboard,6,94.1
9285,2023-11-30,Paris-05,Monitor,5,335.8
9286,2023-08-03,Paris-05,Monitor,3,301.08
9287,2023-04-26,Paris-05,Phone,4,905.37
9288,2023-04-22,Paris-05,Cables,7,0.0
9289,2023-06-18,London-01,Phone,9,823.26
9290,2023-08-30,Berlin-03,Laptop,9,1163.43
9291,2023-08-02,London-01,Laptop,8,1288.68
9292,2023-01-11,Paris-05,Mouse,4,23.12
9293,2023-11-21,Paris-05,Cables,3,13.44
9294,2023-05-12,NYC-02,Mouse,5,22.47
9295,2023-05-20,Paris-05,Cables,3,14.65
9296,2023-09-29,NYC-02,Phone,7,854.65
9297,2023-11-13,Berlin-03,Laptop,4,1161.56
9298,2023-07-16,NYC-02,Phone,2,881.84
9299,2023-11-18,Tokyo-04,TV,4,1300.91
9300,2023-08-07,London-01,Mouse,2,27.79
9301,2023-08-14,NYC-02,Monitor,1,344.0
9302,2023-09-22,UNKNOWN,Phone,4,897.16
9303,2023-07-18,London-01,TV,4,1280.82
9304,2023-01-22,Paris-05,Cables,8,16.75
9305,2023-02-05,Tokyo-04,TV,6,1409.25
9306,2023-07-29,London-01,Mouse,9,25.78
9307,2023-02-27,Berlin-03,Monitor,2,295.64
9308,2023-08-13,Berlin-03,Monitor,1,316.79
9309,2023-10-28,Tokyo-04,Mouse,1,24.65
9310,2023-02-12,London-01,TV,4,1321.14
9311,2023-04-18,NYC-02,Keyboard,3,103.2
9312,2023-09-05,NYC-02,Mouse,1,28.67
9313,2023-09-13,NYC-02,Phone,5,701.87
9314,2023-04-09,London-01,Phone,3,843.85
9315,2023-12-22,Tokyo-04,Keyboard,9,88.81
9316,2023-02-07,London-01,Cables,1,13.06
9317,2023-02-14,Paris-05,Monitor,5,336.84
9318,2023-04-03,Paris-05,Keyboard,8,93.59
9319,2023-07-14,Berlin-03,TV,1,1566.4
9320,2023-05-12,Tokyo-04,Keyboard,8,110.88
9321,2023-09-30,NYC-02,Keyboard,6,98.66
9322,2023-03-24,Berlin-03,Mouse,9,23.88
9323,2023-11-23,Tokyo-04,Laptop,5,1134.79
9324,2023-01-14,Tokyo-04,Monitor,9,309.66
9325,2023-11-05,London-01,Cables,5,14.14
9326,2023-09-10,Tokyo-04,Phone,9,729.57
9327,2023-02-03,UNKNOWN,Mouse,5,27.95
9328,2023-06-10,Tokyo-04,Phone,1,709.34
9329,2023-04-26,London-01,Keyboard,4,92.7
9330,2023-12-25,Berlin-03,Laptop,2,1225.81
9331,2023-10-09,Berlin-03,Mouse,5,22.3
9332,2023-11-26,Tokyo-04,Mouse,3,24.3
9333,2023-08-12,Paris-05,Phone,8,861.55
9334,2023-08-29,London-01,Laptop,9,1085.28
9335,2023-09-07,NYC-02,Phone,7,748.16
9336,2023-11-26,London-01,Keyboard,1,111.99
9337,2023-11-14,Paris-05,Phone,1,726.24
9338,2023-08-22,NYC-02,Cables,5,13.2
9339,2023-05-30,Tokyo-04,TV,6,1697.26
9340,2023-11-23,Tokyo-04,Cables,9,13.14
9341,2023-11-06,London-01,TV,4,1541.78
9342,2023-03-28,Berlin-03,Phone,6,812.86
9343,2023-08-07,London-01,Cables,6,16.25
9344,2023-06-20,Tokyo-04,Cables,6,14.95
9345,2023-04-14,Paris-05,Laptop,3,1295.0
9346,2023-03-16,NYC-02,Cables,5,14.47
9347,2023-10-20,Berlin-03,Monitor,8,276.52
9348,2023-04-23,Paris-05,Mouse,4,25.89
9349,2023-06-28,London-01,Mouse,4,24.26
9350,2023-01-25,NYC-02,Keyboard,1,104.85
9351,2023-09-25,Berlin-03,Mouse,8,27.89
9352,2023-04-09,London-01,Keyboard,3,105.38
9353,2023-01-20,Tokyo-04,Mouse,6,24.97
9354,2023-10-01,London-01,Monitor,3,299.98
9355,2023-08-19,London-01,Laptop,5,1231.57
9356,2023-02-22,NYC-02,Keyboard,2,91.41
9357,2023-02-07,NYC-02,Mouse,7,21.6
9358,2023-12-29,Tokyo-04,Laptop,4,1363.13
9359,2023-12-15,Tokyo-04,Keyboard,1,105.72
9360,2023-11-21,Berlin-03,Laptop,1,1202.31
9361,2023-09-13,Tokyo-04,Mouse,1,23.33
9362,2023-07-21,Paris-05,Cables,7,15.53
9363,2023-04-27,Berlin-03,Mouse,2,23.59
9364,2023-05-23,Berlin-03,Mouse,6,28.06
9365,2023-09-20,Tokyo-04,TV,4,1511.16
9366,2023-01-25,Berlin-03,TV,3,1290.1
9367,2023-08-26,Tokyo-04,Laptop,7,1093.62
9368,2023-04-03,NYC-02,TV,3,1692.6
9369,2023-03-23,Tokyo-04,Cables,8,15.51
9370,2023-04-16,NYC-02,Phone,2,827.75
9371,2023-05-10,NYC-02,Mouse,7,22.58
9372,2023-03-14,London-01,Laptop,5,0.0
9373,2023-11-08,NYC-02,Mouse,6,23.91
9374,2023-09-20,Paris-05,Keyboard,9,96.7
9375,2023-07-24,NYC-02,Keyboard,2,89.68
9376,2023-10-01,London-01,Cables,1,16.21
9377,2023-10-13,Berlin-03,Cables,3,16.79
9378,2023-05-10,Berlin-03,TV,2,1626.69
9379,2023-04-19,NYC-02,Monitor,5,285.81
9380,2023-09-06,NYC-02,Laptop,2,1153.02
9381,2023-10-10,Berlin-03,Monitor,6,296.5
9382,2023-07-23,Paris-05,Monitor,6,299.7
9383,2023-07-07,Paris-05,Phone,9,744.39
9384,2023-09-29,Berlin-03,Cables,8,0.0
9385,2023-07-06,Tokyo-04,Cables,4,15.77
9386,2023-01-09,Tokyo-04,Keyboard,7,89.74
9387,2023-02-21,Berlin-03,Cables,4,14.48
9388,2023-07-06,Paris-05,Monitor,2,289.89
9389,2023-03-25,Berlin-03,Keyboard,3,97.17
9390,2023-03-10,Berlin-03,Mouse,5,24.4
9391,2023-06-30,Paris-05,TV,5,1712.13
9392,2023-03-07,Berlin-03,TV,6,1341.93
9393,2023-10-03,NYC-02,TV,3,1621.91
9394,2023-06-27,NYC-02,Cables,1,13.19
9395,2023-07-05,London-01,Laptop,1,1281.93
9396,2023-12-25,NYC-02,TV,7,1572.32
9397,2023-02-23,NYC-02,Laptop,6,1319.37
9398,2023-03-13,Paris-05,TV,5,1620.33
9399,2023-03-14,Paris-05,Phone,3,700.21
9400,2023-01-03,Berlin-03,Cables,4,16.75
9401,2023-12-14,Tokyo-04,Cables,4,15.56
9402,2023-08-23,NYC-02,Keyboard,9,93.89
9403,2023-01-24,Tokyo-04,Cables,4,14.09
9404,2023-12-18,Tokyo-04,Monitor,4,265.94
9405,2023-10-03,NYC-02,Keyboard,7,110.52
9406,2023-12-14,NYC-02,Monitor,2,301.58
9407,2023-02-07,Tokyo-04,Laptop,8,1067.79
9408,2023-03-18,Paris-05,Phone,2,729.35
9409,2023-08-30,Paris-05,Laptop,3,1240.84
9410,2023-09-01,Berlin-03,Laptop,8,1288.15
9411,2023-05-26,London-01,Cables,9,15.33
9412,2023-07-12,Berlin-03,Monitor,2,315.51
9413,2023-07-16,London-01,Monitor,5,270.01
9414,2023-08-05,Tokyo-04,Cables,4,13.42
9415,2023-08-11,NYC-02,Monitor,5,281.7
9416,2023-11-22,Tokyo-04,Mouse,3,27.06
9417,2023-01-08,NYC-02,Laptop,6,1039.72
9418,2023-01-22,NYC-02,Monitor,1,277.37
9419,2023-01-24,Berlin-03,Monitor,7,338.14
9420,2023-07-29,Paris-05,Monitor,7,313.21
9421,2023-08-13,Paris-05,Keyboard,4,95.4
9422,2023-09-20,NYC-02,Keyboard,6,89.46
9423,2023-12-31,Tokyo-04,Mouse,2,23.43
9424,2023-01-03,Tokyo-04,Phone,7,762.39
9425,2023-02-23,Paris-05,TV,7,1388.36
9426,2023-07-04,Tokyo-04,Mouse,4,28.62
9427,2023-12-07,London-01,Monitor,2,328.96
9428,2023-12-22,London-01,Cables,9,13.56
9429,2023-09-19,Berlin-03,TV,8,1520.1
9430,2023-11-12,NYC-02,Monitor,9,291.01
9431,2023-03-30,Paris-05,Keyboard,3,100.17
9432,2023-11-30,NYC-02,Mouse,9,21.58
9433,2023-04-15,Tokyo-04,Cables,3,16.96
9434,2023-03-09,London-01,Phone,8,819.11
9435,2023-08-31,Berlin-03,Keyboard,3,86.49
9436,2023-11-15,Tokyo-04,Keyboard,8,112.11
9437,2023-10-12,London-01,Laptop,6,1169.59
9438,2023-01-29,London-01,Phone,7,887.39
9439,2023-03-05,Paris-05,TV,5,1697.41
9440,2023-01-06,Paris-05,Cables,8,15.82
9441,2023-06-17,London-01,Monitor,6,270.34
9442,2023-03-17,London-01,Mouse,5,28.1
9443,2023-09-06,NYC-02,Keyboard,4,104.98
9444,2023-05-04,NYC-02,Phone,8,832.15
9445,2023-01-21,Berlin-03,Monitor,4,296.59
9446,2023-09-22,NYC-02,Monitor,3,260.41
9447,2023-11-13,London-01,Keyboard,8,110.32
9448,2023-08-28,Berlin-03,Laptop,9,1028.21
9449,2023-07-29,Berlin-03,Mouse,5,27.99
9450,2023-09-04,London-01,Mouse,9,27.24
9451,2023-08-21,Paris-05,Monitor,4,304.14
9452,2023-07-04,NYC-02,Phone,1,832.63
9453,2023-05-15,Berlin-03,Mouse,1,27.85
9454,2023-10-22,London-01,TV,4,1419.83
9455,2023-01-15,Berlin-03,TV,3,1560.0
9456,2023-04-28,Berlin-03,Phone,1,770.78
9457,2023-01-10,Berlin-03,Monitor,8,305.31
9458,2023-05-23,Paris-05,Cables,9,14.78
9459,2023-10-25,Paris-05,Laptop,3,1027.4
9460,2023-04-20,Paris-05,Keyboard,8,101.17
9461,2023-01-04,Tokyo-04,Mouse,3,24.73
9462,2023-08-31,Paris-05,Laptop,7,1075.11
9463,2023-09-28,Paris-05,Laptop,5,1154.5
9464,2023-06-10,Tokyo-04,Laptop,9,1125.94
9465,2023-06-01,NYC-02,Cables,8,15.14
9466,2023-05-31,NYC-02,Keyboard,4,88.1
9467,2023-10-06,NYC-02,Mouse,7,23.69
9468,2023-12-12,Tokyo-04,Cables,5,14.12
9469,2023-01-26,London-01,Laptop,8,1051.95
9470,2023-07-10,NYC-02,Phone,1,832.51
9471,2023-08-23,Berlin-03,Laptop,3,1170.01
9472,2023-07-05,Paris-05,Laptop,2,1117.25
9473,2023-12-25,NYC-02,TV,7,1690.46
9474,2023-06-08,NYC-02,Keyboard,7,112.35
9475,2023-07-25,London-01,Laptop,1,1057.82
9476,2023-11-20,Berlin-03,Monitor,5,298.26
9477,2023-06-18,Paris-05,Cables,8,16.17
9478,2023-09-26,London-01,Phone,5,910.6
9479,2023-08-20,NYC-02,Keyboard,6,103.03
9480,2023-11-21,Berlin-03,TV,3,1329.96
9481,2023-09-01,NYC-02,Keyboard,2,92.63
9482,2023-06-28,Berlin-03,Cables,4,14.85
9483,2023-01-29,Berlin-03,Laptop,4,1044.44
9484,2023-06-11,Berlin-03,Keyboard,4,90.31
9485,2023-01-19,London-01,Mouse,9,27.14
9486,2023-09-28,Berlin-03,Phone,8,731.11
9487,2023-03-22,London-01,Phone,8,793.58
9488,2023-05-15,Tokyo-04,TV,5,1466.11
9489,2023-05-22,NYC-02,TV,3,1485.57
9490,2023-10-31,Berlin-03,Monitor,3,324.8
9491,2023-10-09,London-01,Cables,8,12.82
9492,2023-06-01,Berlin-03,Laptop,4,1310.78
9493,2023-10-21,Paris-05,Phone,4,822.87
9494,2023-03-07,Tokyo-04,Monitor,9,299.48
9495,2023-10-12,London-01,Phone,7,795.33
9496,2023-12-31,NYC-02,Mouse,3,27.69
9497,2023-07-21,London-01,Monitor,3,264.46
9498,2023-01-02,Tokyo-04,Keyboard,7,88.87
9499,2023-01-28,Paris-05,Keyboard,5,88.62
9500,2023-06-17,Berlin-03,Monitor,9,283.39
9501,2023-02-27,Berlin-03,Phone,9,689.53
9502,2023-04-16,Berlin-03,Laptop,3,1127.18
9503,2023-05-24,Paris-05,Laptop,1,1341.55
9504,2023-10-15,Berlin-03,Mouse,1,27.57
9505,2023-05-25,Berlin-03,Monitor,4,340.14
9506,2023-05-22,Paris-05,Keyboard,9,108.05
9507,2023-04-22,Tokyo-04,Mouse,8,28.66
9508,2023-05-24,Tokyo-04,Laptop,5,1111.89
9509,2023-02-10,Berlin-03,Keyboard,9,111.86
9510,2023-04-28,Tokyo-04,Phone,8,693.52
9511,2023-04-23,London-01,Keyboard,7,94.22
9512,2023-06-15,Tokyo-04,Cables,6,13.67
9513,2023-04-22,Paris-05,TV,3,1463.12
9514,2023-01-24,Paris-05,Monitor,7,313.34
9515,2023-04-11,Paris-05,Cables,9,16.19
9516,2023-11-27,Paris-05,Mouse,2,23.03
9517,2023-11-21,NYC-02,Phone,1,882.57
9518,2023-11-27,Berlin-03,Phone,4,702.35
9519,2023-10-08,NYC-02,Phone,6,918.54
9520,2023-02-19,Paris-05,Monitor,1,343.06
9521,2023-01-18,Berlin-03,Keyboard,8,112.2
9522,2023-05-16,NYC-02,Keyboard,7,98.61
9523,2023-07-17,London-01,Keyboard,5,88.58
9524,2023-07-27,UNKNOWN,Keyboard,1,110.67
9525,2023-06-16,London-01,Cables,6,12.99
9526,2023-11-19,Berlin-03,Keyboard,3,99.93
9527,2023-09-21,Berlin-03,Laptop,5,1111.98
9528,2023-03-21,Paris-05,Monitor,6,318.88
9529,2023-03-25,NYC-02,Laptop,2,1198.19
9530,2023-04-30,London-01,Mouse,3,24.99
9531,2023-09-27,Paris-05,TV,3,1577.59
9532,2023-08-28,Paris-05,TV,5,1321.81
9533,2023-10-14,Paris-05,Phone,3,778.33
9534,2023-04-27,Tokyo-04,Cables,5,16.32
9535,2023-12-30,NYC-02,Cables,3,14.66
9536,2023-11-05,NYC-02,Cables,1,13.48
9537,2023-01-29,Paris-05,Monitor,5,319.22
9538,2023-06-13,Tokyo-04,Phone,3,837.63
9539,2023-11-08,Paris-05,Phone,6,691.25
9540,2023-07-16,Tokyo-04,Mouse,2,25.14
9541,2023-08-26,Paris-05,Monitor,4,268.8
9542,2023-04-07,NYC-02,Phone,6,915.27
9543,2023-12-01,Paris-05,Keyboard,9,86.25
9544,2023-02-17,Paris-05,Keyboard,2,98.11
9545,2023-06-30,NYC-02,Monitor,2,342.11
9546,2023-09-10,Berlin-03,Mouse,7,25.69
9547,2023-09-09,NYC-02,Mouse,4,25.7
9548,2023-10-08,London-01,Laptop,4,1333.46
9549,2023-02-14,Tokyo-04,Laptop,6,1205.48
9550,2023-11-15,Tokyo-04,Cables,9,14.67
9551,2023-12-13,Berlin-03,Cables,6,16.56
9552,2023-09-26,London-01,Monitor,1,301.53
9553,2023-05-17,Berlin-03,Phone,6,835.13
9554,2023-05-28,Tokyo-04,Mouse,7,27.2
9555,2023-02-25,NYC-02,TV,9,1320.85
9556,2023-04-25,London-01,Mouse,3,23.33
9557,2023-01-29,London-01,Monitor,7,271.75
9558,2023-12-26,Paris-05,TV,3,1477.93
9559,2023-07-25,Berlin-03,Mouse,8,27.39
9560,2023-04-02,Paris-05,Keyboard,6,90.73
9561,2023-03-27,London-01,Phone,1,860.9
9562,2023-05-20,London-01,Phone,9,0.0
9563,2023-04-17,London-01,Laptop,8,1311.23
9564,2023-03-07,Tokyo-04,Keyboard,4,96.73
9565,2023-12-23,NYC-02,TV,1,1322.49
9566,2023-01-08,NYC-02,TV,8,1484.9
9567,2023-03-24,Paris-05,Laptop,3,1321.13
9568,2023-03-30,London-01,Mouse,3,27.43
9569,2023-03-24,Paris-05,Phone,9,811.9
9570,2023-10-26,Berlin-03,Cables,7,14.5
9571,2023-07-22,London-01,Mouse,9,24.64
9572,2023-11-20,Tokyo-04,Cables,7,16.49
9573,2023-02-01,NYC-02,Monitor,3,279.3
9574,2023-11-20,Tokyo-04,Mouse,5,25.43
9575,2023-10-15,Berlin-03,Phone,6,854.97
9576,2023-11-08,London-01,Phone,5,770.6
9577,2023-11-09,NYC-02,TV,6,1435.46
9578,2023-05-07,Paris-05,Laptop,2,1373.11
9579,2023-08-17,NYC-02,Keyboard,6,101.9
9580,2023-03-09,Tokyo-04,Monitor,5,323.31
9581,2023-12-06,London-01,TV,3,1609.89
9582,2023-11-24,Tokyo-04,Keyboard,1,105.4
9583,2023-03-02,London-01,TV,4,1619.94
9584,2023-02-11,Berlin-03,Keyboard,3,88.82
9585,2023-06-04,NYC-02,Mouse,8,26.3
9586,2023-02-16,Berlin-03,Laptop,2,1269.41
9587,2023-02-13,Tokyo-04,Phone,6,708.79
9588,2023-10-02,Tokyo-04,Monitor,9,274.71
9589,2023-11-29,Tokyo-04,Keyboard,1,108.79
9590,2023-04-22,Tokyo-04,Laptop,2,1338.59
9591,2023-01-22,Tokyo-04,Mouse,5,21.64
9592,2023-02-01,NYC-02,TV,4,1429.27
9593,2023-06-10,London-01,Cables,2,16.8
9594,2023-06-19,Tokyo-04,Cables,9,15.81
9595,2023-06-18,Berlin-03,Monitor,2,309.99
9596,2023-02-18,Paris-05,TV,1,1612.46
9597,2023-08-09,Paris-05,Cables,4,13.58
9598,2023-05-25,Berlin-03,Monitor,6,331.15
9599,2023-07-19,Berlin-03,Monitor,8,307.9
9600,2023-05-04,NYC-02,Laptop,2,1347.19
9601,2023-04-08,Tokyo-04,Keyboard,5,91.52
9602,2023-05-09,Paris-05,Monitor,3,305.6
9603,2023-05-22,Berlin-03,Phone,7,911.19
9604,2023-10-31,NYC-02,Keyboard,3,106.36
9605,2023-03-07,NYC-02,Keyboard,1,89.78
9606,2023-11-05,Paris-05,Mouse,1,26.56
9607,2023-06-08,Tokyo-04,Monitor,8,265.58
9608,2023-10-04,Berlin-03,Monitor,1,302.0
9609,2023-06-29,Berlin-03,Monitor,8,265.35
9610,2023-11-22,Berlin-03,Mouse,5,23.79
9611,2023-05-05,NYC-02,TV,2,1476.04
9612,2023-05-10,Berlin-03,Laptop,3,1171.12
9613,2023-10-12,NYC-02,Cables,3,16.55
9614,2023-08-17,NYC-02,Keyboard,1,106.49
9615,2023-10-11,London-01,Laptop,3,1208.07
9616,2023-06-15,Paris-05,Phone,2,797.05
9617,2023-08-04,Tokyo-04,Monitor,3,282.51
9618,2023-01-26,Tokyo-04,Mouse,6,25.38
9619,2023-05-15,Berlin-03,Keyboard,1,114.07
9620,2023-10-04,London-01,Phone,5,812.38
9621,2023-03-01,Berlin-03,Mouse,3,26.56
9622,2023-07-23,Berlin-03,Cables,9,16.48
9623,2023-03-14,Paris-05,Mouse,3,24.37
9624,2023-05-16,Tokyo-04,Laptop,5,1349.67
9625,2023-06-21,Berlin-03,Phone,5,824.91
9626,2023-02-23,NYC-02,Laptop,1,1099.33
9627,2023-07-11,Paris-05,Mouse,9,27.01
9628,2023-02-20,NYC-02,Mouse,3,27.67
9629,2023-04-10,NYC-02,TV,8,1562.56
9630,2023-01-26,Berlin-03,TV,9,1629.73
9631,2023-11-26,Paris-05,Monitor,9,336.53
9632,2023-01-04,NYC-02,Laptop,5,1326.07
9633,2023-09-06,Paris-05,Laptop,8,1246.22
9634,2023-05-23,Berlin-03,Phone,5,691.45
9635,2023-09-03,Tokyo-04,Mouse,2,27.54
9636,2023-10-04,London-01,Monitor,1,301.75
9637,2023-04-30,London-01,Phone,4,875.54
9638,2023-10-16,Berlin-03,Mouse,9,24.73
9639,2023-03-26,Tokyo-04,Keyboard,9,113.8
9640,2023-05-24,UNKNOWN,Monitor,5,292.68
9641,2023-02-19,Paris-05,Monitor,9,316.49
9642,2023-06-04,Berlin-03,TV,5,1309.15
9643,2023-02-28,Berlin-03,Monitor,2,256.16
9644,2023-04-12,NYC-02,Mouse,7,24.42
9645,2023-11-16,Berlin-03,Keyboard,1,104.04
9646,2023-01-16,London-01,Cables,7,13.14
9647,2023-02-25,Berlin-03,Phone,6,721.16
9648,2023-05-24,Tokyo-04,Cables,5,14.02
9649,2023-05-17,Tokyo-04,Mouse,7,22.46
9650,2023-12-06,NYC-02,TV,5,1283.81
9651,2023-07-19,Tokyo-04,Laptop,9,1068.46
9652,2023-04-03,Paris-05,Phone,4,760.64
9653,2023-08-05,Berlin-03,Laptop,1,1233.11
9654,2023-12-01,London-01,Monitor,6,265.25
9655,2023-07-12,Tokyo-04,Phone,2,703.27
9656,2023-01-10,Berlin-03,Phone,9,682.71
9657,2023-01-14,NYC-02,Mouse,4,23.67
9658,2023-07-28,Paris-05,Laptop,7,1083.08
9659,2023-08-15,Berlin-03,Laptop,6,1255.23
9660,2023-01-29,London-01,Laptop,2,1171.67
9661,2023-11-05,Paris-05,Laptop,7,1104.56
9662,2023-10-13,NYC-02,Phone,7,820.2
9663,2023-03-12,London-01,Laptop,2,1254.64
9664,2023-08-30,London-01,TV,7,1718.49
9665,2023-11-06,Paris-05,Phone,3,780.3
9666,2023-10-19,Tokyo-04,Mouse,4,28.19
9667,2023-07-18,Tokyo-04,TV,7,1314.37
9668,2023-08-29,London-01,TV,9,1566.98
9669,2023-10-22,Berlin-03,Cables,3,16.55
9670,2023-03-20,Tokyo-04,Mouse,3,27.88
9671,2023-11-22,Berlin-03,TV,7,1435.84
9672,2023-09-04,Tokyo-04,Keyboard,7,114.19
9673,2023-01-28,Berlin-03,Keyboard,6,110.73
9674,2023-11-23,NYC-02,Mouse,2,26.61
9675,2023-09-14,Berlin-03,Cables,7,15.8
9676,2023-06-27,Paris-05,Phone,6,886.85
9677,2023-12-02,Paris-05,Phone,5,919.09
9678,2023-12-04,London-01,Mouse,8,22.93
9679,2023-07-01,Tokyo-04,Phone,4,884.06
9680,2023-01-21,Berlin-03,Phone,1,889.96
9681,2023-02-04,Tokyo-04,Mouse,9,28.65
9682,2023-05-22,Paris-05,Keyboard,7,91.71
9683,2023-09-09,NYC-02,Laptop,5,1081.16
9684,2023-01-12,NYC-02,Monitor,2,286.33
9685,2023-08-14,Berlin-03,Phone,5,783.31
9686,2023-03-23,London-01,Keyboard,2,86.89
9687,2023-07-01,Berlin-03,Monitor,3,261.91
9688,2023-03-05,NYC-02,Monitor,5,296.54
9689,2023-10-10,Tokyo-04,Phone,8,770.29
9690,2023-08-08,Paris-05,TV,2,1694.26
9691,2023-08-18,NYC-02,Cables,3,15.63
9692,2023-12-05,NYC-02,Cables,6,15.35
9693,2023-02-10,Tokyo-04,Cables,2,15.91
9694,2023-10-24,Tokyo-04,Laptop,1,1301.72
9695,2023-03-20,NYC-02,Monitor,9,299.29
9696,2023-02-15,NYC-02,Cables,8,14.8
9697,2023-08-01,Paris-05,Mouse,8,27.56
9698,2023-11-09,NYC-02,Laptop,2,1265.35
9699,2023-09-20,London-01,Cables,7,14.72
9700,2023-04-07,London-01,Keyboard,4,85.36
9701,2023-07-20,NYC-02,Phone,1,874.53
9702,2023-09-11,Berlin-03,Keyboard,9,107.25
9703,2023-12-27,NYC-02,Cables,7,17.25
9704,2023-10-06,London-01,Mouse,7,25.34
9705,2023-06-23,NYC-02,Mouse,2,26.06
9706,2023-10-11,Berlin-03,Mouse,5,22.6
9707,2023-04-18,London-01,Cables,6,13.91
9708,2023-03-06,Berlin-03,Monitor,8,259.89
9709,2023-01-15,Tokyo-04,Phone,3,827.88
9710,2023-11-10,London-01,Keyboard,1,98.16
9711,2023-12-08,London-01,Cables,5,13.85
9712,2023-12-20,London-01,TV,3,1606.31
9713,2023-01-04,Paris-05,Mouse,4,27.48
9714,2023-07-06,Berlin-03,Cables,5,14.3
9715,2023-12-27,London-01,Laptop,8,1092.95
9716,2023-03-09,London-01,TV,7,1523.1
9717,2023-01-06,Berlin-03,Phone,6,770.6
9718,2023-11-22,Tokyo-04,Phone,2,761.94
9719,2023-12-12,Paris-05,Keyboard,2,111.75
9720,2023-07-13,London-01,Keyboard,3,86.46
9721,2023-06-20,Berlin-03,Monitor,2,278.34
9722,2023-07-07,Tokyo-04,Monitor,4,329.82
9723,2023-08-17,Tokyo-04,Laptop,1,1250.81
9724,2023-08-28,London-01,Phone,6,863.32
9725,2023-03-20,NYC-02,Laptop,7,1358.05
9726,2023-07-03,London-01,Keyboard,1,86.54
9727,2023-02-15,Paris-05,Laptop,1,1118.79
9728,2023-09-02,NYC-02,Mouse,5,24.83
9729,2023-07-02,Paris-05,Keyboard,4,95.9
9730,2023-01-23,Paris-05,Mouse,7,22.25
9731,2023-09-21,NYC-02,TV,7,1349.01
9732,2023-10-08,London-01,Laptop,9,1233.82
9733,2023-09-12,Paris-05,TV,9,1360.76
9734,2023-07-06,NYC-02,Laptop,7,1242.06
9735,2023-06-21,Paris-05,TV,9,1486.63
9736,2023-10-19,Tokyo-04,TV,7,1693.49
9737,2023-10-14,Tokyo-04,TV,5,1714.46
9738,2023-07-26,Tokyo-04,TV,8,1478.75
9739,2023-10-03,Tokyo-04,Laptop,7,1057.65
9740,2023-10-24,Berlin-03,Mouse,2,23.37
9741,2023-10-13,Paris-05,Mouse,7,25.96
9742,2023-07-21,Berlin-03,Monitor,6,339.83
9743,2023-12-21,Paris-05,Mouse,3,21.93
9744,2023-08-23,NYC-02,Phone,1,710.65
9745,2023-09-23,Tokyo-04,Monitor,6,326.7
9746,2023-07-10,Berlin-03,Keyboard,6,86.49
9747,2023-10-10,Berlin-03,Keyboard,6,106.89
9748,2023-06-06,Tokyo-04,Mouse,7,22.73
9749,2023-12-16,London-01,Monitor,5,284.73
9750,2023-08-29,London-01,Keyboard,6,98.13
9751,2023-06-20,London-01,Phone,8,702.15
9752,2023-11-04,NYC-02,TV,8,1299.39
9753,2023-10-29,UNKNOWN,Monitor,4,326.31
9754,2023-04-23,London-01,Keyboard,7,96.15
9755,2023-02-04,Tokyo-04,Cables,2,14.0
9756,2023-07-04,Tokyo-04,Phone,6,918.28
9757,2023-05-09,NYC-02,Mouse,4,26.17
9758,2023-12-30,NYC-02,Keyboard,2,95.93
9759,2023-11-11,NYC-02,Laptop,7,1058.06
9760,2023-08-16,Berlin-03,TV,9,1344.18
9761,2023-08-15,NYC-02,Cables,1,16.63
9762,2023-12-22,Tokyo-04,Monitor,6,341.27
9763,2023-10-20,Berlin-03,Monitor,1,275.24
9764,2023-10-08,Berlin-03,TV,4,1378.0
9765,2023-09-03,Paris-05,Phone,4,716.44
9766,2023-08-23,NYC-02,Laptop,2,1080.54
9767,2023-11-27,Berlin-03,Phone,2,768.14
9768,2023-07-24,Paris-05,Mouse,8,27.97
9769,2023-08-27,Tokyo-04,Phone,9,812.17
9770,2023-11-07,NYC-02,Monitor,5,339.09
9771,2023-04-04,Tokyo-04,Mouse,2,21.32
9772,2023-07-04,NYC-02,Monitor,4,289.81
9773,2023-01-13,Tokyo-04,Phone,4,908.95
9774,2023-10-24,Berlin-03,Phone,7,695.23
9775,2023-08-01,NYC-02,Laptop,9,1050.02
9776,2023-04-17,NYC-02,Laptop,9,1284.69
9777,2023-11-09,Tokyo-04,Keyboard,7,87.78
9778,2023-06-29,Tokyo-04,TV,9,1624.42
9779,2023-11-23,Tokyo-04,Mouse,4,22.36
9780,2023-10-22,Paris-05,Phone,4,871.15
9781,2023-01-21,NYC-02,TV,2,1373.62
9782,2023-01-12,NYC-02,Cables,9,14.96
9783,2023-12-13,Paris-05,Monitor,8,300.98
9784,2023-10-12,Berlin-03,TV,7,1538.56
9785,2023-12-15,Berlin-03,TV,1,1366.14
9786,2023-08-02,Paris-05,Cables,2,0.0
9787,2023-05-04,Berlin-03,Keyboard,5,103.56
9788,2023-08-14,Paris-05,Phone,9,838.21
9789,2023-03-28,Berlin-03,Mouse,6,27.21
9790,2023-12-13,Paris-05,Phone,3,682.76
9791,2023-07-08,Berlin-03,Phone,6,720.77
9792,2023-02-15,Paris-05,Monitor,9,264.58
9793,2023-10-10,NYC-02,Phone,6,834.99
9794,2023-11-16,NYC-02,TV,6,1589.82
9795,2023-10-27,Tokyo-04,Phone,8,707.15
9796,2023-03-02,London-01,Phone,8,860.68
9797,2023-01-07,Berlin-03,Monitor,7,326.86
9798,2023-06-29,Tokyo-04,Phone,1,840.74
9799,2023-12-02,NYC-02,Monitor,5,320.24
9800,2023-10-31,London-01,Phone,3,723.41
9801,2023-05-22,Tokyo-04,TV,1,1704.17
9802,2023-11-26,Berlin-03,TV,1,1425.25
9803,2023-10-30,Tokyo-04,TV,6,1723.29
9804,2023-04-17,Tokyo-04,Monitor,3,291.75
9805,2023-02-20,Berlin-03,Monitor,2,307.74
9806,2023-06-17,NYC-02,Monitor,1,280.86
9807,2023-12-12,Tokyo-04,Laptop,6,1312.66
9808,2023-05-14,Tokyo-04,Keyboard,5,112.02
9809,2023-08-30,Tokyo-04,Monitor,9,315.08
9810,2023-05-20,London-01,Mouse,4,21.33
9811,2023-11-26,London-01,Laptop,5,1175.11
9812,2023-03-24,London-01,Laptop,9,1335.42
9813,2023-03-09,NYC-02,TV,3,1394.22
9814,2023-05-21,NYC-02,TV,9,1538.68
9815,2023-05-25,London-01,Phone,7,758.11
9816,2023-05-16,Berlin-03,Mouse,1,26.7
9817,2023-06-28,Berlin-03,Monitor,7,326.42
9818,2023-04-04,Paris-05,Mouse,2,27.8
9819,2023-01-24,Paris-05,Phone,8,825.03
9820,2023-12-16,Tokyo-04,Monitor,9,307.38
9821,2023-11-02,NYC-02,Phone,9,727.17
9822,2023-11-07,Berlin-03,Phone,6,814.55
9823,2023-05-19,Berlin-03,Laptop,9,1034.29
9824,2023-10-03,Paris-05,Mouse,1,24.13
9825,2023-02-17,London-01,Keyboard,7,97.11
9826,2023-10-15,Berlin-03,Monitor,5,342.52
9827,2023-08-29,Tokyo-04,Laptop,2,1100.72
9828,2023-05-13,Paris-05,Monitor,5,343.53
9829,2023-04-02,Tokyo-04,TV,2,1320.22
9830,2023-11-29,Paris-05,Cables,9,17.19
9831,2023-04-10,Paris-05,TV,8,1665.5
9832,2023-02-08,NYC-02,Phone,6,816.94
9833,2023-05-24,Berlin-03,TV,7,1275.23
9834,2023-10-02,Berlin-03,Laptop,7,1144.05
9835,2023-04-04,London-01,Keyboard,7,103.19
9836,2023-10-11,Tokyo-04,Phone,2,714.5
9837,2023-03-11,London-01,Phone,2,727.31
9838,2023-12-18,Berlin-03,Laptop,3,1171.07
9839,2023-09-22,Paris-05,Mouse,2,24.67
9840,2023-05-19,NYC-02,Laptop,2,1197.44
9841,2023-07-01,Paris-05,Cables,4,14.13
9842,2023-10-26,London-01,TV,8,1697.4
9843,2023-09-26,London-01,TV,4,1674.27
9844,2023-03-09,Tokyo-04,Mouse,8,28.44
9845,2023-11-22,Paris-05,TV,8,1529.72
9846,2023-10-10,Berlin-03,Phone,7,748.08
9847,2023-07-20,Paris-05,TV,7,1617.64
9848,2023-08-08,NYC-02,Cables,7,14.22
9849,2023-08-16,NYC-02,TV,6,1330.85
9850,2023-12-24,London-01,Monitor,9,291.35
9851,2023-04-30,Tokyo-04,TV,6,1542.12
9852,2023-05-27,Paris-05,Mouse,6,22.91
9853,2023-11-06,NYC-02,Keyboard,7,0.0
9854,2023-09-24,Berlin-03,Mouse,7,26.71
9855,2023-06-02,Berlin-03,Keyboard,9,103.6
9856,2023-07-02,NYC-02,Mouse,6,24.69
9857,2023-03-17,London-01,Keyboard,7,109.53
9858,2023-11-19,Tokyo-04,TV,1,1430.38
9859,2023-05-14,NYC-02,Cables,6,14.71
9860,2023-09-26,Berlin-03,Cables,6,15.07
9861,2023-03-21,Paris-05,TV,9,1493.04
9862,2023-01-07,Berlin-03,Monitor,6,282.3
9863,2023-02-19,London-01,Laptop,3,1188.99
9864,2023-07-19,Tokyo-04,Mouse,1,22.53
9865,2023-06-04,Tokyo-04,Cables,1,16.23
9866,2023-01-28,Tokyo-04,Cables,9,14.01
9867,2023-03-07,London-01,TV,1,1467.57
9868,2023-02-20,Paris-05,Monitor,6,292.37
9869,2023-04-30,Paris-05,Keyboard,3,97.45
9870,2023-07-06,Paris-05,Monitor,4,300.67
9871,2023-05-21,London-01,TV,5,1487.06
9872,2023-09-02,Berlin-03,Cables,1,13.04
9873,2023-06-02,NYC-02,Monitor,9,275.59
9874,2023-06-08,Paris-05,Cables,7,15.76
9875,2023-03-06,Berlin-03,TV,1,1597.76
9876,2023-09-05,Paris-05,TV,9,1352.72
9877,2023-12-22,London-01,Mouse,8,23.39
9878,2023-03-08,London-01,Cables,8,17.22
9879,2023-03-03,NYC-02,Keyboard,4,94.95
9880,2023-09-09,Tokyo-04,Keyboard,5,88.6
9881,2023-01-01,Paris-05,Phone,9,888.23
9882,2023-09-27,London-01,Cables,4,15.07
9883,2023-12-27,London-01,Cables,4,15.2
9884,2023-01-01,London-01,Keyboard,3,94.86
9885,2023-08-25,Berlin-03,Laptop,2,1317.1
9886,2023-11-10,Tokyo-04,Laptop,7,1315.81
9887,2023-04-28,NYC-02,Monitor,9,315.35
9888,2023-02-25,Paris-05,Mouse,6,23.59
9889,2023-11-01,Berlin-03,Monitor,4,285.48
9890,2023-02-28,NYC-02,Phone,6,843.77
9891,2023-02-09,Berlin-03,Cables,4,13.21
9892,2023-04-18,London-01,TV,1,1385.76
9893,2023-02-12,Paris-05,Monitor,5,306.28
9894,2023-07-08,NYC-02,Laptop,6,1110.76
9895,2023-10-10,NYC-02,Mouse,2,26.47
9896,2023-10-30,Tokyo-04,Phone,2,795.21
9897,2023-06-24,Berlin-03,Keyboard,4,113.09
9898,2023-08-28,Tokyo-04,TV,3,1306.3
9899,2023-04-22,Tokyo-04,Cables,7,13.82
9900,2023-01-03,NYC-02,Keyboard,3,103.32
9901,2023-05-28,Berlin-03,Cables,6,16.53
9902,2023-04-06,NYC-02,Cables,8,15.46
9903,2023-06-09,NYC-02,Monitor,5,326.27
9904,2023-09-17,London-01,Mouse,3,24.18
9905,2023-04-03,Berlin-03,Phone,6,712.56
9906,2023-07-15,Paris-05,Laptop,2,1141.86
9907,2023-07-28,Berlin-03,TV,4,1705.24
9908,2023-07-17,Tokyo-04,Monitor,7,274.78
9909,2023-02-07,Berlin-03,Phone,1,740.91
9910,2023-06-06,NYC-02,Cables,3,13.4
9911,2023-06-22,London-01,Phone,7,742.16
9912,2023-09-14,London-01,Cables,5,16.37
9913,2023-08-29,Tokyo-04,Laptop,3,1346.26
9914,2023-08-28,Berlin-03,Mouse,7,23.63
9915,2023-06-17,Berlin-03,Keyboard,6,104.27
9916,2023-10-02,Paris-05,Mouse,5,24.83
9917,2023-06-02,Paris-05,Keyboard,4,91.8
9918,2023-06-24,NYC-02,Mouse,5,21.52
9919,2023-10-09,UNKNOWN,Phone,1,903.5
9920,2023-08-04,London-01,Phone,5,845.67
9921,2023-10-22,Tokyo-04,Laptop,4,1252.2
9922,2023-11-27,London-01,Keyboard,1,86.57
9923,2023-06-05,Tokyo-04,Keyboard,8,91.36
9924,2023-01-08,London-01,Keyboard,2,110.49
9925,2023-03-13,Paris-05,Phone,6,812.3
9926,2023-07-26,London-01,Monitor,7,316.38
9927,2023-05-01,NYC-02,TV,9,1284.78
9928,2023-03-13,NYC-02,Cables,3,13.14
9929,2023-05-16,Berlin-03,Cables,1,14.89
9930,2023-08-09,Tokyo-04,Laptop,5,1043.24
9931,2023-09-12,Tokyo-04,Phone,5,723.66
9932,2023-02-26,London-01,Mouse,4,26.3
9933,2023-07-26,Tokyo-04,Cables,6,15.23
9934,2023-04-06,London-01,Cables,4,16.06
9935,2023-08-21,Berlin-03,Laptop,7,1367.57
9936,2023-09-09,Tokyo-04,Keyboard,1,111.64
9937,2023-08-12,Tokyo-04,Cables,6,14.14
9938,2023-09-11,Paris-05,Monitor,2,256.88
9939,2023-02-24,London-01,Laptop,3,1070.31
9940,2023-01-05,Tokyo-04,Keyboard,2,98.91
9941,2023-01-12,Paris-05,Cables,8,14.13
9942,2023-03-25,Paris-05,Phone,1,917.36
9943,2023-02-20,Berlin-03,Laptop,6,1113.99
9944,2023-01-22,NYC-02,Cables,4,14.2
9945,2023-02-04,Berlin-03,Mouse,7,27.4
9946,2023-09-03,Tokyo-04,Keyboard,7,106.46
9947,2023-05-01,Paris-05,Mouse,5,25.34
9948,2023-06-01,Berlin-03,Mouse,4,25.08
9949,2023-06-12,Berlin-03,Mouse,9,26.98
9950,2023-12-25,UNKNOWN,Laptop,8,1329.29
9951,2023-06-05,Berlin-03,Monitor,5,317.93
9952,2023-09-19,Berlin-03,Mouse,9,22.13
9953,2023-09-07,Tokyo-04,Mouse,7,23.48
9954,2023-08-25,NYC-02,Cables,8,13.66
9955,2023-01-21,London-01,Laptop,6,1367.47
9956,2023-12-18,Tokyo-04,Mouse,6,25.46
9957,2023-08-22,Paris-05,Mouse,8,24.41
9958,2023-09-20,Berlin-03,Mouse,7,22.25
9959,2023-04-06,Berlin-03,TV,9,1310.55
9960,2023-10-05,London-01,TV,9,1434.29
9961,2023-11-10,Berlin-03,Keyboard,9,97.66
9962,2023-04-14,Tokyo-04,Laptop,4,1085.03
9963,2023-08-25,Berlin-03,Cables,4,13.79
9964,2023-06-09,Berlin-03,Laptop,1,1327.54
9965,2023-09-14,Tokyo-04,Monitor,1,313.09
9966,2023-10-09,Paris-05,Keyboard,9,112.49
9967,2023-03-11,Berlin-03,Mouse,3,22.69
9968,2023-07-04,London-01,Phone,1,719.79
9969,2023-11-28,Berlin-03,Laptop,3,1358.41
9970,2023-10-30,Paris-05,Laptop,4,1253.27
9971,2023-02-13,NYC-02,Cables,2,12.8
9972,2023-04-30,London-01,Keyboard,1,112.97
9973,2023-09-30,Berlin-03,Cables,9,13.39
9974,2023-07-30,Paris-05,Keyboard,6,86.94
9975,2023-11-09,Berlin-03,TV,4,1680.02
9976,2023-09-19,London-01,Monitor,6,329.99
9977,2023-05-29,London-01,Phone,5,843.66
9978,2023-08-20,NYC-02,Monitor,6,282.62
9979,2023-02-12,Tokyo-04,Laptop,9,1138.7
9980,2023-01-13,Paris-05,Laptop,5,1093.95
9981,2023-02-17,Berlin-03,Cables,3,14.89
9982,2023-03-24,London-01,Mouse,4,24.87
9983,2023-01-07,Tokyo-04,Keyboard,8,97.27
9984,2023-02-12,NYC-02,TV,2,1451.85
9985,2023-06-15,Tokyo-04,Cables,1,15.92
9986,2023-01-21,London-01,Laptop,7,1247.05
9987,2023-07-29,Paris-05,TV,6,1711.26
9988,2023-03-24,Paris-05,TV,7,1503.93
9989,2023-01-02,Paris-05,Laptop,6,1257.26
9990,2023-10-01,Paris-05,Phone,8,916.31
9991,2023-08-02,Paris-05,Laptop,2,1233.2
9992,2023-05-12,NYC-02,Cables,4,13.19
9993,2023-05-05,Paris-05,Monitor,9,327.7
9994,2023-10-24,London-01,TV,5,1526.09
9995,2023-03-10,Tokyo-04,Keyboard,7,105.14
9996,2023-04-15,London-01,Mouse,8,26.67
9997,2023-05-22,NYC-02,Laptop,1,1288.15
9998,2023-08-04,London-01,TV,2,1413.41
9999,2023-10-24,London-01,Cables,5,16.01
